[
  {
    "value": "EE",
    "synonyms": [
      "electrical engineering",
      "EE"
    ]
  },
  {
    "value": "ECE",
    "synonyms": [
      "electronics and communication enginnering",
      "ECE",
      "EC"
    ]
  },
  {
    "value": "CSE",
    "synonyms": [
      "CSE",
      "cse",
      "computer science",
      "computer science and engineering"
    ]
  },
  {
    "value": "IT",
    "synonyms": [
      "information technology",
      "IT"
    ]
  },
  {
    "value": "CE",
    "synonyms": [
      "civil engineering",
      "CE"
    ]
  },
  {
    "value": "ME",
    "synonyms": [
      "mech",
      "mechanical engineering",
      "Mechanical",
      "ME"
    ]
  }
]