[
  {
    "value": "anuja",
    "synonyms": [
      "anuja"
    ]
  },
  {
    "value": "bhavana",
    "synonyms": [
      "bhavana"
    ]
  },
  {
    "value": "Radha Rani",
    "synonyms": [
      "Radha Rani"
    ]
  },
  {
    "value": "ananta",
    "synonyms": [
      "ananta"
    ]
  },
  {
    "value": "devi",
    "synonyms": [
      "devi"
    ]
  },
  {
    "value": "karlaye",
    "synonyms": [
      "karlaye"
    ]
  },
  {
    "value": "meera",
    "synonyms": [
      "meera"
    ]
  },
  {
    "value": "kajal",
    "synonyms": [
      "kajal"
    ]
  },
  {
    "value": "kanta",
    "synonyms": [
      "kanta"
    ]
  },
  {
    "value": "mridula",
    "synonyms": [
      "mridula"
    ]
  },
  {
    "value": "jyotsana",
    "synonyms": [
      "jyotsana",
      "jyotsna"
    ]
  },
  {
    "value": "karishma",
    "synonyms": [
      "karishma"
    ]
  },
  {
    "value": "Indira",
    "synonyms": [
      "Indira",
      "indra"
    ]
  },
  {
    "value": "kiran",
    "synonyms": [
      "kiran"
    ]
  },
  {
    "value": "roukmini",
    "synonyms": [
      "roukmini",
      "rukmini"
    ]
  },
  {
    "value": "soundary",
    "synonyms": [
      "soundary"
    ]
  },
  {
    "value": "rasa lila",
    "synonyms": [
      "rasa lila",
      "rasleela"
    ]
  },
  {
    "value": "shobha",
    "synonyms": [
      "shobha"
    ]
  },
  {
    "value": "rati",
    "synonyms": [
      "rati"
    ]
  },
  {
    "value": "roshan",
    "synonyms": [
      "roshan"
    ]
  },
  {
    "value": "upasana",
    "synonyms": [
      "upasana"
    ]
  },
  {
    "value": "brijesh",
    "synonyms": [
      "brijesh"
    ]
  },
  {
    "value": "buddha",
    "synonyms": [
      "buddha"
    ]
  },
  {
    "value": "uttara",
    "synonyms": [
      "uttara"
    ]
  },
  {
    "value": "adesh",
    "synonyms": [
      "adesh"
    ]
  },
  {
    "value": "youvathi",
    "synonyms": [
      "youvathi"
    ]
  },
  {
    "value": "ananden",
    "synonyms": [
      "ananden"
    ]
  },
  {
    "value": "chetan",
    "synonyms": [
      "chetan"
    ]
  },
  {
    "value": "karan",
    "synonyms": [
      "karan"
    ]
  },
  {
    "value": "mukul",
    "synonyms": [
      "mukul"
    ]
  },
  {
    "value": "girisha",
    "synonyms": [
      "girisha"
    ]
  },
  {
    "value": "kalidas",
    "synonyms": [
      "kalidas",
      "kalidasa"
    ]
  },
  {
    "value": "govind",
    "synonyms": [
      "govind"
    ]
  },
  {
    "value": "kadrivel",
    "synonyms": [
      "kadrivel"
    ]
  },
  {
    "value": "geevarghese",
    "synonyms": [
      "geevarghese"
    ]
  },
  {
    "value": "maninder",
    "synonyms": [
      "maninder"
    ]
  },
  {
    "value": "gopala",
    "synonyms": [
      "gopala"
    ]
  },
  {
    "value": "pankaja",
    "synonyms": [
      "pankaja"
    ]
  },
  {
    "value": "saholy",
    "synonyms": [
      "saholy"
    ]
  },
  {
    "value": "pouranin",
    "synonyms": [
      "pouranin"
    ]
  },
  {
    "value": "rishi",
    "synonyms": [
      "rishi"
    ]
  },
  {
    "value": "sachin",
    "synonyms": [
      "sachin"
    ]
  },
  {
    "value": "pajanivel",
    "synonyms": [
      "pajanivel"
    ]
  },
  {
    "value": "akshit",
    "synonyms": [
      "akshit"
    ]
  },
  {
    "value": "alik",
    "synonyms": [
      "alik"
    ]
  },
  {
    "value": "archit",
    "synonyms": [
      "archit"
    ]
  },
  {
    "value": "vivek",
    "synonyms": [
      "vivek"
    ]
  },
  {
    "value": "jay",
    "synonyms": [
      "jay"
    ]
  },
  {
    "value": "vinay kumar chandana",
    "synonyms": [
      "vinay kumar chandana"
    ]
  },
  {
    "value": "puneet",
    "synonyms": [
      "puneet"
    ]
  },
  {
    "value": "varuni",
    "synonyms": [
      "varuni"
    ]
  },
  {
    "value": "raghav",
    "synonyms": [
      "raghav"
    ]
  },
  {
    "value": "Naman",
    "synonyms": [
      "Naman"
    ]
  },
  {
    "value": "anantha",
    "synonyms": [
      "anantha"
    ]
  },
  {
    "value": "anupama",
    "synonyms": [
      "anupama"
    ]
  },
  {
    "value": "Priyanka",
    "synonyms": [
      "Priyanka"
    ]
  },
  {
    "value": "nandita",
    "synonyms": [
      "nandita"
    ]
  },
  {
    "value": "nidra",
    "synonyms": [
      "nidra"
    ]
  },
  {
    "value": "neelam",
    "synonyms": [
      "neelam"
    ]
  },
  {
    "value": "karliaye",
    "synonyms": [
      "karliaye"
    ]
  },
  {
    "value": "madhavi",
    "synonyms": [
      "madhavi"
    ]
  },
  {
    "value": "kanchana",
    "synonyms": [
      "kanchana"
    ]
  },
  {
    "value": "lakshmi",
    "synonyms": [
      "lakshmi"
    ]
  },
  {
    "value": "priti",
    "synonyms": [
      "priti"
    ]
  },
  {
    "value": "padmini",
    "synonyms": [
      "padmini"
    ]
  },
  {
    "value": "nirmala",
    "synonyms": [
      "nirmala"
    ]
  },
  {
    "value": "roshni",
    "synonyms": [
      "roshni"
    ]
  },
  {
    "value": "sabida",
    "synonyms": [
      "sabida"
    ]
  },
  {
    "value": "sonali",
    "synonyms": [
      "sonali"
    ]
  },
  {
    "value": "sitara",
    "synonyms": [
      "sitara"
    ]
  },
  {
    "value": "revady",
    "synonyms": [
      "revady"
    ]
  },
  {
    "value": "sourendra",
    "synonyms": [
      "sourendra"
    ]
  },
  {
    "value": "bhaskar",
    "synonyms": [
      "bhaskar"
    ]
  },
  {
    "value": "usha devi",
    "synonyms": [
      "usha devi",
      "ushadevi"
    ]
  },
  {
    "value": "carpanin",
    "synonyms": [
      "carpanin"
    ]
  },
  {
    "value": "dipaka",
    "synonyms": [
      "dipaka",
      "deepaka"
    ]
  },
  {
    "value": "darmesh",
    "synonyms": [
      "darmesh"
    ]
  },
  {
    "value": "divyesh",
    "synonyms": [
      "divyesh"
    ]
  },
  {
    "value": "vanika",
    "synonyms": [
      "vanika"
    ]
  },
  {
    "value": "dilipa",
    "synonyms": [
      "dilipa"
    ]
  },
  {
    "value": "darshan",
    "synonyms": [
      "darshan"
    ]
  },
  {
    "value": "vedavalli",
    "synonyms": [
      "vedavalli",
      "vedavli",
      "vedavali"
    ]
  },
  {
    "value": "indrajit",
    "synonyms": [
      "indrajit",
      "indrajeet"
    ]
  },
  {
    "value": "mahavira",
    "synonyms": [
      "mahavira"
    ]
  },
  {
    "value": "govinden",
    "synonyms": [
      "govinden"
    ]
  },
  {
    "value": "jaidev",
    "synonyms": [
      "jaidev"
    ]
  },
  {
    "value": "naveen",
    "synonyms": [
      "naveen",
      "navin"
    ]
  },
  {
    "value": "ramakrishna",
    "synonyms": [
      "ramakrishna",
      "ramkrishan"
    ]
  },
  {
    "value": "akhil",
    "synonyms": [
      "akhil"
    ]
  },
  {
    "value": "aman",
    "synonyms": [
      "aman"
    ]
  },
  {
    "value": "arundhati",
    "synonyms": [
      "arundhati"
    ]
  },
  {
    "value": "aarzoo",
    "synonyms": [
      "aarzoo"
    ]
  },
  {
    "value": "prateek",
    "synonyms": [
      "prateek"
    ]
  },
  {
    "value": "kali",
    "synonyms": [
      "kali"
    ]
  },
  {
    "value": "granth",
    "synonyms": [
      "granth"
    ]
  },
  {
    "value": "rashika",
    "synonyms": [
      "rashika"
    ]
  },
  {
    "value": "ganesham",
    "synonyms": [
      "ganesham"
    ]
  },
  {
    "value": "mantavya",
    "synonyms": [
      "mantavya"
    ]
  },
  {
    "value": "bhavna",
    "synonyms": [
      "bhavna"
    ]
  },
  {
    "value": "adita",
    "synonyms": [
      "adita"
    ]
  },
  {
    "value": "chandi",
    "synonyms": [
      "chandi"
    ]
  },
  {
    "value": "chandra",
    "synonyms": [
      "chandra"
    ]
  },
  {
    "value": "madhurya",
    "synonyms": [
      "madhurya"
    ]
  },
  {
    "value": "kalika",
    "synonyms": [
      "kalika"
    ]
  },
  {
    "value": "nandini",
    "synonyms": [
      "nandini"
    ]
  },
  {
    "value": "gayatri",
    "synonyms": [
      "gayatri"
    ]
  },
  {
    "value": "jaswinder",
    "synonyms": [
      "jaswinder",
      "jasvinder"
    ]
  },
  {
    "value": "pritha",
    "synonyms": [
      "pritha"
    ]
  },
  {
    "value": "silma",
    "synonyms": [
      "silma"
    ]
  },
  {
    "value": "sindamany",
    "synonyms": [
      "sindamany"
    ]
  },
  {
    "value": "sabita",
    "synonyms": [
      "sabita"
    ]
  },
  {
    "value": "radha",
    "synonyms": [
      "radha"
    ]
  },
  {
    "value": "rajika",
    "synonyms": [
      "rajika"
    ]
  },
  {
    "value": "simi",
    "synonyms": [
      "simi"
    ]
  },
  {
    "value": "ushas",
    "synonyms": [
      "ushas"
    ]
  },
  {
    "value": "videa",
    "synonyms": [
      "videa",
      "vedia",
      "vidya"
    ]
  },
  {
    "value": "yami",
    "synonyms": [
      "yami"
    ]
  },
  {
    "value": "deodan",
    "synonyms": [
      "deodan"
    ]
  },
  {
    "value": "devraj",
    "synonyms": [
      "devraj"
    ]
  },
  {
    "value": "veda",
    "synonyms": [
      "veda"
    ]
  },
  {
    "value": "hari",
    "synonyms": [
      "hari"
    ]
  },
  {
    "value": "iilango",
    "synonyms": [
      "iilango"
    ]
  },
  {
    "value": "kama",
    "synonyms": [
      "kama"
    ]
  },
  {
    "value": "itesh",
    "synonyms": [
      "itesh"
    ]
  },
  {
    "value": "mohandas",
    "synonyms": [
      "mohandas"
    ]
  },
  {
    "value": "mohinder",
    "synonyms": [
      "mohinder"
    ]
  },
  {
    "value": "kesaven",
    "synonyms": [
      "kesaven"
    ]
  },
  {
    "value": "kalyana",
    "synonyms": [
      "kalyana"
    ]
  },
  {
    "value": "harsha",
    "synonyms": [
      "harsha"
    ]
  },
  {
    "value": "harshad",
    "synonyms": [
      "harshad"
    ]
  },
  {
    "value": "parth",
    "synonyms": [
      "parth"
    ]
  },
  {
    "value": "narinder",
    "synonyms": [
      "narinder"
    ]
  },
  {
    "value": "partha",
    "synonyms": [
      "partha"
    ]
  },
  {
    "value": "champa",
    "synonyms": [
      "champa"
    ]
  },
  {
    "value": "jack",
    "synonyms": [
      "jack"
    ]
  },
  {
    "value": "dhruv",
    "synonyms": [
      "dhruv"
    ]
  },
  {
    "value": "bharti",
    "synonyms": [
      "bharti"
    ]
  },
  {
    "value": "vinay",
    "synonyms": [
      "vinay"
    ]
  },
  {
    "value": "kamla",
    "synonyms": [
      "kamla"
    ]
  },
  {
    "value": "sahil",
    "synonyms": [
      "sahil"
    ]
  },
  {
    "value": "nivish",
    "synonyms": [
      "nivish"
    ]
  },
  {
    "value": "sparsh",
    "synonyms": [
      "sparsh"
    ]
  },
  {
    "value": "priyul",
    "synonyms": [
      "priyul"
    ]
  },
  {
    "value": "aishwarya",
    "synonyms": [
      "aishwarya"
    ]
  },
  {
    "value": "mandeep",
    "synonyms": [
      "mandeep"
    ]
  },
  {
    "value": "mohana",
    "synonyms": [
      "mohana"
    ]
  },
  {
    "value": "kariyamna",
    "synonyms": [
      "kariyamna",
      "kriyamna"
    ]
  },
  {
    "value": "malati",
    "synonyms": [
      "malati"
    ]
  },
  {
    "value": "nikhila",
    "synonyms": [
      "nikhila"
    ]
  },
  {
    "value": "madhu",
    "synonyms": [
      "madhu"
    ]
  },
  {
    "value": "premila",
    "synonyms": [
      "premila"
    ]
  },
  {
    "value": "shakuntala",
    "synonyms": [
      "shakuntala"
    ]
  },
  {
    "value": "shashi",
    "synonyms": [
      "shashi"
    ]
  },
  {
    "value": "sunitha",
    "synonyms": [
      "sunitha"
    ]
  },
  {
    "value": "ousadevi",
    "synonyms": [
      "ousadevi"
    ]
  },
  {
    "value": "rogany",
    "synonyms": [
      "rogany"
    ]
  },
  {
    "value": "richia",
    "synonyms": [
      "richia"
    ]
  },
  {
    "value": "nitya",
    "synonyms": [
      "nitya"
    ]
  },
  {
    "value": "renuka",
    "synonyms": [
      "renuka"
    ]
  },
  {
    "value": "shanti",
    "synonyms": [
      "shanti"
    ]
  },
  {
    "value": "sita",
    "synonyms": [
      "sita",
      "seeta"
    ]
  },
  {
    "value": "ananth",
    "synonyms": [
      "ananth"
    ]
  },
  {
    "value": "ankur",
    "synonyms": [
      "ankur"
    ]
  },
  {
    "value": "yasoda",
    "synonyms": [
      "yasoda"
    ]
  },
  {
    "value": "anandha",
    "synonyms": [
      "anandha"
    ]
  },
  {
    "value": "bishen",
    "synonyms": [
      "bishen"
    ]
  },
  {
    "value": "devaraja",
    "synonyms": [
      "devaraja"
    ]
  },
  {
    "value": "cooldeepac",
    "synonyms": [
      "cooldeepac"
    ]
  },
  {
    "value": "dhruva",
    "synonyms": [
      "dhruva"
    ]
  },
  {
    "value": "dipak",
    "synonyms": [
      "dipak",
      "deepak"
    ]
  },
  {
    "value": "dhananjay",
    "synonyms": [
      "dhananjay"
    ]
  },
  {
    "value": "deo",
    "synonyms": [
      "deo"
    ]
  },
  {
    "value": "harishankar",
    "synonyms": [
      "harishankar"
    ]
  },
  {
    "value": "kumar",
    "synonyms": [
      "kumar"
    ]
  },
  {
    "value": "manickam",
    "synonyms": [
      "manickam"
    ]
  },
  {
    "value": "duleep",
    "synonyms": [
      "duleep"
    ]
  },
  {
    "value": "kartikeya",
    "synonyms": [
      "kartikeya"
    ]
  },
  {
    "value": "harinder",
    "synonyms": [
      "harinder"
    ]
  },
  {
    "value": "kapil",
    "synonyms": [
      "kapil"
    ]
  },
  {
    "value": "mahesh",
    "synonyms": [
      "mahesh"
    ]
  },
  {
    "value": "manu",
    "synonyms": [
      "manu"
    ]
  },
  {
    "value": "jagannath",
    "synonyms": [
      "jagannath"
    ]
  },
  {
    "value": "ramesha",
    "synonyms": [
      "ramesha"
    ]
  },
  {
    "value": "radjen",
    "synonyms": [
      "radjen",
      "rajen",
      "raa jane"
    ]
  },
  {
    "value": "ranjeet",
    "synonyms": [
      "ranjeet",
      "ranjit"
    ]
  },
  {
    "value": "abhishek",
    "synonyms": [
      "abhishek",
      "abishek"
    ]
  },
  {
    "value": "akshat",
    "synonyms": [
      "akshat"
    ]
  },
  {
    "value": "sneha",
    "synonyms": [
      "sneha"
    ]
  },
  {
    "value": "aditi",
    "synonyms": [
      "aditi"
    ]
  },
  {
    "value": "siddhant",
    "synonyms": [
      "siddhant"
    ]
  },
  {
    "value": "praduman",
    "synonyms": [
      "praduman"
    ]
  },
  {
    "value": "piyush mantri",
    "synonyms": [
      "piyush mantri"
    ]
  },
  {
    "value": "kanishka",
    "synonyms": [
      "kanishka"
    ]
  },
  {
    "value": "varu",
    "synonyms": [
      "varu"
    ]
  },
  {
    "value": "yogesh",
    "synonyms": [
      "yogesh"
    ]
  },
  {
    "value": "anirudh",
    "synonyms": [
      "anirudh"
    ]
  },
  {
    "value": "adhita",
    "synonyms": [
      "adhita"
    ]
  },
  {
    "value": "anila",
    "synonyms": [
      "anila"
    ]
  },
  {
    "value": "lutchmayah",
    "synonyms": [
      "lutchmayah"
    ]
  },
  {
    "value": "gomati",
    "synonyms": [
      "gomati"
    ]
  },
  {
    "value": "iianila",
    "synonyms": [
      "iianila"
    ]
  },
  {
    "value": "nilam",
    "synonyms": [
      "nilam"
    ]
  },
  {
    "value": "riya",
    "synonyms": [
      "riya"
    ]
  },
  {
    "value": "rashmi",
    "synonyms": [
      "rashmi"
    ]
  },
  {
    "value": "roshanara",
    "synonyms": [
      "roshanara"
    ]
  },
  {
    "value": "shanta",
    "synonyms": [
      "shanta"
    ]
  },
  {
    "value": "vinata",
    "synonyms": [
      "vinata"
    ]
  },
  {
    "value": "anil",
    "synonyms": [
      "anil"
    ]
  },
  {
    "value": "dilip",
    "synonyms": [
      "dilip"
    ]
  },
  {
    "value": "ajay",
    "synonyms": [
      "ajay"
    ]
  },
  {
    "value": "dinesh",
    "synonyms": [
      "dinesh"
    ]
  },
  {
    "value": "arun",
    "synonyms": [
      "arun"
    ]
  },
  {
    "value": "aniruddha",
    "synonyms": [
      "aniruddha"
    ]
  },
  {
    "value": "ashoka",
    "synonyms": [
      "ashoka"
    ]
  },
  {
    "value": "chandraraj",
    "synonyms": [
      "chandraraj"
    ]
  },
  {
    "value": "ajeet",
    "synonyms": [
      "ajeet"
    ]
  },
  {
    "value": "gobind",
    "synonyms": [
      "gobind"
    ]
  },
  {
    "value": "kapila",
    "synonyms": [
      "kapila"
    ]
  },
  {
    "value": "kistna",
    "synonyms": [
      "kistna"
    ]
  },
  {
    "value": "jagannatha",
    "synonyms": [
      "jagannatha"
    ]
  },
  {
    "value": "kessavamohane",
    "synonyms": [
      "kessavamohane"
    ]
  },
  {
    "value": "lakshmana",
    "synonyms": [
      "lakshmana"
    ]
  },
  {
    "value": "harish",
    "synonyms": [
      "harish"
    ]
  },
  {
    "value": "kumara",
    "synonyms": [
      "kumara"
    ]
  },
  {
    "value": "ranj",
    "synonyms": [
      "ranj"
    ]
  },
  {
    "value": "pallab",
    "synonyms": [
      "pallab"
    ]
  },
  {
    "value": "narayana",
    "synonyms": [
      "narayana"
    ]
  },
  {
    "value": "bhavya",
    "synonyms": [
      "bhavya",
      "bhavya jain",
      "bhavya pareek"
    ]
  },
  {
    "value": "alok",
    "synonyms": [
      "alok",
      "aalok"
    ]
  },
  {
    "value": "naina",
    "synonyms": [
      "naina"
    ]
  },
  {
    "value": "harsh",
    "synonyms": [
      "harsh"
    ]
  },
  {
    "value": "piyush",
    "synonyms": [
      "piyush"
    ]
  },
  {
    "value": "shivaansh",
    "synonyms": [
      "shivaansh"
    ]
  },
  {
    "value": "chandan",
    "synonyms": [
      "chandan"
    ]
  },
  {
    "value": "shubam",
    "synonyms": [
      "shubam"
    ]
  },
  {
    "value": "sasi",
    "synonyms": [
      "sasi"
    ]
  },
  {
    "value": "vadehi",
    "synonyms": [
      "vadehi"
    ]
  },
  {
    "value": "basir",
    "synonyms": [
      "basir"
    ]
  },
  {
    "value": "shivangi",
    "synonyms": [
      "shivangi"
    ]
  },
  {
    "value": "manan",
    "synonyms": [
      "manan"
    ]
  },
  {
    "value": "bhavesh",
    "synonyms": [
      "bhavesh"
    ]
  },
  {
    "value": "uk pareek",
    "synonyms": [
      "uk pareek"
    ]
  },
  {
    "value": "akansha",
    "synonyms": [
      "akansha",
      "akanksha"
    ]
  },
  {
    "value": "antrija",
    "synonyms": [
      "antrija"
    ]
  },
  {
    "value": "chandana",
    "synonyms": [
      "chandana"
    ]
  },
  {
    "value": "bakula",
    "synonyms": [
      "bakula"
    ]
  },
  {
    "value": "bala",
    "synonyms": [
      "bala"
    ]
  },
  {
    "value": "chandra kanta",
    "synonyms": [
      "chandra kanta"
    ]
  },
  {
    "value": "appassamy",
    "synonyms": [
      "appassamy"
    ]
  },
  {
    "value": "archana",
    "synonyms": [
      "archana"
    ]
  },
  {
    "value": "kamala",
    "synonyms": [
      "kamala"
    ]
  },
  {
    "value": "inderjeet",
    "synonyms": [
      "inderjeet",
      "indrajeet",
      "inderjit"
    ]
  },
  {
    "value": "lata",
    "synonyms": [
      "lata"
    ]
  },
  {
    "value": "roguiny",
    "synonyms": [
      "roguiny"
    ]
  },
  {
    "value": "oumapathi",
    "synonyms": [
      "oumapathi"
    ]
  },
  {
    "value": "sassita",
    "synonyms": [
      "sassita"
    ]
  },
  {
    "value": "shyamala",
    "synonyms": [
      "shyamala"
    ]
  },
  {
    "value": "ragini",
    "synonyms": [
      "ragini"
    ]
  },
  {
    "value": "reshmi",
    "synonyms": [
      "reshmi"
    ]
  },
  {
    "value": "renouka",
    "synonyms": [
      "renouka"
    ]
  },
  {
    "value": "parlvedy",
    "synonyms": [
      "parlvedy"
    ]
  },
  {
    "value": "padmavati",
    "synonyms": [
      "padmavati"
    ]
  },
  {
    "value": "rajkumari",
    "synonyms": [
      "rajkumari"
    ]
  },
  {
    "value": "uma",
    "synonyms": [
      "uma"
    ]
  },
  {
    "value": "agni",
    "synonyms": [
      "agni"
    ]
  },
  {
    "value": "anand",
    "synonyms": [
      "anand"
    ]
  },
  {
    "value": "brahma",
    "synonyms": [
      "brahma"
    ]
  },
  {
    "value": "devdas",
    "synonyms": [
      "devdas"
    ]
  },
  {
    "value": "djeyam",
    "synonyms": [
      "djeyam"
    ]
  },
  {
    "value": "ganesh",
    "synonyms": [
      "ganesh"
    ]
  },
  {
    "value": "lochan",
    "synonyms": [
      "lochan"
    ]
  },
  {
    "value": "ishvara",
    "synonyms": [
      "ishvara"
    ]
  },
  {
    "value": "harshal",
    "synonyms": [
      "harshal"
    ]
  },
  {
    "value": "jitendra",
    "synonyms": [
      "jitender",
      "jitendra"
    ]
  },
  {
    "value": "krishnin",
    "synonyms": [
      "krishnin"
    ]
  },
  {
    "value": "mitul",
    "synonyms": [
      "mitul"
    ]
  },
  {
    "value": "pregassame",
    "synonyms": [
      "pregassame"
    ]
  },
  {
    "value": "rajneesh",
    "synonyms": [
      "rajneesh",
      "rajnish"
    ]
  },
  {
    "value": "Aditya",
    "synonyms": [
      "Aditya"
    ]
  },
  {
    "value": "prakash",
    "synonyms": [
      "prakash"
    ]
  },
  {
    "value": "madhuri",
    "synonyms": [
      "madhuri"
    ]
  },
  {
    "value": "kavya",
    "synonyms": [
      "kavya"
    ]
  },
  {
    "value": "chirag",
    "synonyms": [
      "chirag"
    ]
  },
  {
    "value": "aarav",
    "synonyms": [
      "aarav"
    ]
  },
  {
    "value": "kalpit",
    "synonyms": [
      "kalpit"
    ]
  },
  {
    "value": "pratham",
    "synonyms": [
      "pratham"
    ]
  },
  {
    "value": "amla",
    "synonyms": [
      "amla"
    ]
  },
  {
    "value": "chetana",
    "synonyms": [
      "chetana"
    ]
  },
  {
    "value": "chitra",
    "synonyms": [
      "chitra"
    ]
  },
  {
    "value": "deepti",
    "synonyms": [
      "deepti"
    ]
  },
  {
    "value": "lalitha",
    "synonyms": [
      "lalitha"
    ]
  },
  {
    "value": "Esha",
    "synonyms": [
      "Esha",
      "Isha"
    ]
  },
  {
    "value": "dourgavati",
    "synonyms": [
      "dourgavati"
    ]
  },
  {
    "value": "godavari",
    "synonyms": [
      "godavari"
    ]
  },
  {
    "value": "neela",
    "synonyms": [
      "neela"
    ]
  },
  {
    "value": "Indrani",
    "synonyms": [
      "Indrani"
    ]
  },
  {
    "value": "kirti",
    "synonyms": [
      "kirti"
    ]
  },
  {
    "value": "lajili",
    "synonyms": [
      "lajili"
    ]
  },
  {
    "value": "kasi",
    "synonyms": [
      "kasi"
    ]
  },
  {
    "value": "meena",
    "synonyms": [
      "meena"
    ]
  },
  {
    "value": "geeta",
    "synonyms": [
      "geeta",
      "gita"
    ]
  },
  {
    "value": "kaur",
    "synonyms": [
      "kaur"
    ]
  },
  {
    "value": "jayanti",
    "synonyms": [
      "jayanti"
    ]
  },
  {
    "value": "radhika",
    "synonyms": [
      "radhika",
      "radika"
    ]
  },
  {
    "value": "ritika",
    "synonyms": [
      "ritika"
    ]
  },
  {
    "value": "sarala",
    "synonyms": [
      "sarala",
      "sarla"
    ]
  },
  {
    "value": "shakti",
    "synonyms": [
      "shakti"
    ]
  },
  {
    "value": "sri",
    "synonyms": [
      "sri"
    ]
  },
  {
    "value": "ourmila",
    "synonyms": [
      "ourmila"
    ]
  },
  {
    "value": "sharmila",
    "synonyms": [
      "sharmila"
    ]
  },
  {
    "value": "sudarshana",
    "synonyms": [
      "sudarshana"
    ]
  },
  {
    "value": "tilana",
    "synonyms": [
      "tilana"
    ]
  },
  {
    "value": "urvashi",
    "synonyms": [
      "urvashi"
    ]
  },
  {
    "value": "yashoda",
    "synonyms": [
      "yashoda"
    ]
  },
  {
    "value": "anish",
    "synonyms": [
      "anish"
    ]
  },
  {
    "value": "amar",
    "synonyms": [
      "amar"
    ]
  },
  {
    "value": "yellamma",
    "synonyms": [
      "yellamma"
    ]
  },
  {
    "value": "yamuna",
    "synonyms": [
      "yamouna",
      "yamuna"
    ]
  },
  {
    "value": "damodara",
    "synonyms": [
      "damodara"
    ]
  },
  {
    "value": "chiranjivi",
    "synonyms": [
      "chiranjivi"
    ]
  },
  {
    "value": "chiranjeevi",
    "synonyms": [
      "chiranjeevi"
    ]
  },
  {
    "value": "aseem",
    "synonyms": [
      "aseem"
    ]
  },
  {
    "value": "gautam",
    "synonyms": [
      "gautam"
    ]
  },
  {
    "value": "krishnaraja",
    "synonyms": [
      "krishnaraja"
    ]
  },
  {
    "value": "kichenin",
    "synonyms": [
      "kichenin"
    ]
  },
  {
    "value": "kumaren",
    "synonyms": [
      "kumaren"
    ]
  },
  {
    "value": "kailash",
    "synonyms": [
      "kailash"
    ]
  },
  {
    "value": "manish",
    "synonyms": [
      "manish"
    ]
  },
  {
    "value": "lal",
    "synonyms": [
      "lal"
    ]
  },
  {
    "value": "nikhil",
    "synonyms": [
      "nikhil"
    ]
  },
  {
    "value": "narayan",
    "synonyms": [
      "narayan"
    ]
  },
  {
    "value": "poungodai",
    "synonyms": [
      "poungodai"
    ]
  },
  {
    "value": "akshita",
    "synonyms": [
      "akshita"
    ]
  },
  {
    "value": "rithvik",
    "synonyms": [
      "rithvik"
    ]
  },
  {
    "value": "ankush",
    "synonyms": [
      "ankush"
    ]
  },
  {
    "value": "ayushi",
    "synonyms": [
      "ayushi"
    ]
  },
  {
    "value": "rakesh",
    "synonyms": [
      "rakesh",
      "Raakesh",
      "Rakes",
      "Raakes"
    ]
  },
  {
    "value": "yuvi",
    "synonyms": [
      "yuvi"
    ]
  },
  {
    "value": "vk chandna",
    "synonyms": [
      "vk chandna"
    ]
  },
  {
    "value": "mohit",
    "synonyms": [
      "mohit"
    ]
  },
  {
    "value": "chinmay",
    "synonyms": [
      "chinmay"
    ]
  },
  {
    "value": "himanshu",
    "synonyms": [
      "himanshu"
    ]
  },
  {
    "value": "saurab",
    "synonyms": [
      "saurab"
    ]
  },
  {
    "value": "arshpreet",
    "synonyms": [
      "arshpreet"
    ]
  },
  {
    "value": "upendra",
    "synonyms": [
      "upendra"
    ]
  },
  {
    "value": "varun",
    "synonyms": [
      "varun"
    ]
  },
  {
    "value": "pavan",
    "synonyms": [
      "pavan"
    ]
  },
  {
    "value": "dhananjai",
    "synonyms": [
      "dhananjai"
    ]
  },
  {
    "value": "bhavani",
    "synonyms": [
      "bhavani"
    ]
  },
  {
    "value": "chatrapatty",
    "synonyms": [
      "chatrapatty"
    ]
  },
  {
    "value": "ankita",
    "synonyms": [
      "ankita"
    ]
  },
  {
    "value": "arya",
    "synonyms": [
      "arya"
    ]
  },
  {
    "value": "bagavathy",
    "synonyms": [
      "bagavathy"
    ]
  },
  {
    "value": "dipa",
    "synonyms": [
      "dipa",
      "deepa"
    ]
  },
  {
    "value": "mohini",
    "synonyms": [
      "mohini"
    ]
  },
  {
    "value": "neha",
    "synonyms": [
      "neha"
    ]
  },
  {
    "value": "hamsa",
    "synonyms": [
      "hamsa"
    ]
  },
  {
    "value": "kalpana",
    "synonyms": [
      "kalpana"
    ]
  },
  {
    "value": "gopika",
    "synonyms": [
      "gopika"
    ]
  },
  {
    "value": "sati",
    "synonyms": [
      "sati"
    ]
  },
  {
    "value": "sangeeta",
    "synonyms": [
      "sangeeta",
      "sangita"
    ]
  },
  {
    "value": "shreya",
    "synonyms": [
      "shreya"
    ]
  },
  {
    "value": "nilima",
    "synonyms": [
      "nilima"
    ]
  },
  {
    "value": "rohini",
    "synonyms": [
      "rohini"
    ]
  },
  {
    "value": "sima",
    "synonyms": [
      "sima"
    ]
  },
  {
    "value": "shama",
    "synonyms": [
      "shama"
    ]
  },
  {
    "value": "parvati",
    "synonyms": [
      "parvati"
    ]
  },
  {
    "value": "sakti",
    "synonyms": [
      "sakti"
    ]
  },
  {
    "value": "shyama",
    "synonyms": [
      "shyama"
    ]
  },
  {
    "value": "sandhya",
    "synonyms": [
      "sandhya"
    ]
  },
  {
    "value": "adhik",
    "synonyms": [
      "adhik"
    ]
  },
  {
    "value": "anant",
    "synonyms": [
      "anant"
    ]
  },
  {
    "value": "murali",
    "synonyms": [
      "murali"
    ]
  },
  {
    "value": "murugan",
    "synonyms": [
      "murugan"
    ]
  },
  {
    "value": "isha",
    "synonyms": [
      "isha"
    ]
  },
  {
    "value": "kunala",
    "synonyms": [
      "kunala"
    ]
  },
  {
    "value": "mahesha",
    "synonyms": [
      "mahesha"
    ]
  },
  {
    "value": "jeetendra",
    "synonyms": [
      "jeetendra"
    ]
  },
  {
    "value": "keshavan",
    "synonyms": [
      "keshavan"
    ]
  },
  {
    "value": "mohan",
    "synonyms": [
      "mohan"
    ]
  },
  {
    "value": "marde",
    "synonyms": [
      "marde"
    ]
  },
  {
    "value": "gotam",
    "synonyms": [
      "gotam"
    ]
  },
  {
    "value": "jaywant",
    "synonyms": [
      "jaywant"
    ]
  },
  {
    "value": "kunal",
    "synonyms": [
      "kunal"
    ]
  },
  {
    "value": "niraj",
    "synonyms": [
      "niraj",
      "neeraj"
    ]
  },
  {
    "value": "nanda",
    "synonyms": [
      "nanda"
    ]
  },
  {
    "value": "samourgon",
    "synonyms": [
      "samourgon"
    ]
  },
  {
    "value": "anant",
    "synonyms": [
      "anant"
    ]
  },
  {
    "value": "anuj",
    "synonyms": [
      "anuj"
    ]
  },
  {
    "value": "mudit",
    "synonyms": [
      "mudit"
    ]
  },
  {
    "value": "preksha",
    "synonyms": [
      "preksha"
    ]
  },
  {
    "value": "ashutosh",
    "synonyms": [
      "ashutosh"
    ]
  },
  {
    "value": "girish",
    "synonyms": [
      "girish"
    ]
  },
  {
    "value": "juber",
    "synonyms": [
      "juber"
    ]
  },
  {
    "value": "devang",
    "synonyms": [
      "devang"
    ]
  },
  {
    "value": "yash",
    "synonyms": [
      "yash"
    ]
  },
  {
    "value": "aparajita",
    "synonyms": [
      "aparajita"
    ]
  },
  {
    "value": "lalita",
    "synonyms": [
      "lalita"
    ]
  },
  {
    "value": "kanti",
    "synonyms": [
      "kanti"
    ]
  },
  {
    "value": "leka",
    "synonyms": [
      "leka"
    ]
  },
  {
    "value": "lallida",
    "synonyms": [
      "lallida"
    ]
  },
  {
    "value": "nila",
    "synonyms": [
      "nila"
    ]
  },
  {
    "value": "gauri",
    "synonyms": [
      "gauri"
    ]
  },
  {
    "value": "naouman",
    "synonyms": [
      "naouman",
      "nauman"
    ]
  },
  {
    "value": "seeta",
    "synonyms": [
      "seeta",
      "sita"
    ]
  },
  {
    "value": "soonita",
    "synonyms": [
      "soonita"
    ]
  },
  {
    "value": "satyavati",
    "synonyms": [
      "satyavati"
    ]
  },
  {
    "value": "shailaja",
    "synonyms": [
      "shailaja"
    ]
  },
  {
    "value": "soudarmani",
    "synonyms": [
      "soudarmani"
    ]
  },
  {
    "value": "sashi",
    "synonyms": [
      "sashi"
    ]
  },
  {
    "value": "shraddha",
    "synonyms": [
      "shraddha"
    ]
  },
  {
    "value": "sarasvati",
    "synonyms": [
      "sarasvati",
      "sraswati"
    ]
  },
  {
    "value": "reva",
    "synonyms": [
      "reva"
    ]
  },
  {
    "value": "seema",
    "synonyms": [
      "seema"
    ]
  },
  {
    "value": "pallavi",
    "synonyms": [
      "pallavi"
    ]
  },
  {
    "value": "dharmaraj",
    "synonyms": [
      "dharmaraj"
    ]
  },
  {
    "value": "arjuna",
    "synonyms": [
      "arjuna"
    ]
  },
  {
    "value": "baladeva",
    "synonyms": [
      "baladeva"
    ]
  },
  {
    "value": "chandan",
    "synonyms": [
      "chandan"
    ]
  },
  {
    "value": "damodar",
    "synonyms": [
      "damodar"
    ]
  },
  {
    "value": "vandi",
    "synonyms": [
      "vandi"
    ]
  },
  {
    "value": "sylvidra",
    "synonyms": [
      "sylvidra"
    ]
  },
  {
    "value": "aravind",
    "synonyms": [
      "aravind"
    ]
  },
  {
    "value": "chanemougam",
    "synonyms": [
      "chanemougam"
    ]
  },
  {
    "value": "girish",
    "synonyms": [
      "girish"
    ]
  },
  {
    "value": "kanda koumarane",
    "synonyms": [
      "kanda koumarane",
      "kandakoumarane"
    ]
  },
  {
    "value": "jivan",
    "synonyms": [
      "jivan",
      "jeevan"
    ]
  },
  {
    "value": "keya",
    "synonyms": [
      "keya"
    ]
  },
  {
    "value": "jagdish",
    "synonyms": [
      "jagdish",
      "jagdeesh"
    ]
  },
  {
    "value": "madhava",
    "synonyms": [
      "madhava"
    ]
  },
  {
    "value": "jayant",
    "synonyms": [
      "jayant"
    ]
  },
  {
    "value": "gautama",
    "synonyms": [
      "gautama"
    ]
  },
  {
    "value": "gopinatha",
    "synonyms": [
      "gopinatha"
    ]
  },
  {
    "value": "komari",
    "synonyms": [
      "komari"
    ]
  },
  {
    "value": "ninad",
    "synonyms": [
      "ninad"
    ]
  },
  {
    "value": "ratnam",
    "synonyms": [
      "ratnam"
    ]
  },
  {
    "value": "permal",
    "synonyms": [
      "permal"
    ]
  },
  {
    "value": "preetam",
    "synonyms": [
      "preetam",
      "pritam"
    ]
  },
  {
    "value": "buddhi",
    "synonyms": [
      "buddhi"
    ]
  },
  {
    "value": "samyak",
    "synonyms": [
      "samyak"
    ]
  },
  {
    "value": "sourab",
    "synonyms": [
      "sourab"
    ]
  },
  {
    "value": "achal",
    "synonyms": [
      "achal"
    ]
  },
  {
    "value": "amrita",
    "synonyms": [
      "amrita"
    ]
  },
  {
    "value": "anjali",
    "synonyms": [
      "anjali"
    ]
  },
  {
    "value": "carma",
    "synonyms": [
      "carma"
    ]
  },
  {
    "value": "Kanhaiya",
    "synonyms": [
      "Kanhaiya"
    ]
  },
  {
    "value": "anantee",
    "synonyms": [
      "anantee"
    ]
  },
  {
    "value": "amala",
    "synonyms": [
      "amala"
    ]
  },
  {
    "value": "avanti",
    "synonyms": [
      "avanti"
    ]
  },
  {
    "value": "kanilija",
    "synonyms": [
      "kanilija"
    ]
  },
  {
    "value": "ladha",
    "synonyms": [
      "ladha",
      "laddha"
    ]
  },
  {
    "value": "durga",
    "synonyms": [
      "durga"
    ]
  },
  {
    "value": "kavita",
    "synonyms": [
      "kavita",
      "kaveeta"
    ]
  },
  {
    "value": "indu",
    "synonyms": [
      "indu"
    ]
  },
  {
    "value": "devaki",
    "synonyms": [
      "devaki",
      "devki"
    ]
  },
  {
    "value": "diti",
    "synonyms": [
      "diti"
    ]
  },
  {
    "value": "jayani",
    "synonyms": [
      "jayani"
    ]
  },
  {
    "value": "karuna",
    "synonyms": [
      "karuna"
    ]
  },
  {
    "value": "madhur",
    "synonyms": [
      "madhur"
    ]
  },
  {
    "value": "lilavady",
    "synonyms": [
      "lilavady"
    ]
  },
  {
    "value": "nisha",
    "synonyms": [
      "nisha"
    ]
  },
  {
    "value": "riddhi",
    "synonyms": [
      "riddhi"
    ]
  },
  {
    "value": "priya",
    "synonyms": [
      "priya"
    ]
  },
  {
    "value": "ratna",
    "synonyms": [
      "ratna"
    ]
  },
  {
    "value": "shweta",
    "synonyms": [
      "shweta"
    ]
  },
  {
    "value": "soubila",
    "synonyms": [
      "soubila"
    ]
  },
  {
    "value": "oulvashi",
    "synonyms": [
      "oulvashi"
    ]
  },
  {
    "value": "seetha",
    "synonyms": [
      "seetha"
    ]
  },
  {
    "value": "shalini",
    "synonyms": [
      "shalini"
    ]
  },
  {
    "value": "devayanne",
    "synonyms": [
      "devayanne"
    ]
  },
  {
    "value": "jayendra",
    "synonyms": [
      "jayendra"
    ]
  },
  {
    "value": "mahinder",
    "synonyms": [
      "mahinder",
      "mahindra"
    ]
  },
  {
    "value": "gopal",
    "synonyms": [
      "gopal"
    ]
  },
  {
    "value": "lalit",
    "synonyms": [
      "lalit"
    ]
  },
  {
    "value": "gotama",
    "synonyms": [
      "gotama"
    ]
  },
  {
    "value": "kshitij",
    "synonyms": [
      "kshitij"
    ]
  },
  {
    "value": "jitinder",
    "synonyms": [
      "jitinder"
    ]
  },
  {
    "value": "krishna",
    "synonyms": [
      "krishna"
    ]
  },
  {
    "value": "narendra",
    "synonyms": [
      "narendra"
    ]
  },
  {
    "value": "rohit",
    "synonyms": [
      "rohit"
    ]
  },
  {
    "value": "rameshwar",
    "synonyms": [
      "rameshwar"
    ]
  },
  {
    "value": "raees",
    "synonyms": [
      "raees"
    ]
  },
  {
    "value": "annu",
    "synonyms": [
      "annu"
    ]
  },
  {
    "value": "gaurav",
    "synonyms": [
      "gaurav"
    ]
  },
  {
    "value": "sarvagya",
    "synonyms": [
      "sarvagya"
    ]
  },
  {
    "value": "smiriti",
    "synonyms": [
      "smiriti"
    ]
  },
  {
    "value": "vinesh",
    "synonyms": [
      "vinesh"
    ]
  },
  {
    "value": "taru",
    "synonyms": [
      "taru"
    ]
  },
  {
    "value": "yudhishthir",
    "synonyms": [
      "yudhishthir"
    ]
  },
  {
    "value": "carliaye",
    "synonyms": [
      "carliaye"
    ]
  },
  {
    "value": "chandravali",
    "synonyms": [
      "chandravali"
    ]
  },
  {
    "value": "damayandi",
    "synonyms": [
      "damayandi"
    ]
  },
  {
    "value": "dipika",
    "synonyms": [
      "dipika",
      "deepika"
    ]
  },
  {
    "value": "kanya",
    "synonyms": [
      "kanya"
    ]
  },
  {
    "value": "gopi",
    "synonyms": [
      "gopi"
    ]
  },
  {
    "value": "Dipali",
    "synonyms": [
      "Dipali",
      "Deepali"
    ]
  },
  {
    "value": "komathy",
    "synonyms": [
      "komathy",
      "komati"
    ]
  },
  {
    "value": "kali",
    "synonyms": [
      "kali"
    ]
  },
  {
    "value": "jaya",
    "synonyms": [
      "jaya"
    ]
  },
  {
    "value": "draupadi",
    "synonyms": [
      "draupadi"
    ]
  },
  {
    "value": "lilavati",
    "synonyms": [
      "lilavati"
    ]
  },
  {
    "value": "satya",
    "synonyms": [
      "satya"
    ]
  },
  {
    "value": "rachana",
    "synonyms": [
      "rachana"
    ]
  },
  {
    "value": "parnita",
    "synonyms": [
      "parnita",
      "parinita"
    ]
  },
  {
    "value": "sundhya",
    "synonyms": [
      "sundhya"
    ]
  },
  {
    "value": "oulvasi",
    "synonyms": [
      "oulvasi"
    ]
  },
  {
    "value": "sunita",
    "synonyms": [
      "sunita"
    ]
  },
  {
    "value": "ajith",
    "synonyms": [
      "ajith"
    ]
  },
  {
    "value": "djayssen",
    "synonyms": [
      "djayssen"
    ]
  },
  {
    "value": "amrit",
    "synonyms": [
      "amrit"
    ]
  },
  {
    "value": "dayanand",
    "synonyms": [
      "dayanand"
    ]
  },
  {
    "value": "djagrajen",
    "synonyms": [
      "djagrajen"
    ]
  },
  {
    "value": "vijaya",
    "synonyms": [
      "vijaya"
    ]
  },
  {
    "value": "jai",
    "synonyms": [
      "jai",
      "jay",
      "j"
    ]
  },
  {
    "value": "kessavaperoumal",
    "synonyms": [
      "kessavaperoumal"
    ]
  },
  {
    "value": "jiva",
    "synonyms": [
      "jiva"
    ]
  },
  {
    "value": "kishan",
    "synonyms": [
      "kishan"
    ]
  },
  {
    "value": "kishen",
    "synonyms": [
      "kishen"
    ]
  },
  {
    "value": "mahavir",
    "synonyms": [
      "mahavir"
    ]
  },
  {
    "value": "inderpal",
    "synonyms": [
      "inderpal"
    ]
  },
  {
    "value": "mahendra",
    "synonyms": [
      "mahendra"
    ]
  },
  {
    "value": "mani",
    "synonyms": [
      "mani"
    ]
  },
  {
    "value": "indra",
    "synonyms": [
      "indra"
    ]
  },
  {
    "value": "jayanta",
    "synonyms": [
      "jayanta"
    ]
  },
  {
    "value": "om",
    "synonyms": [
      "om"
    ]
  },
  {
    "value": "pallav",
    "synonyms": [
      "pallav"
    ]
  },
  {
    "value": "ravindra",
    "synonyms": [
      "ravindra"
    ]
  },
  {
    "value": "outama",
    "synonyms": [
      "outama"
    ]
  },
  {
    "value": "komal",
    "synonyms": [
      "komal"
    ]
  },
  {
    "value": "Aayush",
    "synonyms": [
      "Aayush",
      "ayush"
    ]
  },
  {
    "value": "akansh",
    "synonyms": [
      "akansh"
    ]
  },
  {
    "value": "akhilesh",
    "synonyms": [
      "akhilesh"
    ]
  },
  {
    "value": "jaswant",
    "synonyms": [
      "jaswant"
    ]
  },
  {
    "value": "arpit",
    "synonyms": [
      "arpit"
    ]
  },
  {
    "value": "rahul",
    "synonyms": [
      "rahul"
    ]
  },
  {
    "value": "bhoomi",
    "synonyms": [
      "bhoomi"
    ]
  },
  {
    "value": "dharmesh",
    "synonyms": [
      "dharmesh"
    ]
  },
  {
    "value": "gaurang",
    "synonyms": [
      "gaurang"
    ]
  },
  {
    "value": "harshit",
    "synonyms": [
      "harshit"
    ]
  },
  {
    "value": "kohil",
    "synonyms": [
      "kohil"
    ]
  },
  {
    "value": "sashi",
    "synonyms": [
      "sashi"
    ]
  },
  {
    "value": "harshita",
    "synonyms": [
      "harshita"
    ]
  },
  {
    "value": "puneet",
    "synonyms": [
      "puneet"
    ]
  },
  {
    "value": "sameer",
    "synonyms": [
      "sameer"
    ]
  },
  {
    "value": "girija",
    "synonyms": [
      "girija"
    ]
  },
  {
    "value": "eshita",
    "synonyms": [
      "eshita"
    ]
  },
  {
    "value": "amba",
    "synonyms": [
      "amba"
    ]
  },
  {
    "value": "Keshav",
    "synonyms": [
      "Keshav"
    ]
  },
  {
    "value": "drishti",
    "synonyms": [
      "drishti"
    ]
  },
  {
    "value": "kanya kumari",
    "synonyms": [
      "kanya kumari",
      "kanya koumari"
    ]
  },
  {
    "value": "lila",
    "synonyms": [
      "lila"
    ]
  },
  {
    "value": "kevala",
    "synonyms": [
      "kevala",
      "kewala"
    ]
  },
  {
    "value": "mukta",
    "synonyms": [
      "mukta"
    ]
  },
  {
    "value": "kalyana",
    "synonyms": [
      "kalyana"
    ]
  },
  {
    "value": "koumari",
    "synonyms": [
      "koumari",
      "kumari"
    ]
  },
  {
    "value": "laxmi",
    "synonyms": [
      "laxmi"
    ]
  },
  {
    "value": "rudrani",
    "synonyms": [
      "rudrani"
    ]
  },
  {
    "value": "subhadra",
    "synonyms": [
      "subhadra"
    ]
  },
  {
    "value": "nithya",
    "synonyms": [
      "nithya"
    ]
  },
  {
    "value": "radharani",
    "synonyms": [
      "radharani"
    ]
  },
  {
    "value": "sacidevi",
    "synonyms": [
      "sacidevi",
      "saci devi"
    ]
  },
  {
    "value": "sanjana",
    "synonyms": [
      "sanjana"
    ]
  },
  {
    "value": "rani",
    "synonyms": [
      "rani"
    ]
  },
  {
    "value": "parvadi",
    "synonyms": [
      "parvadi"
    ]
  },
  {
    "value": "rupinder",
    "synonyms": [
      "rupinder",
      "rupindra",
      "roopinder",
      "roopindra"
    ]
  },
  {
    "value": "vasudha",
    "synonyms": [
      "vasudha",
      "vasuda"
    ]
  },
  {
    "value": "susheela",
    "synonyms": [
      "susheela",
      "sushila"
    ]
  },
  {
    "value": "vasanti",
    "synonyms": [
      "vasanti"
    ]
  },
  {
    "value": "bharat",
    "synonyms": [
      "bharat"
    ]
  },
  {
    "value": "amit",
    "synonyms": [
      "amit"
    ]
  },
  {
    "value": "vimala",
    "synonyms": [
      "vimala"
    ]
  },
  {
    "value": "anupam",
    "synonyms": [
      "anupam"
    ]
  },
  {
    "value": "bharata",
    "synonyms": [
      "bharata"
    ]
  },
  {
    "value": "yamini",
    "synonyms": [
      "yamini"
    ]
  },
  {
    "value": "ishwari",
    "synonyms": [
      "ishwari"
    ]
  },
  {
    "value": "kishor",
    "synonyms": [
      "kishor",
      "kishore"
    ]
  },
  {
    "value": "ganesha",
    "synonyms": [
      "ganesha"
    ]
  },
  {
    "value": "karna",
    "synonyms": [
      "karna"
    ]
  },
  {
    "value": "pradeep",
    "synonyms": [
      "pradeep",
      "pradip"
    ]
  },
  {
    "value": "nishant",
    "synonyms": [
      "nishant"
    ]
  },
  {
    "value": "pajani",
    "synonyms": [
      "pajani"
    ]
  },
  {
    "value": "ramchandra",
    "synonyms": [
      "ramchandra",
      "ramchander"
    ]
  },
  {
    "value": "ravi",
    "synonyms": [
      "ravi"
    ]
  },
  {
    "value": "ramesh",
    "synonyms": [
      "ramesh"
    ]
  },
  {
    "value": "pakhi",
    "synonyms": [
      "pakhi"
    ]
  },
  {
    "value": "ankit",
    "synonyms": [
      "ankit"
    ]
  },
  {
    "value": "milisha",
    "synonyms": [
      "milisha"
    ]
  },
  {
    "value": "sumitra",
    "synonyms": [
      "sumitra",
      "a"
    ]
  },
  {
    "value": "divyani",
    "synonyms": [
      "divyani"
    ]
  },
  {
    "value": "neetu",
    "synonyms": [
      "neetu"
    ]
  },
  {
    "value": "virat",
    "synonyms": [
      "virat"
    ]
  },
  {
    "value": "lakshya",
    "synonyms": [
      "lakshya"
    ]
  },
  {
    "value": "anant",
    "synonyms": [
      "anant"
    ]
  },
  {
    "value": "sanchit",
    "synonyms": [
      "sanchit"
    ]
  },
  {
    "value": "amita",
    "synonyms": [
      "amita"
    ]
  },
  {
    "value": "asha",
    "synonyms": [
      "asha"
    ]
  },
  {
    "value": "dalini",
    "synonyms": [
      "dalini"
    ]
  },
  {
    "value": "Maharajji",
    "synonyms": [
      "Maharajji"
    ]
  },
  {
    "value": "anandi",
    "synonyms": [
      "anandi"
    ]
  },
  {
    "value": "ananda",
    "synonyms": [
      "ananda"
    ]
  },
  {
    "value": "deepali",
    "synonyms": [
      "deepali"
    ]
  },
  {
    "value": "kalyani",
    "synonyms": [
      "kalyani"
    ]
  },
  {
    "value": "madhuri",
    "synonyms": [
      "madhuri"
    ]
  },
  {
    "value": "gitika",
    "synonyms": [
      "gitika",
      "geetika"
    ]
  },
  {
    "value": "maya",
    "synonyms": [
      "maya"
    ]
  },
  {
    "value": "minatchy",
    "synonyms": [
      "minatchy"
    ]
  },
  {
    "value": "kshitija",
    "synonyms": [
      "kshitija"
    ]
  },
  {
    "value": "manjika",
    "synonyms": [
      "manjika"
    ]
  },
  {
    "value": "jayashri",
    "synonyms": [
      "jayashri"
    ]
  },
  {
    "value": "mala",
    "synonyms": [
      "mala"
    ]
  },
  {
    "value": "shardula",
    "synonyms": [
      "shardula"
    ]
  },
  {
    "value": "sheela",
    "synonyms": [
      "sheela",
      "shila"
    ]
  },
  {
    "value": "parveti",
    "synonyms": [
      "parveti"
    ]
  },
  {
    "value": "sumati",
    "synonyms": [
      "sumati"
    ]
  },
  {
    "value": "sarlespadee",
    "synonyms": [
      "sarlespadee"
    ]
  },
  {
    "value": "swapna",
    "synonyms": [
      "swapna"
    ]
  },
  {
    "value": "aravinda",
    "synonyms": [
      "aravinda"
    ]
  },
  {
    "value": "abhay",
    "synonyms": [
      "abhay"
    ]
  },
  {
    "value": "ajit",
    "synonyms": [
      "ajit"
    ]
  },
  {
    "value": "devmani",
    "synonyms": [
      "devmani"
    ]
  },
  {
    "value": "vassanty",
    "synonyms": [
      "vassanty"
    ]
  },
  {
    "value": "usha",
    "synonyms": [
      "usha"
    ]
  },
  {
    "value": "aruna",
    "synonyms": [
      "aruna"
    ]
  },
  {
    "value": "avinash",
    "synonyms": [
      "avinash"
    ]
  },
  {
    "value": "dayaram",
    "synonyms": [
      "dayaram"
    ]
  },
  {
    "value": "vijay",
    "synonyms": [
      "vijay"
    ]
  },
  {
    "value": "anuj",
    "synonyms": [
      "anuj"
    ]
  },
  {
    "value": "gopal krishna",
    "synonyms": [
      "gopal krishna",
      "gopalkrishna"
    ]
  },
  {
    "value": "murli",
    "synonyms": [
      "murli"
    ]
  },
  {
    "value": "divyam",
    "synonyms": [
      "divyam"
    ]
  },
  {
    "value": "mukesh",
    "synonyms": [
      "mukesh"
    ]
  },
  {
    "value": "nala",
    "synonyms": [
      "nala"
    ]
  },
  {
    "value": "kamaraj",
    "synonyms": [
      "kamaraj"
    ]
  },
  {
    "value": "nitin",
    "synonyms": [
      "nitin"
    ]
  },
  {
    "value": "narayanin",
    "synonyms": [
      "narayanin"
    ]
  },
  {
    "value": "pankaj",
    "synonyms": [
      "pankaj"
    ]
  },
  {
    "value": "laxmimal",
    "synonyms": [
      "laxmimal"
    ]
  },
  {
    "value": "rajesh",
    "synonyms": [
      "rajesh"
    ]
  },
  {
    "value": "prince",
    "synonyms": [
      "prince"
    ]
  },
  {
    "value": "abisekh",
    "synonyms": [
      "abisekh"
    ]
  },
  {
    "value": "ritik",
    "synonyms": [
      "ritik"
    ]
  },
  {
    "value": "yash",
    "synonyms": [
      "yash"
    ]
  },
  {
    "value": "puru",
    "synonyms": [
      "puru"
    ]
  },
  {
    "value": "kshitiz",
    "synonyms": [
      "kshitiz"
    ]
  },
  {
    "value": "juben",
    "synonyms": [
      "juben"
    ]
  },
  {
    "value": "tanvishi",
    "synonyms": [
      "tanvishi"
    ]
  },
  {
    "value": "sonal",
    "synonyms": [
      "sonal"
    ]
  },
  {
    "value": "prashant",
    "synonyms": [
      "prashant"
    ]
  },
  {
    "value": "Banke bihari",
    "synonyms": [
      "Banke bihari"
    ]
  },
  {
    "value": "anandita",
    "synonyms": [
      "anandita"
    ]
  },
  {
    "value": "damayanti",
    "synonyms": [
      "damayanti"
    ]
  },
  {
    "value": "chandra-kanta",
    "synonyms": [
      "chandra-kanta"
    ]
  },
  {
    "value": "lochana",
    "synonyms": [
      "lochana"
    ]
  },
  {
    "value": "laili",
    "synonyms": [
      "laili"
    ]
  },
  {
    "value": "dipti",
    "synonyms": [
      "dipti",
      "deepti"
    ]
  },
  {
    "value": "manju",
    "synonyms": [
      "manju"
    ]
  },
  {
    "value": "kirtida",
    "synonyms": [
      "kirtida"
    ]
  },
  {
    "value": "kaveri",
    "synonyms": [
      "kaveri",
      "kaweri"
    ]
  },
  {
    "value": "lavanya",
    "synonyms": [
      "lavanya"
    ]
  },
  {
    "value": "kashi",
    "synonyms": [
      "kashi"
    ]
  },
  {
    "value": "leela",
    "synonyms": [
      "leela"
    ]
  },
  {
    "value": "oumarani",
    "synonyms": [
      "oumarani"
    ]
  },
  {
    "value": "nitika",
    "synonyms": [
      "nitika"
    ]
  },
  {
    "value": "ravija",
    "synonyms": [
      "ravija"
    ]
  },
  {
    "value": "shivali",
    "synonyms": [
      "shivali"
    ]
  },
  {
    "value": "sulabha",
    "synonyms": [
      "sulabha"
    ]
  },
  {
    "value": "rachna",
    "synonyms": [
      "rachna"
    ]
  },
  {
    "value": "swati",
    "synonyms": [
      "swati"
    ]
  },
  {
    "value": "urvi",
    "synonyms": [
      "urvi"
    ]
  },
  {
    "value": "trishna",
    "synonyms": [
      "trishna"
    ]
  },
  {
    "value": "suniti",
    "synonyms": [
      "suniti"
    ]
  },
  {
    "value": "chandrakant",
    "synonyms": [
      "chandrakant"
    ]
  },
  {
    "value": "vasundhara",
    "synonyms": [
      "vasundhara"
    ]
  },
  {
    "value": "akash",
    "synonyms": [
      "akash"
    ]
  },
  {
    "value": "baldev",
    "synonyms": [
      "baldev"
    ]
  },
  {
    "value": "ananta sesa",
    "synonyms": [
      "ananta sesa",
      "anantasesa"
    ]
  },
  {
    "value": "dharma",
    "synonyms": [
      "dharma"
    ]
  },
  {
    "value": "harisha",
    "synonyms": [
      "harisha"
    ]
  },
  {
    "value": "ganpati",
    "synonyms": [
      "ganpati"
    ]
  },
  {
    "value": "hemachandra",
    "synonyms": [
      "hemachandra"
    ]
  },
  {
    "value": "drupada",
    "synonyms": [
      "drupada"
    ]
  },
  {
    "value": "lekha",
    "synonyms": [
      "lekha"
    ]
  },
  {
    "value": "kadivel",
    "synonyms": [
      "kadivel"
    ]
  },
  {
    "value": "madhav",
    "synonyms": [
      "madhav"
    ]
  },
  {
    "value": "mogaya",
    "synonyms": [
      "mogaya"
    ]
  },
  {
    "value": "nirmal",
    "synonyms": [
      "nirmal"
    ]
  },
  {
    "value": "nil",
    "synonyms": [
      "nil",
      "neel"
    ]
  },
  {
    "value": "bpk",
    "synonyms": [
      "bpk"
    ]
  },
  {
    "value": "yaman",
    "synonyms": [
      "yaman"
    ]
  },
  {
    "value": "garvit",
    "synonyms": [
      "garvit"
    ]
  },
  {
    "value": "muskan",
    "synonyms": [
      "muskan"
    ]
  },
  {
    "value": "dheeraj",
    "synonyms": [
      "dheeraj"
    ]
  },
  {
    "value": "noble",
    "synonyms": [
      "noble"
    ]
  },
  {
    "value": "vishal",
    "synonyms": [
      "vishal"
    ]
  },
  {
    "value": "mayank",
    "synonyms": [
      "mayank"
    ]
  },
  {
    "value": "priya",
    "synonyms": [
      "priya"
    ]
  },
  {
    "value": "milan",
    "synonyms": [
      "milan"
    ]
  },
  {
    "value": "darshana",
    "synonyms": [
      "darshana"
    ]
  },
  {
    "value": "aradhana",
    "synonyms": [
      "aradhana"
    ]
  },
  {
    "value": "kalinda",
    "synonyms": [
      "kalinda"
    ]
  },
  {
    "value": "kausalya",
    "synonyms": [
      "kausalya",
      "kaushalya"
    ]
  },
  {
    "value": "minali",
    "synonyms": [
      "minali"
    ]
  },
  {
    "value": "gowri",
    "synonyms": [
      "gowri"
    ]
  },
  {
    "value": "kishori",
    "synonyms": [
      "kishori"
    ]
  },
  {
    "value": "manjula",
    "synonyms": [
      "manjula"
    ]
  },
  {
    "value": "malini",
    "synonyms": [
      "malini"
    ]
  },
  {
    "value": "divya",
    "synonyms": [
      "divya"
    ]
  },
  {
    "value": "kala",
    "synonyms": [
      "kala"
    ]
  },
  {
    "value": "manjusha",
    "synonyms": [
      "manjusha"
    ]
  },
  {
    "value": "kamini",
    "synonyms": [
      "kamini"
    ]
  },
  {
    "value": "revathi",
    "synonyms": [
      "revathi",
      "revati"
    ]
  },
  {
    "value": "sundari",
    "synonyms": [
      "sundari"
    ]
  },
  {
    "value": "nitia",
    "synonyms": [
      "nitia"
    ]
  },
  {
    "value": "savita",
    "synonyms": [
      "savita"
    ]
  },
  {
    "value": "soubama",
    "synonyms": [
      "soubama"
    ]
  },
  {
    "value": "sonal",
    "synonyms": [
      "sonal"
    ]
  },
  {
    "value": "rajani",
    "synonyms": [
      "rajani",
      "rajni"
    ]
  },
  {
    "value": "soma",
    "synonyms": [
      "soma"
    ]
  },
  {
    "value": "sumitra",
    "synonyms": [
      "sumitra"
    ]
  },
  {
    "value": "devadas",
    "synonyms": [
      "devadas"
    ]
  },
  {
    "value": "dhaval",
    "synonyms": [
      "dhaval"
    ]
  },
  {
    "value": "dev",
    "synonyms": [
      "dev"
    ]
  },
  {
    "value": "brijesha",
    "synonyms": [
      "brijesha"
    ]
  },
  {
    "value": "venilla",
    "synonyms": [
      "venilla"
    ]
  },
  {
    "value": "chander",
    "synonyms": [
      "chander"
    ]
  },
  {
    "value": "ashok",
    "synonyms": [
      "ashok"
    ]
  },
  {
    "value": "bhaskara",
    "synonyms": [
      "bhaskara"
    ]
  },
  {
    "value": "gopinath",
    "synonyms": [
      "gopinath"
    ]
  },
  {
    "value": "kalyan",
    "synonyms": [
      "kalyan"
    ]
  },
  {
    "value": "moryl",
    "synonyms": [
      "moryl"
    ]
  },
  {
    "value": "laxman",
    "synonyms": [
      "laxman"
    ]
  },
  {
    "value": "govinda",
    "synonyms": [
      "govinda"
    ]
  },
  {
    "value": "nirav",
    "synonyms": [
      "nirav",
      "neerav"
    ]
  },
  {
    "value": "natraj",
    "synonyms": [
      "natraj",
      "nataraj"
    ]
  },
  {
    "value": "rama",
    "synonyms": [
      "rama"
    ]
  },
  {
    "value": "akhilesh",
    "synonyms": [
      "akhilesh"
    ]
  },
  {
    "value": "annu",
    "synonyms": [
      "annu"
    ]
  },
  {
    "value": "birjesh",
    "synonyms": [
      "birjesh"
    ]
  },
  {
    "value": "ananya",
    "synonyms": [
      "ananya"
    ]
  },
  {
    "value": "siddhart",
    "synonyms": [
      "siddhart"
    ]
  },
  {
    "value": "rahil",
    "synonyms": [
      "rahil"
    ]
  },
  {
    "value": "paramveer",
    "synonyms": [
      "paramveer"
    ]
  },
  {
    "value": "shiv shankar sharma",
    "synonyms": [
      "shiv shankar sharma"
    ]
  },
  {
    "value": "nitin",
    "synonyms": [
      "nitin"
    ]
  },
  {
    "value": "rishab",
    "synonyms": [
      "rishab"
    ]
  },
  {
    "value": "sanket",
    "synonyms": [
      "sanket"
    ]
  },
  {
    "value": "tanupriya",
    "synonyms": [
      "tanupriya"
    ]
  },
  {
    "value": "tushar",
    "synonyms": [
      "tushar"
    ]
  },
  {
    "value": "avani",
    "synonyms": [
      "avani"
    ]
  },
  {
    "value": "anima",
    "synonyms": [
      "anima"
    ]
  },
  {
    "value": "chanda",
    "synonyms": [
      "chanda"
    ]
  },
  {
    "value": "brinda",
    "synonyms": [
      "brinda"
    ]
  },
  {
    "value": "daya",
    "synonyms": [
      "daya"
    ]
  },
  {
    "value": "jarita",
    "synonyms": [
      "jarita"
    ]
  },
  {
    "value": "devika",
    "synonyms": [
      "devika"
    ]
  },
  {
    "value": "iia",
    "synonyms": [
      "iia"
    ]
  },
  {
    "value": "jyoti",
    "synonyms": [
      "jyoti"
    ]
  },
  {
    "value": "manisha",
    "synonyms": [
      "manisha"
    ]
  },
  {
    "value": "nalini",
    "synonyms": [
      "nalini"
    ]
  },
  {
    "value": "minakshi",
    "synonyms": [
      "minakshi",
      "meenakshi"
    ]
  },
  {
    "value": "koumari",
    "synonyms": [
      "koumari",
      "kumari"
    ]
  },
  {
    "value": "kunti",
    "synonyms": [
      "kunti"
    ]
  },
  {
    "value": "kanaman",
    "synonyms": [
      "kanaman"
    ]
  },
  {
    "value": "reena",
    "synonyms": [
      "reena"
    ]
  },
  {
    "value": "nirupama",
    "synonyms": [
      "nirupama"
    ]
  },
  {
    "value": "shri",
    "synonyms": [
      "shri"
    ]
  },
  {
    "value": "samda",
    "synonyms": [
      "samda"
    ]
  },
  {
    "value": "savitri",
    "synonyms": [
      "savitri"
    ]
  },
  {
    "value": "padma",
    "synonyms": [
      "padma"
    ]
  },
  {
    "value": "deepak",
    "synonyms": [
      "deepak"
    ]
  },
  {
    "value": "deva",
    "synonyms": [
      "deva"
    ]
  },
  {
    "value": "swarna",
    "synonyms": [
      "swarna"
    ]
  },
  {
    "value": "aditya",
    "synonyms": [
      "aditya"
    ]
  },
  {
    "value": "arjun",
    "synonyms": [
      "arjun"
    ]
  },
  {
    "value": "devdan",
    "synonyms": [
      "devdan"
    ]
  },
  {
    "value": "vindhya",
    "synonyms": [
      "vindhya"
    ]
  },
  {
    "value": "chanemouga",
    "synonyms": [
      "chanemouga"
    ]
  },
  {
    "value": "vena",
    "synonyms": [
      "vena",
      "veena",
      "vina"
    ]
  },
  {
    "value": "jagjit",
    "synonyms": [
      "jagjit",
      "jagjeet"
    ]
  },
  {
    "value": "laksḥman",
    "synonyms": [
      "laksḥman"
    ]
  },
  {
    "value": "kavi",
    "synonyms": [
      "kavi"
    ]
  },
  {
    "value": "kesavane",
    "synonyms": [
      "kesavane"
    ]
  },
  {
    "value": "harendra",
    "synonyms": [
      "harendra"
    ]
  },
  {
    "value": "mayur",
    "synonyms": [
      "mayur"
    ]
  },
  {
    "value": "madhukar",
    "synonyms": [
      "madhukar"
    ]
  },
  {
    "value": "nagendra",
    "synonyms": [
      "nagendra"
    ]
  },
  {
    "value": "ratan",
    "synonyms": [
      "ratan"
    ]
  },
  {
    "value": "rohan",
    "synonyms": [
      "rohan"
    ]
  },
  {
    "value": "perumal",
    "synonyms": [
      "perumal"
    ]
  },
  {
    "value": "ashish",
    "synonyms": [
      "ashish",
      "aashish"
    ]
  },
  {
    "value": "vimal",
    "synonyms": [
      "vimal"
    ]
  },
  {
    "value": "raman",
    "synonyms": [
      "raman"
    ]
  },
  {
    "value": "shruti",
    "synonyms": [
      "shruti"
    ]
  },
  {
    "value": "rinku",
    "synonyms": [
      "rinku"
    ]
  },
  {
    "value": "bhavna",
    "synonyms": [
      "bhavna"
    ]
  },
  {
    "value": "shivam",
    "synonyms": [
      "shivam"
    ]
  },
  {
    "value": "hritik",
    "synonyms": [
      "hritik"
    ]
  },
  {
    "value": "kartik",
    "synonyms": [
      "kartik"
    ]
  },
  {
    "value": "shreya",
    "synonyms": [
      "shreya"
    ]
  },
  {
    "value": "atharv",
    "synonyms": [
      "atharv"
    ]
  },
  {
    "value": "taruni",
    "synonyms": [
      "taruni"
    ]
  },
  {
    "value": "khushboo",
    "synonyms": [
      "khushboo"
    ]
  },
  {
    "value": "Arpit",
    "synonyms": [
      "Arpit"
    ]
  },
  {
    "value": "Aayushi",
    "synonyms": [
      "Aayushi"
    ]
  },
  {
    "value": "Candrika",
    "synonyms": [
      "Candrika"
    ]
  },
  {
    "value": "Rakesh",
    "synonyms": [
      "Rakesh"
    ]
  },
  {
    "value": "Khemraj",
    "synonyms": [
      "Khemraj"
    ]
  },
  {
    "value": "priyanshi",
    "synonyms": [
      "priyanshi"
    ]
  },
  {
    "value": "rajat",
    "synonyms": [
      "rajat"
    ]
  },
  {
    "value": "rajjo",
    "synonyms": [
      "rajjo"
    ]
  }
]