[
  {
    "value": "raam raam",
    "synonyms": [
      "ram ram"
    ]
  },
  {
    "value": "hey",
    "synonyms": [
      "hey"
    ]
  },
  {
    "value": "radhe radhe",
    "synonyms": [
      "radhe radhe"
    ]
  },
  {
    "value": "jai jinendra",
    "synonyms": [
      "jai jinendra"
    ]
  },
  {
    "value": "ghani khamma",
    "synonyms": [
      "ghani khamma"
    ]
  },
  {
    "value": "Hi",
    "synonyms": [
      "Hi"
    ]
  },
  {
    "value": "hello",
    "synonyms": [
      "hello"
    ]
  },
  {
    "value": "pranaam",
    "synonyms": [
      "pranaam"
    ]
  },
  {
    "value": "Hola",
    "synonyms": [
      "Hola"
    ]
  },
  {
    "value": "नमस्ते",
    "synonyms": [
      "नमस्ते"
    ]
  },
  {
    "value": "Hello gyaniji",
    "synonyms": [
      "Hello gyaniji"
    ]
  },
  {
    "value": "Hello gyani",
    "synonyms": [
      "Hello gyani"
    ]
  },
  {
    "value": "hey ya",
    "synonyms": [
      "hey ya"
    ]
  },
  {
    "value": "jai mata di",
    "synonyms": [
      "jai mata di"
    ]
  },
  {
    "value": "Hello my dear friend",
    "synonyms": [
      "Hello my dear friend"
    ]
  },
  {
    "value": "namaste",
    "synonyms": [
      "namaste",
      "pranam"
    ]
  },
  {
    "value": "प्रणाम",
    "synonyms": [
      "प्रणाम"
    ]
  }
]