[
  {
    "value": "pranaam",
    "synonyms": [
      "pranaam"
    ]
  },
  {
    "value": "hey",
    "synonyms": [
      "hey"
    ]
  },
  {
    "value": "radhe radhe",
    "synonyms": [
      "radhe radhe"
    ]
  },
  {
    "value": "ghani khamma",
    "synonyms": [
      "ghani khamma"
    ]
  },
  {
    "value": "hola",
    "synonyms": [
      "hola"
    ]
  },
  {
    "value": "jai jinendra",
    "synonyms": [
      "jai jinendra"
    ]
  },
  {
    "value": "namaste",
    "synonyms": [
      "namaste"
    ]
  },
  {
    "value": "hey hi",
    "synonyms": [
      "hey hi"
    ]
  },
  {
    "value": "hi",
    "synonyms": [
      "hi"
    ]
  },
  {
    "value": "hello",
    "synonyms": [
      "hello"
    ]
  },
  {
    "value": "ram ram",
    "synonyms": [
      "ram ram"
    ]
  },
  {
    "value": "hello my dear friend",
    "synonyms": [
      "hello my dear friend"
    ]
  },
  {
    "value": "hello gyaniji",
    "synonyms": [
      "hello gyaniji"
    ]
  },
  {
    "value": "hello gyani 1.0",
    "synonyms": [
      "hello gyani 1.0"
    ]
  },
  {
    "value": "hello gyani",
    "synonyms": [
      "hello gyani"
    ]
  }
]