[
  {
    "id": "d0fc9012-5df3-4820-a7d9-5830887bc78e",
    "data": [
      {
        "text": "can you tell me about yourself",
        "userDefined": false
      }
    ],
    "isTemplate": false,
    "count": 0,
    "updated": 1527869184
  },
  {
    "id": "f3acc6d7-b9c1-47d9-8e88-0835f4625865",
    "data": [
      {
        "text": "about you ?",
        "userDefined": false
      }
    ],
    "isTemplate": false,
    "count": 0,
    "updated": 1527869184
  },
  {
    "id": "1dd12959-a358-4eca-86d2-b11187bc3e01",
    "data": [
      {
        "text": "who are you ?",
        "userDefined": false
      }
    ],
    "isTemplate": false,
    "count": 0,
    "updated": 1527869184
  },
  {
    "id": "35752e92-9ca1-4290-aaf4-657ed33d6ec2",
    "data": [
      {
        "text": "Talk about yourself?",
        "userDefined": false
      }
    ],
    "isTemplate": false,
    "count": 0,
    "updated": 1527869184
  },
  {
    "id": "2d75ca24-9373-4133-bf41-c77aa5c5332a",
    "data": [
      {
        "text": "what are you ?",
        "userDefined": false
      }
    ],
    "isTemplate": false,
    "count": 0,
    "updated": 1527869184
  },
  {
    "id": "7f1f63ce-3c9a-4d58-8668-8ceebf2ce45c",
    "data": [
      {
        "text": "People are here to know about you,can you tell me something about yourself",
        "userDefined": false
      }
    ],
    "isTemplate": false,
    "count": 0,
    "updated": 1527873846
  }
]