[
  {
    "id": "7d2151d8-3e71-49d4-92eb-60c2e9896bf4",
    "data": [
      {
        "text": "can you tell me who\u0027s your favourite  actor",
        "userDefined": false
      }
    ],
    "isTemplate": false,
    "count": 0,
    "updated": 1532075765
  },
  {
    "id": "81e9ba77-24e1-49f2-acf7-1bde4cec6ec6",
    "data": [
      {
        "text": "favourite actor",
        "userDefined": false
      }
    ],
    "isTemplate": false,
    "count": 0,
    "updated": 1532075572
  },
  {
    "id": "6a7a371d-5c31-42e0-81f5-a95b095c7a03",
    "data": [
      {
        "text": "actor",
        "userDefined": false
      }
    ],
    "isTemplate": false,
    "count": 0,
    "updated": 1532075572
  },
  {
    "id": "a22b394f-84c2-4c79-a6d8-f0368295629b",
    "data": [
      {
        "text": "which actor do you like the most",
        "userDefined": false
      }
    ],
    "isTemplate": false,
    "count": 0,
    "updated": 1532075765
  }
]