[
  {
    "id": "0247ec12-f4c2-4195-bb5a-47d20f08481e",
    "data": [
      {
        "text": "alma connect",
        "userDefined": false
      }
    ],
    "isTemplate": false,
    "count": 0,
    "updated": 1525431752
  },
  {
    "id": "44beb461-91a0-43d3-bbf0-d100cbd95471",
    "data": [
      {
        "text": "alumini",
        "userDefined": false
      }
    ],
    "isTemplate": false,
    "count": 0,
    "updated": 1525431752
  },
  {
    "id": "0880ee98-131e-4870-b8a2-959a5fd8afc3",
    "data": [
      {
        "text": "old students",
        "userDefined": false
      }
    ],
    "isTemplate": false,
    "count": 0,
    "updated": 1525431752
  }
]