[
  {
    "id": "de821539-c40c-41e4-bfb2-f131772a0deb",
    "data": [
      {
        "text": "can you say ",
        "userDefined": false
      },
      {
        "text": "it",
        "meta": "@sys.ignore",
        "userDefined": false
      },
      {
        "text": " again",
        "userDefined": false
      }
    ],
    "isTemplate": false,
    "count": 0,
    "updated": 1523633804
  },
  {
    "id": "dd322066-592c-4fb0-9912-441575c4d28b",
    "data": [
      {
        "text": "sorry",
        "userDefined": false
      }
    ],
    "isTemplate": false,
    "count": 0,
    "updated": 1523633804
  },
  {
    "id": "6e55d3d9-581f-430f-baa8-6a20afca0f36",
    "data": [
      {
        "text": "what",
        "userDefined": false
      }
    ],
    "isTemplate": false,
    "count": 0,
    "updated": 1523633804
  },
  {
    "id": "0f8c404c-a4ef-46b1-ac23-433d36084927",
    "data": [
      {
        "text": "pardon",
        "userDefined": false
      }
    ],
    "isTemplate": false,
    "count": 0,
    "updated": 1523633804
  },
  {
    "id": "235e5acc-0cc7-464c-9d0e-eddc7ea8e0db",
    "data": [
      {
        "text": "again",
        "userDefined": false
      }
    ],
    "isTemplate": false,
    "count": 0,
    "updated": 1523633804
  },
  {
    "id": "9d2482e8-b3f3-42c4-b81e-be4d682a51cc",
    "data": [
      {
        "text": "repeat",
        "userDefined": false
      }
    ],
    "isTemplate": false,
    "count": 0,
    "updated": 1523633804
  }
]