[
  {
    "id": "9ad7070c-0ef0-4a73-b5e7-a7cf3a67e57d",
    "data": [
      {
        "text": "enigma",
        "userDefined": false
      }
    ],
    "isTemplate": false,
    "count": 0,
    "updated": 1523633316
  },
  {
    "id": "39d2c4b4-f0e5-413f-841e-57e43dcf1aa7",
    "data": [
      {
        "text": "anigma group",
        "userDefined": false
      }
    ],
    "isTemplate": false,
    "count": 0,
    "updated": 1523633316
  },
  {
    "id": "64424ae6-50a7-4e66-967d-b8ef227b8978",
    "data": [
      {
        "text": "enigma group",
        "userDefined": false
      }
    ],
    "isTemplate": false,
    "count": 0,
    "updated": 1523633316
  }
]