[
  {
    "id": "d9c15db2-08cd-4790-b41f-ba03bd570152",
    "data": [
      {
        "text": "enigma",
        "userDefined": false
      }
    ],
    "isTemplate": false,
    "count": 0,
    "updated": 1523633316
  },
  {
    "id": "f99a5a33-6f91-4edd-bba5-c8b431baea68",
    "data": [
      {
        "text": "anigma group",
        "userDefined": false
      }
    ],
    "isTemplate": false,
    "count": 0,
    "updated": 1523633316
  },
  {
    "id": "0371995b-7c5c-4fd3-aecc-a9ddab200f5c",
    "data": [
      {
        "text": "enigma group",
        "userDefined": false
      }
    ],
    "isTemplate": false,
    "count": 0,
    "updated": 1523633316
  }
]