[
  {
    "id": "3845267f-1aa1-478d-9359-65ee00b7460a",
    "data": [
      {
        "text": "Okay i am giving you last chance",
        "userDefined": false
      }
    ],
    "isTemplate": false,
    "count": 0,
    "updated": 1536825447
  },
  {
    "id": "49803a62-a50c-4697-a5ab-27ff34c5b01a",
    "data": [
      {
        "text": "Ok you are in",
        "userDefined": false
      }
    ],
    "isTemplate": false,
    "count": 0,
    "updated": 1536825447
  },
  {
    "id": "aa96258a-2bfc-4ca5-842a-35d30045d00e",
    "data": [
      {
        "text": "No problem",
        "userDefined": false
      }
    ],
    "isTemplate": false,
    "count": 0,
    "updated": 1536825447
  },
  {
    "id": "794b2e82-9d08-4204-b800-7fc568f3e153",
    "data": [
      {
        "text": "Ok",
        "userDefined": false
      }
    ],
    "isTemplate": false,
    "count": 0,
    "updated": 1536825447
  }
]