[
  {
    "id": "ecf39c6c-a7a7-4b61-a0f0-0e517df70e72",
    "data": [
      {
        "text": "what",
        "userDefined": false
      }
    ],
    "isTemplate": false,
    "count": 0,
    "updated": 1523686279
  },
  {
    "id": "8411c0d0-3f38-4ef8-ad80-0205d6eabb49",
    "data": [
      {
        "text": "pardon",
        "userDefined": false
      }
    ],
    "isTemplate": false,
    "count": 0,
    "updated": 1523686279
  },
  {
    "id": "afcad184-ec9b-41dd-8f72-bb0a6c12d8ac",
    "data": [
      {
        "text": "again",
        "userDefined": false
      }
    ],
    "isTemplate": false,
    "count": 0,
    "updated": 1523686279
  },
  {
    "id": "9a47e9ab-2fee-4055-8d23-fcc24b3b43e0",
    "data": [
      {
        "text": "repeat again",
        "userDefined": false
      }
    ],
    "isTemplate": false,
    "count": 0,
    "updated": 1523686279
  },
  {
    "id": "833ea710-8445-4249-9161-78ce98da45a2",
    "data": [
      {
        "text": "sorry",
        "userDefined": false
      }
    ],
    "isTemplate": false,
    "count": 0,
    "updated": 1523686279
  },
  {
    "id": "13c71681-29f7-4df2-a64b-a12f7387c95f",
    "data": [
      {
        "text": "can you say ",
        "userDefined": false
      },
      {
        "text": "it",
        "meta": "@sys.ignore",
        "userDefined": false
      },
      {
        "text": " again",
        "userDefined": false
      }
    ],
    "isTemplate": false,
    "count": 0,
    "updated": 1523686279
  }
]