[
  {
    "id": "3137d1af-c75e-41ab-956e-a4255af79ac0",
    "data": [
      {
        "text": "bajrangi group",
        "userDefined": false
      }
    ],
    "isTemplate": false,
    "count": 0,
    "updated": 1523529456
  },
  {
    "id": "2511335a-4f85-46a0-91d3-b1bdc0f9baa8",
    "data": [
      {
        "text": "atrangi group",
        "userDefined": false
      }
    ],
    "isTemplate": false,
    "count": 0,
    "updated": 1523529456
  },
  {
    "id": "9fbe5b06-6814-4f31-bed1-243eebd79a86",
    "data": [
      {
        "text": "attrangi group",
        "userDefined": false
      }
    ],
    "isTemplate": false,
    "count": 0,
    "updated": 1523529456
  }
]