[
  {
    "id": "e5960e18-9a09-4e0a-b806-e9f22d5acf0b",
    "data": [
      {
        "text": "a",
        "userDefined": false
      }
    ],
    "isTemplate": false,
    "count": 0,
    "updated": 1523608060
  },
  {
    "id": "788fd954-f3d6-4718-b765-7a4207d9d94b",
    "data": [
      {
        "text": "number of students involved",
        "userDefined": false
      }
    ],
    "isTemplate": false,
    "count": 0,
    "updated": 1523608060
  },
  {
    "id": "247015fa-b880-4781-b871-861d0b5b1def",
    "data": [
      {
        "text": "head",
        "userDefined": false
      }
    ],
    "isTemplate": false,
    "count": 0,
    "updated": 1523608060
  },
  {
    "id": "e5c00c9b-09aa-41a0-a8ea-5f014613b605",
    "data": [
      {
        "text": "more about ",
        "userDefined": false
      },
      {
        "text": "it",
        "meta": "@sys.ignore",
        "userDefined": false
      }
    ],
    "isTemplate": false,
    "count": 0,
    "updated": 1523537036
  },
  {
    "id": "2c8b1e02-2721-4159-b1c9-ba7b90a74ff7",
    "data": [
      {
        "text": "major events of attrangi",
        "userDefined": false
      }
    ],
    "isTemplate": false,
    "count": 0,
    "updated": 1523536614
  },
  {
    "id": "65a87997-1135-4bfc-aa62-b310f865f0cb",
    "data": [
      {
        "text": "more information",
        "userDefined": false
      }
    ],
    "isTemplate": false,
    "count": 0,
    "updated": 1523536614
  },
  {
    "id": "3b47bb10-bf3d-4bf0-9a64-0b966c1f3f95",
    "data": [
      {
        "text": "some further information",
        "userDefined": false
      }
    ],
    "isTemplate": false,
    "count": 0,
    "updated": 1523536614
  },
  {
    "id": "c9337a00-3962-4f7c-96ce-b7b408c23b5f",
    "data": [
      {
        "text": "contact",
        "userDefined": false
      }
    ],
    "isTemplate": false,
    "count": 0,
    "updated": 1523536614
  },
  {
    "id": "48036b2d-e246-48f5-a9bd-f633f728743b",
    "data": [
      {
        "text": "take part in ",
        "userDefined": false
      },
      {
        "text": "it",
        "meta": "@sys.ignore",
        "userDefined": false
      }
    ],
    "isTemplate": false,
    "count": 1,
    "updated": 1523536614
  },
  {
    "id": "bb91cd65-34e3-45bc-9b1d-505f6026212b",
    "data": [
      {
        "text": "participate",
        "userDefined": false
      }
    ],
    "isTemplate": false,
    "count": 0,
    "updated": 1523536614
  }
]