[
  {
    "id": "c7b2e379-e2bd-4b12-bd66-1f6cdfad6e67",
    "data": [
      {
        "text": "block",
        "userDefined": false
      }
    ],
    "isTemplate": false,
    "count": 0,
    "updated": 1524570005
  },
  {
    "id": "9e0b3bd7-dfcd-4538-a1fc-2edec1f07fb3",
    "data": [
      {
        "text": "b block details",
        "userDefined": false
      }
    ],
    "isTemplate": false,
    "count": 0,
    "updated": 1524569702
  },
  {
    "id": "3a9cab03-64aa-4645-bbd5-7609881405fd",
    "data": [
      {
        "text": "details of b block",
        "userDefined": false
      }
    ],
    "isTemplate": false,
    "count": 0,
    "updated": 1524569702
  },
  {
    "id": "61c00a41-c084-427f-a930-15c47164607e",
    "data": [
      {
        "text": "block b",
        "userDefined": false
      }
    ],
    "isTemplate": false,
    "count": 0,
    "updated": 1524569702
  }
]