[
  {
    "id": "5028c337-2fd3-46b6-896f-b8a4555f4630",
    "data": [
      {
        "text": "jcafe",
        "userDefined": false
      }
    ],
    "isTemplate": false,
    "count": 0,
    "updated": 1523634760
  },
  {
    "id": "a8a2bf27-c841-4c66-af8e-8b5edb668cfd",
    "data": [
      {
        "text": "J Cafe",
        "userDefined": false
      }
    ],
    "isTemplate": false,
    "count": 0,
    "updated": 1523634760
  },
  {
    "id": "538a6f21-0a53-461c-a432-5ce10c1fc6f1",
    "data": [
      {
        "text": "cafe",
        "userDefined": false
      }
    ],
    "isTemplate": false,
    "count": 0,
    "updated": 1523634760
  },
  {
    "id": "ed3567ac-1a97-439e-a015-2acff9869d47",
    "data": [
      {
        "text": "timings of cafeteria?",
        "userDefined": false
      }
    ],
    "isTemplate": false,
    "count": 0,
    "updated": 1523634760
  },
  {
    "id": "b91fca16-b4cd-4c36-ac6b-b8c775bcdffa",
    "data": [
      {
        "text": "cafeteria located?",
        "userDefined": false
      }
    ],
    "isTemplate": false,
    "count": 0,
    "updated": 1523634760
  },
  {
    "id": "d4e2fb5a-bcfa-4ac1-b3ed-9a8591398e8e",
    "data": [
      {
        "text": "cafetria",
        "userDefined": false
      }
    ],
    "isTemplate": false,
    "count": 0,
    "updated": 1523634760
  },
  {
    "id": "77bf8194-036b-4ca0-9a8d-51693ecb1cf9",
    "data": [
      {
        "text": "cafeteria",
        "userDefined": false
      }
    ],
    "isTemplate": false,
    "count": 0,
    "updated": 1523634760
  }
]