[
  {
    "id": "b855b36f-ca95-4dce-a788-c1c82eedcd9e",
    "data": [
      {
        "text": "again",
        "userDefined": false
      }
    ],
    "isTemplate": false,
    "count": 0,
    "updated": 1523459084
  },
  {
    "id": "b2afe0d6-1fbe-4809-822c-b158eece2fba",
    "data": [
      {
        "text": "say ",
        "userDefined": false
      },
      {
        "text": "it",
        "meta": "@sys.ignore",
        "userDefined": false
      },
      {
        "text": " again",
        "userDefined": false
      }
    ],
    "isTemplate": false,
    "count": 0,
    "updated": 1523459084
  },
  {
    "id": "f331fdda-a238-45f4-a2db-8799a7fa0c34",
    "data": [
      {
        "text": "pardon",
        "userDefined": false
      }
    ],
    "isTemplate": false,
    "count": 0,
    "updated": 1523459084
  },
  {
    "id": "b3a38f7d-95f6-4185-91c0-3008d3c759f5",
    "data": [
      {
        "text": "repeat",
        "userDefined": false
      }
    ],
    "isTemplate": false,
    "count": 0,
    "updated": 1523459084
  },
  {
    "id": "9d386e58-6392-4f83-90e2-56fe9cc69582",
    "data": [
      {
        "text": "sorry",
        "userDefined": false
      }
    ],
    "isTemplate": false,
    "count": 0,
    "updated": 1523459084
  }
]