[
  {
    "id": "b30b350d-86a6-46c7-a46c-cc20a07a2639",
    "data": [
      {
        "text": "can you tell me about jecrc campus",
        "userDefined": false
      }
    ],
    "isTemplate": false,
    "count": 0,
    "updated": 1524839081
  },
  {
    "id": "f7ea6b60-32c6-4eaf-bca6-fbf5354281c7",
    "data": [
      {
        "text": "infrastructure of this college",
        "userDefined": false
      }
    ],
    "isTemplate": false,
    "count": 0,
    "updated": 1525075778
  },
  {
    "id": "5ab8184c-c643-487c-97f4-22df2d42bb02",
    "data": [
      {
        "text": "campus",
        "userDefined": false
      }
    ],
    "isTemplate": false,
    "count": 0,
    "updated": 1524839081
  }
]