[
  {
    "id": "4d7b05aa-87c3-4efb-9305-bebc008c5f3a",
    "data": [
      {
        "text": "sorry",
        "userDefined": false
      }
    ],
    "isTemplate": false,
    "count": 0,
    "updated": 1523459084
  },
  {
    "id": "42af42dc-f540-4698-978f-be1ebfcd93bd",
    "data": [
      {
        "text": "pardon",
        "userDefined": false
      }
    ],
    "isTemplate": false,
    "count": 0,
    "updated": 1523459084
  },
  {
    "id": "876f2f19-74dd-4891-8b5f-23950498a2c3",
    "data": [
      {
        "text": "again",
        "userDefined": false
      }
    ],
    "isTemplate": false,
    "count": 0,
    "updated": 1523459084
  },
  {
    "id": "d7fe8b1e-c473-41a4-8e9c-2190cd89bfc4",
    "data": [
      {
        "text": "say ",
        "userDefined": false
      },
      {
        "text": "it",
        "meta": "@sys.ignore",
        "userDefined": false
      },
      {
        "text": " again",
        "userDefined": false
      }
    ],
    "isTemplate": false,
    "count": 0,
    "updated": 1523459084
  },
  {
    "id": "e4585fa1-a522-437d-9843-d571e47c39ef",
    "data": [
      {
        "text": "repeat",
        "userDefined": false
      }
    ],
    "isTemplate": false,
    "count": 0,
    "updated": 1523459084
  }
]