[
  {
    "id": "088bcd42-38fa-458a-b83c-d7369bc81a0f",
    "data": [
      {
        "text": "Name ",
        "userDefined": false
      },
      {
        "text": "your college",
        "alias": "college",
        "meta": "@college",
        "userDefined": false
      },
      {
        "text": "?",
        "userDefined": false
      }
    ],
    "isTemplate": false,
    "count": 0,
    "updated": 1536824044
  },
  {
    "id": "dad8c782-739a-4ecc-a3c6-353f9002a8d1",
    "data": [
      {
        "text": "What is the name of ",
        "userDefined": false
      },
      {
        "text": "this college",
        "alias": "college",
        "meta": "@college",
        "userDefined": false
      },
      {
        "text": "?",
        "userDefined": false
      }
    ],
    "isTemplate": false,
    "count": 0,
    "updated": 1536824044
  },
  {
    "id": "aa3d97d1-b283-4c32-8637-58d83cd3b575",
    "data": [
      {
        "text": "College name?",
        "userDefined": false
      }
    ],
    "isTemplate": false,
    "count": 0,
    "updated": 1536824044
  },
  {
    "id": "fc53a235-8d16-43b5-b99a-f34dca71c759",
    "data": [
      {
        "text": "Which ",
        "userDefined": false
      },
      {
        "text": "college",
        "alias": "college",
        "meta": "@college",
        "userDefined": false
      },
      {
        "text": "?",
        "userDefined": false
      }
    ],
    "isTemplate": false,
    "count": 0,
    "updated": 1536824044
  }
]