[
  {
    "id": "cff67fbe-4094-4de9-bd84-680cc7e1c2d5",
    "data": [
      {
        "text": "can you tell me your favourite colour",
        "userDefined": false
      }
    ],
    "isTemplate": false,
    "count": 0,
    "updated": 1527929185
  },
  {
    "id": "bf1c1938-a9fc-4387-9bda-a516a601114c",
    "data": [
      {
        "text": "most liked colour by you",
        "userDefined": false
      }
    ],
    "isTemplate": false,
    "count": 0,
    "updated": 1527929185
  },
  {
    "id": "b043a773-a7d5-47ac-9371-a7f0ea3419e0",
    "data": [
      {
        "text": "which colour do you like the most",
        "userDefined": false
      }
    ],
    "isTemplate": false,
    "count": 0,
    "updated": 1527929185
  },
  {
    "id": "c11e71dd-0c7b-4a17-8f19-0ef87d8f6098",
    "data": [
      {
        "text": "favourite colour",
        "userDefined": false
      }
    ],
    "isTemplate": false,
    "count": 0,
    "updated": 1527929185
  }
]