[
  {
    "id": "8f30cda5-822c-4b3e-85f3-c41434e68e6b",
    "data": [
      {
        "text": "a",
        "userDefined": false
      }
    ],
    "isTemplate": false,
    "count": 0,
    "updated": 1523608114
  },
  {
    "id": "92d86cea-cac3-4f4e-b928-dc19b4bab08b",
    "data": [
      {
        "text": "number of students involved",
        "userDefined": false
      }
    ],
    "isTemplate": false,
    "count": 0,
    "updated": 1523608114
  },
  {
    "id": "52fdf559-9273-43a8-ac9c-2fdbd2e38c93",
    "data": [
      {
        "text": "head",
        "userDefined": false
      }
    ],
    "isTemplate": false,
    "count": 0,
    "updated": 1523608114
  },
  {
    "id": "6a2db31e-271f-4c6b-b894-0fa2d6f500f3",
    "data": [
      {
        "text": "more about ",
        "userDefined": false
      },
      {
        "text": "it",
        "meta": "@sys.ignore",
        "userDefined": false
      }
    ],
    "isTemplate": false,
    "count": 0,
    "updated": 1523537106
  },
  {
    "id": "74bdae00-39e9-45cc-ac7b-575697cda24e",
    "data": [
      {
        "text": "mazor events of zarurat?",
        "userDefined": false
      }
    ],
    "isTemplate": false,
    "count": 0,
    "updated": 1523537106
  },
  {
    "id": "2ded3db2-bd68-40a5-9b1d-dd2d65b13ae3",
    "data": [
      {
        "text": "more information?",
        "userDefined": false
      }
    ],
    "isTemplate": false,
    "count": 0,
    "updated": 1523537106
  },
  {
    "id": "6f54d3a2-9507-4cb7-839f-63cf8e2fd485",
    "data": [
      {
        "text": "want to know some further information?",
        "userDefined": false
      }
    ],
    "isTemplate": false,
    "count": 0,
    "updated": 1523537106
  },
  {
    "id": "8a3afb3e-691d-4733-a9b7-fe0464502e00",
    "data": [
      {
        "text": "contact",
        "userDefined": false
      }
    ],
    "isTemplate": false,
    "count": 0,
    "updated": 1523537106
  },
  {
    "id": "d8a75e2f-113d-49af-899e-dc1cd88a58c6",
    "data": [
      {
        "text": " i contact this ",
        "userDefined": false
      },
      {
        "text": "group",
        "alias": "the",
        "meta": "@the",
        "userDefined": false
      },
      {
        "text": "?",
        "userDefined": false
      }
    ],
    "isTemplate": false,
    "count": 0,
    "updated": 1523537106
  },
  {
    "id": "9c6a9e31-795d-4cee-b26c-7feefe7166ad",
    "data": [
      {
        "text": "take part in ",
        "userDefined": false
      },
      {
        "text": "it",
        "meta": "@sys.ignore",
        "userDefined": false
      },
      {
        "text": "?",
        "userDefined": false
      }
    ],
    "isTemplate": false,
    "count": 0,
    "updated": 1523537106
  },
  {
    "id": "8d39f6f3-db64-4523-ade4-1720601610fd",
    "data": [
      {
        "text": "participate",
        "userDefined": false
      }
    ],
    "isTemplate": false,
    "count": 0,
    "updated": 1523537106
  }
]