[
  {
    "id": "595582f4-f8f6-41e5-9639-a9394651962c",
    "data": [
      {
        "text": "are student serious for their studies",
        "userDefined": false
      }
    ],
    "isTemplate": false,
    "count": 0,
    "updated": 1525073421
  },
  {
    "id": "bb1a66a6-6188-47dd-9153-937d9bb7b1d2",
    "data": [
      {
        "text": "dignities of ",
        "userDefined": false
      },
      {
        "text": "jecrc",
        "alias": "college",
        "meta": "@college",
        "userDefined": false
      }
    ],
    "isTemplate": false,
    "count": 0,
    "updated": 1525073421
  },
  {
    "id": "624198fb-d254-4fb1-83bc-71a9e3b615cf",
    "data": [
      {
        "text": "seriousness about their studies",
        "userDefined": false
      }
    ],
    "isTemplate": false,
    "count": 0,
    "updated": 1525073421
  },
  {
    "id": "abc5a63e-c876-46a8-beab-5842bd9b5759",
    "data": [
      {
        "text": "dignitaries of jecrc",
        "userDefined": false
      }
    ],
    "isTemplate": false,
    "count": 0,
    "updated": 1525073421
  },
  {
    "id": "8c7e6101-61f4-41c1-95d3-595f9f78cfc2",
    "data": [
      {
        "text": "people appreciated at ",
        "userDefined": false
      },
      {
        "text": "jecrc",
        "alias": "college",
        "meta": "@college",
        "userDefined": false
      }
    ],
    "isTemplate": false,
    "count": 0,
    "updated": 1525073421
  },
  {
    "id": "9d92b2ee-dfab-4d8a-a3b6-31d092e95c02",
    "data": [
      {
        "text": "great people at ",
        "userDefined": false
      },
      {
        "text": "jecrc",
        "alias": "college",
        "meta": "@college",
        "userDefined": false
      }
    ],
    "isTemplate": false,
    "count": 0,
    "updated": 1525073421
  },
  {
    "id": "defc612a-7e00-4f02-8894-491be81be9b6",
    "data": [
      {
        "text": "honourable students",
        "userDefined": false
      }
    ],
    "isTemplate": false,
    "count": 0,
    "updated": 1525073421
  }
]