[
  {
    "id": "1a05b7ae-f325-411d-aa84-9b669122a7e2",
    "data": [
      {
        "text": "sorry",
        "userDefined": false
      }
    ],
    "isTemplate": false,
    "count": 0,
    "updated": 1523683477
  },
  {
    "id": "a5c6cd1b-2736-4801-95e1-9a62614425b6",
    "data": [
      {
        "text": "can you repeat ",
        "userDefined": false
      },
      {
        "text": "it",
        "meta": "@sys.ignore",
        "userDefined": false
      },
      {
        "text": " again",
        "userDefined": false
      }
    ],
    "isTemplate": false,
    "count": 0,
    "updated": 1523683477
  },
  {
    "id": "3c73639f-2558-4f54-91ee-55a832c1581b",
    "data": [
      {
        "text": "pardon please",
        "userDefined": false
      }
    ],
    "isTemplate": false,
    "count": 0,
    "updated": 1523683477
  },
  {
    "id": "c466ca39-0f45-4d2b-92fd-90b69442dbcc",
    "data": [
      {
        "text": "repeat",
        "userDefined": false
      }
    ],
    "isTemplate": false,
    "count": 0,
    "updated": 1523683477
  }
]