[
  {
    "id": "9b8fe995-e4a7-4965-baef-05446c5b4027",
    "data": [
      {
        "text": "can you repeat ",
        "userDefined": false
      },
      {
        "text": "it",
        "meta": "@sys.ignore",
        "userDefined": false
      },
      {
        "text": " again",
        "userDefined": false
      }
    ],
    "isTemplate": false,
    "count": 0,
    "updated": 1523683477
  },
  {
    "id": "fb9f01a1-faef-40b3-bb6c-6fb930defcf3",
    "data": [
      {
        "text": "repeat",
        "userDefined": false
      }
    ],
    "isTemplate": false,
    "count": 0,
    "updated": 1523683477
  },
  {
    "id": "d3f3d902-8447-4300-acc0-148441cce427",
    "data": [
      {
        "text": "Speak properly",
        "userDefined": false
      }
    ],
    "isTemplate": false,
    "count": 0,
    "updated": 1526784131
  },
  {
    "id": "73661f6e-00d8-47f7-ad98-97c28f8478a5",
    "data": [
      {
        "text": "Once again",
        "userDefined": false
      }
    ],
    "isTemplate": false,
    "count": 0,
    "updated": 1526784131
  },
  {
    "id": "0779837c-1a0e-442e-8047-23217da55db8",
    "data": [
      {
        "text": "sorry",
        "userDefined": false
      }
    ],
    "isTemplate": false,
    "count": 0,
    "updated": 1523683477
  },
  {
    "id": "01ba3ff5-8325-446d-a330-258444e6c36e",
    "data": [
      {
        "text": "pardon please",
        "userDefined": false
      }
    ],
    "isTemplate": false,
    "count": 0,
    "updated": 1523683477
  },
  {
    "id": "1a0d4eda-4df6-4569-90b2-93bc66a9c5cd",
    "data": [
      {
        "text": "I can\u0027t hear you",
        "userDefined": false
      }
    ],
    "isTemplate": false,
    "count": 0,
    "updated": 1526784131
  }
]