[
  {
    "id": "867edcd7-076a-4c05-a5cb-770c19730427",
    "data": [
      {
        "text": "no i am asking about his room",
        "userDefined": false
      }
    ],
    "isTemplate": false,
    "count": 0,
    "updated": 1527927697
  },
  {
    "id": "7f9171e1-f0fc-4a21-87cc-4c85295deee8",
    "data": [
      {
        "text": "directors office location",
        "userDefined": false
      }
    ],
    "isTemplate": false,
    "count": 0,
    "updated": 1527926065
  },
  {
    "id": "4ce2e67b-1df2-44fd-b69a-3bd74b7ec293",
    "data": [
      {
        "text": "where is director sir office",
        "userDefined": false
      }
    ],
    "isTemplate": false,
    "count": 0,
    "updated": 1527926065
  },
  {
    "id": "8b8c5520-b6f3-490d-9947-5c5b22f27b6e",
    "data": [
      {
        "text": "his location",
        "userDefined": false
      }
    ],
    "isTemplate": false,
    "count": 0,
    "updated": 1527927697
  },
  {
    "id": "63131b42-a1bb-4088-9a44-0c3b290f505e",
    "data": [
      {
        "text": "no i am asking about his location",
        "userDefined": false
      }
    ],
    "isTemplate": false,
    "count": 0,
    "updated": 1527927697
  },
  {
    "id": "fd2135f8-a9b7-4efc-9d71-2eaf368363c6",
    "data": [
      {
        "text": "where is directors room",
        "userDefined": false
      }
    ],
    "isTemplate": false,
    "count": 0,
    "updated": 1527926065
  },
  {
    "id": "d8797473-8c90-4dee-b5fe-5d836c28c296",
    "data": [
      {
        "text": "location of office",
        "userDefined": false
      }
    ],
    "isTemplate": false,
    "count": 0,
    "updated": 1527926065
  },
  {
    "id": "c1bd5ccc-65c6-432a-89db-9a179192db76",
    "data": [
      {
        "text": "office",
        "userDefined": false
      }
    ],
    "isTemplate": false,
    "count": 0,
    "updated": 1527926065
  },
  {
    "id": "f4754ade-e0d2-4faa-97fa-2ec2008d2979",
    "data": [
      {
        "text": "room",
        "userDefined": false
      }
    ],
    "isTemplate": false,
    "count": 0,
    "updated": 1527926065
  },
  {
    "id": "4039b323-9e78-447c-9698-2474948d1eeb",
    "data": [
      {
        "text": "no i am asking about his office",
        "userDefined": false
      }
    ],
    "isTemplate": false,
    "count": 0,
    "updated": 1527927697
  }
]