[
  {
    "id": "49e7ac91-28ce-4775-8995-277e1ab77394",
    "data": [
      {
        "text": "Dr. Vinay Kumar Chandna, Principal",
        "userDefined": false
      }
    ],
    "isTemplate": false,
    "count": 0,
    "updated": 1523683881
  },
  {
    "id": "9819dc6c-e7a1-48fc-a8ce-f7a78a57e251",
    "data": [
      {
        "text": "jecrc principal",
        "userDefined": false
      }
    ],
    "isTemplate": false,
    "count": 0,
    "updated": 1523683881
  },
  {
    "id": "1655a679-c0dd-419a-89e8-288fc683e65a",
    "data": [
      {
        "text": "principle",
        "userDefined": false
      }
    ],
    "isTemplate": false,
    "count": 0,
    "updated": 1523683881
  },
  {
    "id": "8038e894-4cfe-4a84-b9ed-b204bca1b006",
    "data": [
      {
        "text": "principal",
        "userDefined": false
      }
    ],
    "isTemplate": false,
    "count": 0,
    "updated": 1523683881
  }
]