[
  {
    "id": "3b91c908-4baf-479d-b386-7c758bf8344e",
    "data": [
      {
        "text": "a",
        "userDefined": false
      }
    ],
    "isTemplate": false,
    "count": 0,
    "updated": 1523684214
  },
  {
    "id": "535a3ccc-3647-4980-a9ba-48d57e5a37db",
    "data": [
      {
        "text": "anvision",
        "userDefined": false
      }
    ],
    "isTemplate": false,
    "count": 0,
    "updated": 1523684214
  },
  {
    "id": "ab7ed818-da1a-4563-8ac3-d5cc7c7f17aa",
    "data": [
      {
        "text": "envision",
        "userDefined": false
      }
    ],
    "isTemplate": false,
    "count": 0,
    "updated": 1523684214
  }
]