[
  {
    "id": "791512cc-904a-4dca-a6de-adbd09b27114",
    "data": [
      {
        "text": "repeat ",
        "userDefined": false
      },
      {
        "text": "it",
        "alias": "branches",
        "meta": "@branches",
        "userDefined": false
      }
    ],
    "isTemplate": false,
    "count": 0,
    "updated": 1523686567
  },
  {
    "id": "f5322c7d-a7cf-4550-a140-ed071a8eaf77",
    "data": [
      {
        "text": "again",
        "userDefined": false
      }
    ],
    "isTemplate": false,
    "count": 0,
    "updated": 1523686567
  },
  {
    "id": "6c112052-3838-42dc-9bc2-204d7c9cc967",
    "data": [
      {
        "text": "sorry",
        "userDefined": false
      }
    ],
    "isTemplate": false,
    "count": 0,
    "updated": 1523686567
  },
  {
    "id": "6484d90b-6549-422c-a31a-9d3418e6d1de",
    "data": [
      {
        "text": "repeat",
        "userDefined": false
      }
    ],
    "isTemplate": false,
    "count": 0,
    "updated": 1523686567
  },
  {
    "id": "e9ca50c9-a95a-4c79-888c-fb85da0c3c77",
    "data": [
      {
        "text": "sorry , i am not able to understand . plz repeat ",
        "userDefined": false
      },
      {
        "text": "it",
        "alias": "branches",
        "meta": "@branches",
        "userDefined": false
      },
      {
        "text": " again",
        "userDefined": false
      }
    ],
    "isTemplate": false,
    "count": 0,
    "updated": 1523686567
  }
]