[
  {
    "id": "96fd127a-6a6f-49f7-8492-8e3429773376",
    "data": [
      {
        "text": "a",
        "userDefined": false
      }
    ],
    "isTemplate": false,
    "count": 0,
    "updated": 1523684214
  },
  {
    "id": "8a7b0a8d-fb17-4a33-9bad-f5862974afbc",
    "data": [
      {
        "text": "anvision",
        "userDefined": false
      }
    ],
    "isTemplate": false,
    "count": 0,
    "updated": 1523684214
  },
  {
    "id": "63767d78-c37d-497a-9494-27525197642d",
    "data": [
      {
        "text": "envision",
        "userDefined": false
      }
    ],
    "isTemplate": false,
    "count": 0,
    "updated": 1523684214
  }
]