[
  {
    "id": "253aaf70-35f0-485b-9d6a-992dbc4dc1d6",
    "data": [
      {
        "text": "information",
        "userDefined": false
      }
    ],
    "isTemplate": false,
    "count": 0,
    "updated": 1523684741
  },
  {
    "id": "76596487-0168-404b-a4ec-11020aaea294",
    "data": [
      {
        "text": "extra",
        "userDefined": false
      }
    ],
    "isTemplate": false,
    "count": 0,
    "updated": 1523684741
  },
  {
    "id": "e8ca7cf5-fb20-4019-a480-4523761291d8",
    "data": [
      {
        "text": "further information",
        "userDefined": false
      }
    ],
    "isTemplate": false,
    "count": 0,
    "updated": 1523684741
  },
  {
    "id": "f7a8e9c7-5e5f-4091-9129-9b8573971b5a",
    "data": [
      {
        "text": "details",
        "userDefined": false
      }
    ],
    "isTemplate": false,
    "count": 0,
    "updated": 1523684741
  },
  {
    "id": "ed02d77e-58ed-4b5a-8826-0b050e32b952",
    "data": [
      {
        "text": "more",
        "userDefined": false
      }
    ],
    "isTemplate": false,
    "count": 0,
    "updated": 1523684741
  }
]