[
  {
    "id": "f79102e1-eac2-4412-a8f8-f256660f9cfb",
    "data": [
      {
        "text": "repeat ",
        "userDefined": false
      },
      {
        "text": "it",
        "meta": "@sys.ignore",
        "userDefined": false
      }
    ],
    "isTemplate": false,
    "count": 0,
    "updated": 1524563666
  },
  {
    "id": "cbbcdd74-f191-40e5-8c18-edc4229f3ae0",
    "data": [
      {
        "text": "can you please repeat it again?",
        "userDefined": false
      }
    ],
    "isTemplate": false,
    "count": 0,
    "updated": 1524563666
  },
  {
    "id": "db2eb54c-acc6-4b8f-8d83-de6f4afc88f0",
    "data": [
      {
        "text": "again",
        "userDefined": false
      }
    ],
    "isTemplate": false,
    "count": 0,
    "updated": 1524563666
  },
  {
    "id": "bfb7affb-48ac-4408-afc8-4db20f31a368",
    "data": [
      {
        "text": "say ",
        "userDefined": false
      },
      {
        "text": "it",
        "meta": "@sys.ignore",
        "userDefined": false
      },
      {
        "text": " again",
        "userDefined": false
      }
    ],
    "isTemplate": false,
    "count": 0,
    "updated": 1524563666
  },
  {
    "id": "947a83a3-b485-4ffe-a24d-85a90bba0691",
    "data": [
      {
        "text": "once again",
        "userDefined": false
      }
    ],
    "isTemplate": false,
    "count": 0,
    "updated": 1524563666
  }
]