[
  {
    "id": "3a31dd15-21dc-4e74-b8e8-26bfcc0fb82e",
    "data": [
      {
        "text": "semester fees",
        "userDefined": false
      }
    ],
    "isTemplate": false,
    "count": 0,
    "updated": 1524305245
  },
  {
    "id": "45aa7706-f71d-4ec3-bd7e-1d5749bf4e73",
    "data": [
      {
        "text": "fees",
        "userDefined": false
      }
    ],
    "isTemplate": false,
    "count": 0,
    "updated": 1524305245
  },
  {
    "id": "44174881-6d59-4545-a9d8-2608ee0ace1f",
    "data": [
      {
        "text": "will the fee for ",
        "userDefined": false
      },
      {
        "text": "all the four years",
        "alias": "date-period",
        "meta": "@sys.date-period",
        "userDefined": false
      },
      {
        "text": " will be same?",
        "userDefined": false
      }
    ],
    "isTemplate": false,
    "count": 0,
    "updated": 1525074096
  },
  {
    "id": "d33af80b-87c3-42e2-a812-95a4de932ae4",
    "data": [
      {
        "text": "fee refund",
        "userDefined": false
      }
    ],
    "isTemplate": false,
    "count": 0,
    "updated": 1524305245
  },
  {
    "id": "4eca3478-7da1-4469-99eb-e98a33ce6ba3",
    "data": [
      {
        "text": "installment of fees",
        "userDefined": false
      }
    ],
    "isTemplate": false,
    "count": 0,
    "updated": 1524305245
  },
  {
    "id": "2fe04891-6329-4cd7-881f-8b910efa7d3b",
    "data": [
      {
        "text": "will fees for ",
        "userDefined": false
      },
      {
        "text": "all four year",
        "alias": "date-period",
        "meta": "@sys.date-period",
        "userDefined": false
      }
    ],
    "isTemplate": false,
    "count": 0,
    "updated": 1525074096
  },
  {
    "id": "bdd7b14d-c657-4d6e-848d-1d8ba70d9395",
    "data": [
      {
        "text": "status of fees",
        "userDefined": false
      }
    ],
    "isTemplate": false,
    "count": 0,
    "updated": 1524305245
  },
  {
    "id": "2b85ace6-9783-4950-afc3-fecb7807ada9",
    "data": [
      {
        "text": "jecrc",
        "alias": "college",
        "meta": "@college",
        "userDefined": false
      },
      {
        "text": " fees",
        "userDefined": false
      }
    ],
    "isTemplate": false,
    "count": 0,
    "updated": 1524305245
  }
]