[
  {
    "id": "ce8b8b97-8341-4817-beb6-6f08df149ab2",
    "data": [
      {
        "text": "say ",
        "userDefined": false
      },
      {
        "text": "it",
        "meta": "@sys.ignore",
        "userDefined": false
      },
      {
        "text": " again",
        "userDefined": false
      }
    ],
    "isTemplate": false,
    "count": 0,
    "updated": 1527162960
  },
  {
    "id": "890c15ba-cc93-4235-8997-d8b71e6a765b",
    "data": [
      {
        "text": "can you say ",
        "userDefined": false
      },
      {
        "text": "it",
        "meta": "@sys.ignore",
        "userDefined": false
      },
      {
        "text": " again",
        "userDefined": false
      }
    ],
    "isTemplate": false,
    "count": 0,
    "updated": 1527162960
  },
  {
    "id": "2177f9ea-35ea-41ce-8249-7bb780f8a971",
    "data": [
      {
        "text": "sorry",
        "userDefined": false
      }
    ],
    "isTemplate": false,
    "count": 0,
    "updated": 1527162960
  },
  {
    "id": "021472d4-a67b-4b71-bddf-57f3378ae271",
    "data": [
      {
        "text": "repeat ",
        "userDefined": false
      },
      {
        "text": "it",
        "meta": "@sys.ignore",
        "userDefined": false
      }
    ],
    "isTemplate": false,
    "count": 0,
    "updated": 1527162960
  }
]