[
  {
    "id": "17f81e72-f214-4a9c-9b11-42d5ee1566be",
    "data": [
      {
        "text": "extra activity",
        "userDefined": false
      }
    ],
    "isTemplate": false,
    "count": 0,
    "updated": 1525076351
  },
  {
    "id": "7717d02c-baf4-4348-8a9a-298df2016937",
    "data": [
      {
        "text": "fun activities",
        "userDefined": false
      }
    ],
    "isTemplate": false,
    "count": 0,
    "updated": 1523718472
  },
  {
    "id": "f831b54f-34e3-4141-bfa9-06bbbbccca1b",
    "data": [
      {
        "text": "activities",
        "userDefined": false
      }
    ],
    "isTemplate": false,
    "count": 0,
    "updated": 1523718472
  },
  {
    "id": "0d8e069b-03ca-4b20-b1df-39f08bebe57e",
    "data": [
      {
        "text": "academics",
        "userDefined": false
      }
    ],
    "isTemplate": false,
    "count": 0,
    "updated": 1525073531
  },
  {
    "id": "e82c30d0-7452-4e6d-9a8f-be3c93d207da",
    "data": [
      {
        "text": "extra co curricular",
        "userDefined": false
      }
    ],
    "isTemplate": false,
    "count": 0,
    "updated": 1523718472
  },
  {
    "id": "e92f8b76-c3ed-4a51-ae6f-dd0a9daea8ac",
    "data": [
      {
        "text": "events and workshops",
        "userDefined": false
      }
    ],
    "isTemplate": false,
    "count": 0,
    "updated": 1523875417
  },
  {
    "id": "c8585177-e913-491d-9559-ce1454ad5065",
    "data": [
      {
        "text": "social activities",
        "userDefined": false
      }
    ],
    "isTemplate": false,
    "count": 0,
    "updated": 1523792083
  }
]