[
  {
    "id": "9db8cd41-1b87-40ec-8994-a66ea7302383",
    "data": [
      {
        "text": "g mail of ",
        "userDefined": false
      },
      {
        "text": "college",
        "alias": "college",
        "meta": "@college",
        "userDefined": false
      }
    ],
    "isTemplate": false,
    "count": 0,
    "updated": 1524565806
  },
  {
    "id": "1ad25c9b-4c10-49f7-a743-30204c16f814",
    "data": [
      {
        "text": "mail of ",
        "userDefined": false
      },
      {
        "text": "college",
        "alias": "college",
        "meta": "@college",
        "userDefined": false
      }
    ],
    "isTemplate": false,
    "count": 0,
    "updated": 1524565806
  },
  {
    "id": "8862bf00-4692-4eda-b15b-f564a491ece4",
    "data": [
      {
        "text": "e mail of ",
        "userDefined": false
      },
      {
        "text": "college",
        "alias": "college",
        "meta": "@college",
        "userDefined": false
      }
    ],
    "isTemplate": false,
    "count": 0,
    "updated": 1524565806
  },
  {
    "id": "9eab8af9-54fa-46bd-9774-df82d21cec93",
    "data": [
      {
        "text": "email id",
        "userDefined": false
      }
    ],
    "isTemplate": false,
    "count": 0,
    "updated": 1524565806
  }
]