[
  {
    "id": "98c0320a-9268-487c-9094-930432bd98c5",
    "data": [
      {
        "text": "sports played in jecrc",
        "userDefined": false
      }
    ],
    "isTemplate": false,
    "count": 0,
    "updated": 1527359249
  },
  {
    "id": "21c9d423-1d5e-4b17-b5e1-0b8bfb8151a7",
    "data": [
      {
        "text": "games played at jecrc",
        "userDefined": false
      }
    ],
    "isTemplate": false,
    "count": 0,
    "updated": 1527359249
  },
  {
    "id": "d9e9cfd7-ebb2-4a98-8d0a-efa17032d237",
    "data": [
      {
        "text": "sports facility in jecrc",
        "userDefined": false
      }
    ],
    "isTemplate": false,
    "count": 0,
    "updated": 1527359196
  },
  {
    "id": "24b0ede9-9af3-40ad-b794-60683f616bd9",
    "data": [
      {
        "text": "games",
        "userDefined": false
      }
    ],
    "isTemplate": false,
    "count": 0,
    "updated": 1527359196
  },
  {
    "id": "3a3391e9-e021-4118-8582-7c506f54100b",
    "data": [
      {
        "text": "sports",
        "userDefined": false
      }
    ],
    "isTemplate": false,
    "count": 0,
    "updated": 1527359196
  }
]