[
  {
    "id": "c4cbfbeb-8aaa-4a24-9497-15f75db0045d",
    "data": [
      {
        "text": "gate",
        "userDefined": false
      }
    ],
    "isTemplate": false,
    "count": 0,
    "updated": 1524840603
  },
  {
    "id": "8d7acefa-a751-4ede-a4f6-1f9b6ffd9813",
    "data": [
      {
        "text": "gate qualifying",
        "userDefined": false
      }
    ],
    "isTemplate": false,
    "count": 0,
    "updated": 1524840603
  },
  {
    "id": "eccb79cd-4204-4427-a2a4-d72374c41833",
    "data": [
      {
        "text": "gate qualifiers from ",
        "userDefined": false
      },
      {
        "text": "jecrc",
        "alias": "college",
        "meta": "@college",
        "userDefined": false
      },
      {
        "text": "?",
        "userDefined": false
      }
    ],
    "isTemplate": false,
    "count": 0,
    "updated": 1524840603
  }
]