[
  {
    "id": "b092834f-c236-486d-89d2-f5adf748dcca",
    "data": [
      {
        "text": "repeat ",
        "userDefined": false
      },
      {
        "text": "it",
        "meta": "@sys.ignore",
        "userDefined": false
      }
    ],
    "isTemplate": false,
    "count": 0,
    "updated": 1524565871
  },
  {
    "id": "3c6fa36b-d106-438b-8a74-b8ad738908ce",
    "data": [
      {
        "text": "pardon",
        "userDefined": false
      }
    ],
    "isTemplate": false,
    "count": 0,
    "updated": 1524565871
  },
  {
    "id": "19905525-5026-4cb3-8085-9f995f778dd1",
    "data": [
      {
        "text": "one more time",
        "userDefined": false
      }
    ],
    "isTemplate": false,
    "count": 0,
    "updated": 1524565871
  },
  {
    "id": "42c7ed92-af4b-41f6-8da4-e3d763d6fe89",
    "data": [
      {
        "text": "again",
        "userDefined": false
      }
    ],
    "isTemplate": false,
    "count": 0,
    "updated": 1524565871
  },
  {
    "id": "512ba321-372d-41b1-8a81-644e28f0438c",
    "data": [
      {
        "text": "can you  please repeat ",
        "userDefined": false
      },
      {
        "text": "it",
        "meta": "@sys.ignore",
        "userDefined": false
      },
      {
        "text": " again",
        "userDefined": false
      }
    ],
    "isTemplate": false,
    "count": 0,
    "updated": 1524565871
  },
  {
    "id": "18217ad5-91ed-4625-99be-6eff75e55e7e",
    "data": [
      {
        "text": "once more",
        "userDefined": false
      }
    ],
    "isTemplate": false,
    "count": 0,
    "updated": 1524565871
  },
  {
    "id": "27b9a14e-c1d6-4edf-8eaf-636ff2b51918",
    "data": [
      {
        "text": "say ",
        "userDefined": false
      },
      {
        "text": "it",
        "meta": "@sys.ignore",
        "userDefined": false
      },
      {
        "text": " again",
        "userDefined": false
      }
    ],
    "isTemplate": false,
    "count": 0,
    "updated": 1524565871
  }
]