[
  {
    "id": "c83fb825-a60c-4da4-8b7b-47fd902507ca",
    "data": [
      {
        "text": "G and G",
        "userDefined": false
      }
    ],
    "isTemplate": false,
    "count": 0,
    "updated": 1524845585
  },
  {
    "id": "27ffd9ca-b3db-40e3-912d-e982c9cc36d1",
    "data": [
      {
        "text": "food court",
        "meta": "@sys.ignore",
        "userDefined": false
      }
    ],
    "isTemplate": false,
    "count": 0,
    "updated": 1524845585
  },
  {
    "id": "cd092ab1-8522-4ec5-8b35-565a608beb44",
    "data": [
      {
        "text": "food facility in campus",
        "userDefined": false
      }
    ],
    "isTemplate": false,
    "count": 0,
    "updated": 1524845585
  },
  {
    "id": "4709d8e8-2e2f-4c8c-80ff-17bab82bd009",
    "data": [
      {
        "text": "Geeks and Guttons",
        "userDefined": false
      }
    ],
    "isTemplate": false,
    "count": 0,
    "updated": 1524845585
  },
  {
    "id": "499ef818-0da7-4d39-9f91-47c329fad79a",
    "data": [
      {
        "text": "g n g",
        "userDefined": false
      }
    ],
    "isTemplate": false,
    "count": 0,
    "updated": 1524845585
  },
  {
    "id": "f8aaa58a-5629-45eb-a867-285efc93bde2",
    "data": [
      {
        "text": "food facility at ",
        "userDefined": false
      },
      {
        "text": "jecrc",
        "alias": "college",
        "meta": "@college",
        "userDefined": false
      }
    ],
    "isTemplate": false,
    "count": 0,
    "updated": 1524845585
  },
  {
    "id": "8f21d729-df3f-41fb-aa13-5eef5a1c1b5f",
    "data": [
      {
        "text": "food stall",
        "userDefined": false
      }
    ],
    "isTemplate": false,
    "count": 0,
    "updated": 1524845585
  }
]