[
  {
    "id": "e8d633a0-3d24-449a-a15a-5fbcea5d464d",
    "data": [
      {
        "text": "food court",
        "meta": "@sys.ignore",
        "userDefined": false
      }
    ],
    "isTemplate": false,
    "count": 0,
    "updated": 1523683630
  },
  {
    "id": "5a0b3d75-fc61-449f-a266-7cee5c3856f1",
    "data": [
      {
        "text": "food stall",
        "userDefined": false
      }
    ],
    "isTemplate": false,
    "count": 0,
    "updated": 1523683630
  },
  {
    "id": "fe28a127-07d8-4d7f-a229-d05950ad5202",
    "data": [
      {
        "text": "Geeks and Guttons",
        "userDefined": false
      }
    ],
    "isTemplate": false,
    "count": 0,
    "updated": 1523683630
  },
  {
    "id": "0dbe5da3-7fc0-404f-b055-6fd1d422d50e",
    "data": [
      {
        "text": "G and G",
        "userDefined": false
      }
    ],
    "isTemplate": false,
    "count": 0,
    "updated": 1523683630
  },
  {
    "id": "c1bf2dbb-09ba-44ab-81ce-53270e9eeb51",
    "data": [
      {
        "text": "g n g",
        "userDefined": false
      }
    ],
    "isTemplate": false,
    "count": 0,
    "updated": 1523683630
  }
]