[
  {
    "id": "2423c7ab-9ce4-4594-9e5e-2629b24f898e",
    "data": [
      {
        "text": "repeat",
        "userDefined": false
      }
    ],
    "isTemplate": false,
    "count": 0,
    "updated": 1524845046
  },
  {
    "id": "59d01d30-8ecd-48a8-8237-0f9bc69bc189",
    "data": [
      {
        "text": "sorry",
        "userDefined": false
      }
    ],
    "isTemplate": false,
    "count": 0,
    "updated": 1524845046
  },
  {
    "id": "1e973252-e2e4-4c15-9942-72257de92069",
    "data": [
      {
        "text": "pardon",
        "userDefined": false
      }
    ],
    "isTemplate": false,
    "count": 0,
    "updated": 1524845046
  },
  {
    "id": "3bd77a59-cc0f-4321-a32a-55fc77533ca8",
    "data": [
      {
        "text": "repeat ",
        "userDefined": false
      },
      {
        "text": "it",
        "meta": "@sys.ignore",
        "userDefined": false
      },
      {
        "text": " again",
        "userDefined": false
      }
    ],
    "isTemplate": false,
    "count": 0,
    "updated": 1524845046
  },
  {
    "id": "2c1c55b4-e803-46eb-878e-19edeb65018a",
    "data": [
      {
        "text": "again",
        "userDefined": false
      }
    ],
    "isTemplate": false,
    "count": 0,
    "updated": 1524845046
  }
]