[
  {
    "id": "13f06d4b-8a48-457b-b96b-a590257d17b4",
    "data": [
      {
        "text": "once again",
        "userDefined": false
      }
    ],
    "isTemplate": false,
    "count": 0,
    "updated": 1524564314
  },
  {
    "id": "ba87a0b9-6171-43c2-957c-df5adc1f81ff",
    "data": [
      {
        "text": "one more time",
        "userDefined": false
      }
    ],
    "isTemplate": false,
    "count": 0,
    "updated": 1524564314
  },
  {
    "id": "6d0db57d-8702-47d8-ad74-dd32cfd0ae35",
    "data": [
      {
        "text": "again please",
        "userDefined": false
      }
    ],
    "isTemplate": false,
    "count": 0,
    "updated": 1524564314
  },
  {
    "id": "b7b97dde-aebd-4690-87fa-2ba3d64b4754",
    "data": [
      {
        "text": "repeat ",
        "userDefined": false
      },
      {
        "text": "it",
        "meta": "@sys.ignore",
        "userDefined": false
      }
    ],
    "isTemplate": false,
    "count": 0,
    "updated": 1524564314
  },
  {
    "id": "3e5840f7-1d5a-45d2-aa91-ec72d6c844e8",
    "data": [
      {
        "text": "say ",
        "userDefined": false
      },
      {
        "text": "it",
        "meta": "@sys.ignore",
        "userDefined": false
      },
      {
        "text": " again",
        "userDefined": false
      }
    ],
    "isTemplate": false,
    "count": 0,
    "updated": 1524564314
  }
]