[
  {
    "id": "f0e6f0c7-2017-4d2c-ab34-c2b097c7b730",
    "data": [
      {
        "text": "groups",
        "userDefined": false
      }
    ],
    "isTemplate": false,
    "count": 0,
    "updated": 1524846149
  },
  {
    "id": "dfac3fb8-6f9a-4a40-880f-c25c4e28381d",
    "data": [
      {
        "text": "clubs",
        "userDefined": false
      }
    ],
    "isTemplate": false,
    "count": 0,
    "updated": 1524846149
  },
  {
    "id": "b9607d36-0006-498f-85ba-1a0ec56679e2",
    "data": [
      {
        "text": "something about different cultural groups of ",
        "userDefined": false
      },
      {
        "text": "this college",
        "alias": "college",
        "meta": "@college",
        "userDefined": false
      }
    ],
    "isTemplate": false,
    "count": 0,
    "updated": 1525076052
  },
  {
    "id": "e8a6d2e4-0daf-499f-8511-9bc48293337b",
    "data": [
      {
        "text": "cultural groups",
        "userDefined": false
      }
    ],
    "isTemplate": false,
    "count": 0,
    "updated": 1525076052
  }
]