[
  {
    "id": "ad776391-9fe8-44c5-a352-5c33b6c1bacb",
    "data": [
      {
        "text": "gyani ji good ",
        "userDefined": false
      },
      {
        "text": "afternoon",
        "meta": "@sys.ignore",
        "userDefined": false
      }
    ],
    "isTemplate": false,
    "count": 0,
    "updated": 1535483743
  },
  {
    "id": "07457430-b028-4ff5-9889-e59def507714",
    "data": [
      {
        "text": "good ",
        "userDefined": false
      },
      {
        "text": "afternoon",
        "meta": "@sys.ignore",
        "userDefined": false
      }
    ],
    "isTemplate": false,
    "count": 0,
    "updated": 1535483743
  }
]