[
  {
    "id": "b97a3268-ddd9-4c84-acc6-eeaf05801171",
    "data": [
      {
        "text": "Good evening",
        "userDefined": false
      }
    ],
    "isTemplate": false,
    "count": 0,
    "updated": 1527954557
  },
  {
    "id": "2dab2ff6-6f42-43a8-86c4-4fd98c123f13",
    "data": [
      {
        "text": "Gyani ",
        "userDefined": false
      },
      {
        "text": "1.0",
        "meta": "@sys.ignore",
        "userDefined": false
      },
      {
        "text": " good evening",
        "userDefined": false
      }
    ],
    "isTemplate": false,
    "count": 0,
    "updated": 1527954557
  }
]