[
  {
    "id": "565bcc62-d885-49c2-aaed-f303000778b9",
    "data": [
      {
        "text": "hackathon",
        "meta": "@sys.ignore",
        "userDefined": false
      }
    ],
    "isTemplate": false,
    "count": 0,
    "updated": 1524846544
  },
  {
    "id": "b338c0bd-fec8-4bef-9134-f8ed35ffdc11",
    "data": [
      {
        "text": "smart ",
        "userDefined": false
      },
      {
        "text": "india",
        "meta": "@sys.ignore",
        "userDefined": false
      },
      {
        "text": " hackathon",
        "userDefined": false
      }
    ],
    "isTemplate": false,
    "count": 0,
    "updated": 1524846544
  },
  {
    "id": "6eed6327-434c-4705-8a00-42dce757caef",
    "data": [
      {
        "text": "sih",
        "userDefined": false
      }
    ],
    "isTemplate": false,
    "count": 0,
    "updated": 1524846544
  }
]