[
  {
    "id": "2eb4f309-19ed-4ac1-8074-0293e36deb1f",
    "data": [
      {
        "text": "राम राम",
        "userDefined": false
      }
    ],
    "isTemplate": false,
    "count": 0,
    "updated": 0
  },
  {
    "id": "4c5ed7e5-390b-42a6-b1fa-9a00a124907f",
    "data": [
      {
        "text": "हल्लो",
        "userDefined": false
      }
    ],
    "isTemplate": false,
    "count": 0,
    "updated": 0
  },
  {
    "id": "2355846c-d5a1-41e4-afa5-1f8fbff0b036",
    "data": [
      {
        "text": "नमस्कार",
        "userDefined": false
      }
    ],
    "isTemplate": false,
    "count": 0,
    "updated": 0
  },
  {
    "id": "3c7af2e2-2825-4dcc-8bd1-e2bdb8d2c229",
    "data": [
      {
        "text": "राधे  राधे",
        "userDefined": false
      }
    ],
    "isTemplate": false,
    "count": 0,
    "updated": 0
  },
  {
    "id": "e31c61e9-fdb6-40d6-80da-9f39add8fb7e",
    "data": [
      {
        "text": "हे",
        "meta": "@sys.ignore",
        "userDefined": false
      }
    ],
    "isTemplate": false,
    "count": 0,
    "updated": 0
  },
  {
    "id": "ce7c086f-1a9e-4c2d-ab3e-09ee3d16a31d",
    "data": [
      {
        "text": "हैल्लो",
        "userDefined": false
      }
    ],
    "isTemplate": false,
    "count": 0,
    "updated": 0
  },
  {
    "id": "6b1b31a8-1155-4c6e-8fa0-cd28c0d2d99d",
    "data": [
      {
        "text": "नमस्ते",
        "userDefined": false
      }
    ],
    "isTemplate": false,
    "count": 0,
    "updated": 0
  },
  {
    "id": "c4561f06-e9a8-4275-aa9d-4f1a7cd41a19",
    "data": [
      {
        "text": "hey",
        "userDefined": false
      }
    ],
    "isTemplate": false,
    "count": 0
  }
]