[
  {
    "id": "bdd23e57-7fe3-4d87-884b-df52c5715db3",
    "data": [
      {
        "text": "Cancel",
        "userDefined": false
      }
    ],
    "isTemplate": false,
    "count": 0,
    "updated": 1527964311
  },
  {
    "id": "5b56fa93-8568-494a-b97b-275bffb9fbff",
    "data": [
      {
        "text": "Hold on",
        "userDefined": false
      }
    ],
    "isTemplate": false,
    "count": 0,
    "updated": 1527964311
  },
  {
    "id": "2f731b76-3388-4224-af70-832ac12a1416",
    "data": [
      {
        "text": "Well done",
        "userDefined": false
      }
    ],
    "isTemplate": false,
    "count": 0,
    "updated": 1527964311
  },
  {
    "id": "8a18a5ed-ac4d-4a3e-890d-45197f45386d",
    "data": [
      {
        "text": "Welcome",
        "userDefined": false
      }
    ],
    "isTemplate": false,
    "count": 0,
    "updated": 1527964311
  },
  {
    "id": "29637d9d-18ac-4c1e-9266-aa99b841e11a",
    "data": [
      {
        "text": "Yes",
        "userDefined": false
      }
    ],
    "isTemplate": false,
    "count": 0,
    "updated": 1527964311
  },
  {
    "id": "9039eda0-d7c4-4d3c-b6d9-59e51b04f64c",
    "data": [
      {
        "text": "Your welcome",
        "userDefined": false
      }
    ],
    "isTemplate": false,
    "count": 0,
    "updated": 1527964311
  }
]