[
  {
    "id": "ac9d2cf1-4439-499c-ad94-07a433c4ffb0",
    "data": [
      {
        "text": "Do you love humans",
        "userDefined": false
      }
    ],
    "isTemplate": false,
    "count": 0,
    "updated": 1527964988
  },
  {
    "id": "fc7fe6ec-29c2-465c-a05a-efe6ade9c0d9",
    "data": [
      {
        "text": "How are humans",
        "userDefined": false
      }
    ],
    "isTemplate": false,
    "count": 0,
    "updated": 1527964988
  },
  {
    "id": "8c5721eb-4b2e-4c58-8200-b2bf952ad80f",
    "data": [
      {
        "text": "How do you feel about us",
        "userDefined": false
      }
    ],
    "isTemplate": false,
    "count": 0,
    "updated": 1527964988
  },
  {
    "id": "7c55a2f2-9c18-443d-b8ee-5ad37db9e384",
    "data": [
      {
        "text": "You like humans?",
        "userDefined": false
      }
    ],
    "isTemplate": false,
    "count": 0,
    "updated": 1527964988
  },
  {
    "id": "fdbb56b5-6fbf-4a56-9fd7-6cfb3ae1af71",
    "data": [
      {
        "text": "How do you feel about humans",
        "userDefined": false
      }
    ],
    "isTemplate": false,
    "count": 0,
    "updated": 1527964988
  }
]