[
  {
    "id": "12f21c3d-6629-4823-878f-089b053732ef",
    "data": [
      {
        "text": "I am angry right know",
        "userDefined": false
      }
    ],
    "isTemplate": false,
    "count": 0,
    "updated": 1527960178
  },
  {
    "id": "d73e4ae0-9946-48de-876b-94d517c0074b",
    "data": [
      {
        "text": "Gyani i am angry right now",
        "userDefined": false
      }
    ],
    "isTemplate": false,
    "count": 0,
    "updated": 1527960451
  },
  {
    "id": "418973f5-723d-47b1-af75-cac725b0526b",
    "data": [
      {
        "text": "I am angry",
        "userDefined": false
      }
    ],
    "isTemplate": false,
    "count": 0,
    "updated": 1527960178
  }
]