[
  {
    "id": "d0dc097c-969b-4921-9930-050b8d04a151",
    "data": [
      {
        "text": "can you say that again",
        "userDefined": false
      }
    ],
    "isTemplate": false,
    "count": 0,
    "updated": 1524897569
  },
  {
    "id": "99f6f888-7a42-40c5-839a-b36c55057336",
    "data": [
      {
        "text": "please once more",
        "userDefined": false
      }
    ],
    "isTemplate": false,
    "count": 0,
    "updated": 1524897569
  },
  {
    "id": "f80238ae-27de-47ae-8fa7-a55246cce843",
    "data": [
      {
        "text": "say ",
        "userDefined": false
      },
      {
        "text": "it",
        "meta": "@sys.ignore",
        "userDefined": false
      },
      {
        "text": " again",
        "userDefined": false
      }
    ],
    "isTemplate": false,
    "count": 0,
    "updated": 1524897569
  },
  {
    "id": "668b2c28-5409-49e3-bdc0-80c8fa35be38",
    "data": [
      {
        "text": "pardon",
        "userDefined": false
      }
    ],
    "isTemplate": false,
    "count": 0,
    "updated": 1524897569
  },
  {
    "id": "50b6287d-5333-4716-92d6-c0657a19f8ab",
    "data": [
      {
        "text": "repeat ",
        "userDefined": false
      },
      {
        "text": "it",
        "meta": "@sys.ignore",
        "userDefined": false
      }
    ],
    "isTemplate": false,
    "count": 0,
    "updated": 1524897569
  },
  {
    "id": "ac6633d1-847d-4f25-9c6c-52b03e744073",
    "data": [
      {
        "text": "sorry",
        "userDefined": false
      }
    ],
    "isTemplate": false,
    "count": 0,
    "updated": 1524897569
  },
  {
    "id": "d31899dd-440f-4dea-a708-0061e7540847",
    "data": [
      {
        "text": "once more",
        "userDefined": false
      }
    ],
    "isTemplate": false,
    "count": 0,
    "updated": 1524897569
  },
  {
    "id": "4705ad54-2d97-4be6-8d50-08576e1326b1",
    "data": [
      {
        "text": "again",
        "userDefined": false
      }
    ],
    "isTemplate": false,
    "count": 0,
    "updated": 1524897569
  }
]