[
  {
    "id": "9a7e12ab-6fa1-4503-a79c-40d0c8092cac",
    "data": [
      {
        "text": "please say ",
        "userDefined": false
      },
      {
        "text": "it",
        "meta": "@sys.ignore",
        "userDefined": false
      },
      {
        "text": " again",
        "userDefined": false
      }
    ],
    "isTemplate": false,
    "count": 0,
    "updated": 1523695218
  },
  {
    "id": "48763f3c-bd24-423d-a43f-4970f9c49f31",
    "data": [
      {
        "text": "please repeat ",
        "userDefined": false
      },
      {
        "text": "it",
        "meta": "@sys.ignore",
        "userDefined": false
      },
      {
        "text": " again",
        "userDefined": false
      }
    ],
    "isTemplate": false,
    "count": 0,
    "updated": 1523695218
  },
  {
    "id": "e6be9821-208f-4d89-bd61-6a97e12a7524",
    "data": [
      {
        "text": "say ",
        "userDefined": false
      },
      {
        "text": "it",
        "meta": "@sys.ignore",
        "userDefined": false
      },
      {
        "text": " again",
        "userDefined": false
      }
    ],
    "isTemplate": false,
    "count": 0,
    "updated": 1523695218
  },
  {
    "id": "5d89763e-1b9d-4645-a9c3-36c3f9738292",
    "data": [
      {
        "text": "repeat",
        "userDefined": false
      }
    ],
    "isTemplate": false,
    "count": 0,
    "updated": 1523695218
  },
  {
    "id": "47745f04-25f4-4af1-971f-0272fddb0675",
    "data": [
      {
        "text": "again",
        "userDefined": false
      }
    ],
    "isTemplate": false,
    "count": 0,
    "updated": 1523695218
  }
]