[
  {
    "id": "350f72b8-9126-4acc-8970-3a0cb36ee3c6",
    "data": [
      {
        "text": "introduction of jecrc",
        "userDefined": false
      }
    ],
    "isTemplate": false,
    "count": 0,
    "updated": 1523608871
  },
  {
    "id": "fecb436a-093d-4882-95c6-cd26cc8d595b",
    "data": [
      {
        "text": "what is the jecrc?",
        "userDefined": false
      }
    ],
    "isTemplate": false,
    "count": 0,
    "updated": 1523608871
  },
  {
    "id": "cc7e28b9-eba0-4481-a309-23703da17d4e",
    "data": [
      {
        "text": "Jaipur engineering college and research centre",
        "userDefined": false
      }
    ],
    "isTemplate": false,
    "count": 0,
    "updated": 1523608871
  },
  {
    "id": "f4308228-9934-4134-aae7-042dd0ac8216",
    "data": [
      {
        "text": "jecrc",
        "userDefined": false
      }
    ],
    "isTemplate": false,
    "count": 0,
    "updated": 1523608871
  }
]