[
  {
    "id": "cad55698-fe62-4bb6-b862-441fefa16fde",
    "data": [
      {
        "text": "research paper",
        "userDefined": false
      }
    ],
    "isTemplate": false,
    "count": 0,
    "updated": 1523875328
  },
  {
    "id": "e6276e0b-47a9-444d-b317-0ae2ab09a706",
    "data": [
      {
        "text": "jecrc",
        "alias": "college",
        "meta": "@college",
        "userDefined": false
      },
      {
        "text": " research",
        "userDefined": false
      }
    ],
    "isTemplate": false,
    "count": 0,
    "updated": 1523875328
  },
  {
    "id": "a073a530-fa57-48b0-b442-8bd0aca9f9b0",
    "data": [
      {
        "text": "research papers at jecrcre",
        "userDefined": false
      }
    ],
    "isTemplate": false,
    "count": 0,
    "updated": 1523875328
  }
]