[
  {
    "id": "e0a10e4f-c82f-4ab1-a232-494e24d44ae0",
    "data": [
      {
        "text": "pardon",
        "userDefined": false
      }
    ],
    "isTemplate": false,
    "count": 0,
    "updated": 1524565408
  },
  {
    "id": "7860c555-38de-4245-8ce8-4cd63507712e",
    "data": [
      {
        "text": "again",
        "userDefined": false
      }
    ],
    "isTemplate": false,
    "count": 0,
    "updated": 1524565408
  },
  {
    "id": "8a3521fe-f734-4922-af35-788f115bedee",
    "data": [
      {
        "text": "one more time",
        "userDefined": false
      }
    ],
    "isTemplate": false,
    "count": 0,
    "updated": 1524565408
  },
  {
    "id": "91d79687-def1-44c3-b762-ef3c872acba9",
    "data": [
      {
        "text": "say ",
        "userDefined": false
      },
      {
        "text": "it",
        "meta": "@sys.ignore",
        "userDefined": false
      },
      {
        "text": " again",
        "userDefined": false
      }
    ],
    "isTemplate": false,
    "count": 0,
    "updated": 1524565408
  },
  {
    "id": "c9f7e7ed-09be-4e74-a63c-f0647bf59f0e",
    "data": [
      {
        "text": "repeat",
        "userDefined": false
      }
    ],
    "isTemplate": false,
    "count": 0,
    "updated": 1524565408
  }
]