[
  {
    "id": "afcd2e44-c67e-417f-835f-ac70c2d49dfc",
    "data": [
      {
        "text": "jecrc mag",
        "userDefined": false
      }
    ],
    "isTemplate": false,
    "count": 0,
    "updated": 1523544036
  },
  {
    "id": "2f43556e-1b38-4cc7-a0ea-f8dbb19105b8",
    "data": [
      {
        "text": "j magajine",
        "userDefined": false
      }
    ],
    "isTemplate": false,
    "count": 0,
    "updated": 1523544036
  },
  {
    "id": "815d17f0-ef78-44a8-a93a-4b07ebb050cf",
    "data": [
      {
        "text": "j mag",
        "userDefined": false
      }
    ],
    "isTemplate": false,
    "count": 0,
    "updated": 1523544036
  },
  {
    "id": "316e83ab-9a1e-4a81-a789-37c12fa3f484",
    "data": [
      {
        "text": "jecrc magazine?",
        "userDefined": false
      }
    ],
    "isTemplate": false,
    "count": 0,
    "updated": 1523544036
  }
]