[
  {
    "id": "d9d690dd-4ac8-4ed3-b0b3-8835041760a3",
    "data": [
      {
        "text": "jecrc mag",
        "userDefined": false
      }
    ],
    "isTemplate": false,
    "count": 0,
    "updated": 1523544036
  },
  {
    "id": "961514e0-0a70-46a5-bd89-b2ad3500caa7",
    "data": [
      {
        "text": "jecrc magazine?",
        "userDefined": false
      }
    ],
    "isTemplate": false,
    "count": 0,
    "updated": 1523544036
  },
  {
    "id": "e26cde98-5e80-47ed-9dd1-98b3e635f1ed",
    "data": [
      {
        "text": "j magajine",
        "userDefined": false
      }
    ],
    "isTemplate": false,
    "count": 0,
    "updated": 1523544036
  },
  {
    "id": "bc8d9e80-a72b-48c7-9050-4ca6c53619b6",
    "data": [
      {
        "text": "j mag",
        "userDefined": false
      }
    ],
    "isTemplate": false,
    "count": 0,
    "updated": 1523544036
  }
]