[
  {
    "id": "a3b66b00-7862-4e73-9a62-800ab123a5d9",
    "data": [
      {
        "text": "glum",
        "userDefined": false
      }
    ],
    "isTemplate": false,
    "count": 0,
    "updated": 1525962608
  },
  {
    "id": "0a762790-952f-4836-b6da-1e6663390a40",
    "data": [
      {
        "text": "tell me ",
        "userDefined": false
      },
      {
        "text": "your",
        "meta": "@sys.ignore",
        "userDefined": true
      },
      {
        "text": " ",
        "userDefined": false
      },
      {
        "text": "funniest",
        "meta": "@sys.ignore",
        "userDefined": true
      },
      {
        "text": " joke",
        "userDefined": false
      }
    ],
    "isTemplate": false,
    "count": 0,
    "updated": 1525962608
  },
  {
    "id": "b2a93a56-3048-42c1-a977-635e3f479054",
    "data": [
      {
        "text": "make ",
        "userDefined": false
      },
      {
        "text": "me",
        "alias": "branches",
        "meta": "@branches",
        "userDefined": false
      },
      {
        "text": " laugh",
        "userDefined": false
      }
    ],
    "isTemplate": false,
    "count": 0,
    "updated": 1525962608
  },
  {
    "id": "2965ce16-eaf3-4e3e-8360-0cc3392c48ca",
    "data": [
      {
        "text": "funny thing",
        "userDefined": false
      }
    ],
    "isTemplate": false,
    "count": 0,
    "updated": 1525962608
  },
  {
    "id": "d5b8cdeb-6483-4550-b361-9c0790bdf530",
    "data": [
      {
        "text": "I",
        "meta": "@sys.ignore",
        "userDefined": true
      },
      {
        "text": "\u0027",
        "userDefined": false
      },
      {
        "text": "m",
        "meta": "@sys.ignore",
        "userDefined": true
      },
      {
        "text": " feeling glum make ",
        "userDefined": false
      },
      {
        "text": "me",
        "meta": "@sys.ignore",
        "userDefined": true
      },
      {
        "text": " laugh",
        "userDefined": false
      }
    ],
    "isTemplate": false,
    "count": 0,
    "updated": 1525962608
  },
  {
    "id": "8fb93bee-165a-44de-970a-fbf914650da5",
    "data": [
      {
        "text": "tell me something funny",
        "userDefined": false
      }
    ],
    "isTemplate": false,
    "count": 0,
    "updated": 1525962608
  },
  {
    "id": "895909b9-977f-4719-8657-4f45606d854e",
    "data": [
      {
        "text": "funny sayings",
        "userDefined": false
      }
    ],
    "isTemplate": false,
    "count": 0,
    "updated": 1525962608
  },
  {
    "id": "5091ad4a-bffd-47aa-805c-7f794fb8b27c",
    "data": [
      {
        "text": " joke",
        "userDefined": false
      }
    ],
    "isTemplate": false,
    "count": 0,
    "updated": 1525962608
  },
  {
    "id": "b1823050-c962-40f1-a974-739bfbdb2df6",
    "data": [
      {
        "text": "fun fact",
        "userDefined": false
      }
    ],
    "isTemplate": false,
    "count": 0,
    "updated": 1525962608
  },
  {
    "id": "dc619b80-11b5-4b81-a65b-ddded4b1291d",
    "data": [
      {
        "text": " ",
        "userDefined": false
      },
      {
        "text": "silly",
        "meta": "@sys.ignore",
        "userDefined": true
      },
      {
        "text": " joke",
        "userDefined": false
      }
    ],
    "isTemplate": false,
    "count": 1,
    "updated": 1525962608
  }
]