[
  {
    "id": "ed48d973-2201-42dc-9b16-3e9219df9788",
    "data": [
      {
        "text": "khalas bhangra crew",
        "userDefined": false
      }
    ],
    "isTemplate": false,
    "count": 0,
    "updated": 1523531279
  },
  {
    "id": "774e742a-78ba-4571-84a2-f52924694d67",
    "data": [
      {
        "text": "khalas bhangara",
        "userDefined": false
      }
    ],
    "isTemplate": false,
    "count": 0,
    "updated": 1523531279
  },
  {
    "id": "c21a9133-63a8-435a-8291-f052db259228",
    "data": [
      {
        "text": "khalas bhanghra crew",
        "userDefined": false
      }
    ],
    "isTemplate": false,
    "count": 0,
    "updated": 1523531279
  },
  {
    "id": "ab448551-74ed-4f62-b0a1-09625eacd934",
    "data": [
      {
        "text": "bhangra group",
        "userDefined": false
      }
    ],
    "isTemplate": false,
    "count": 0,
    "updated": 1523531279
  },
  {
    "id": "7e09dc42-7fbb-4ebb-b1e8-d01a268b3089",
    "data": [
      {
        "text": "kalsha bhangra crew",
        "userDefined": false
      }
    ],
    "isTemplate": false,
    "count": 0,
    "updated": 1523531279
  },
  {
    "id": "9127c86f-c528-4c7d-afb0-5813d6d3103d",
    "data": [
      {
        "text": "KBC",
        "userDefined": false
      }
    ],
    "isTemplate": false,
    "count": 0,
    "updated": 1523531279
  }
]