[
  {
    "id": "95a1d751-eff0-43c3-9f10-930cb896c9b3",
    "data": [
      {
        "text": "a",
        "userDefined": false
      }
    ],
    "isTemplate": false,
    "count": 0,
    "updated": 1523608200
  },
  {
    "id": "742a6f8a-4c44-4533-8acb-5d293bba7b4d",
    "data": [
      {
        "text": "number of students involved",
        "userDefined": false
      }
    ],
    "isTemplate": false,
    "count": 0,
    "updated": 1523608200
  },
  {
    "id": "ff0578f3-71e7-492d-aabb-f115f24117e8",
    "data": [
      {
        "text": "head",
        "userDefined": false
      }
    ],
    "isTemplate": false,
    "count": 0,
    "updated": 1523608200
  },
  {
    "id": "1a3d3ed4-5716-4931-a7fa-da5eaf4a8a77",
    "data": [
      {
        "text": "major events of khalas bhangara ",
        "userDefined": false
      },
      {
        "text": "group",
        "meta": "@sys.ignore",
        "userDefined": false
      }
    ],
    "isTemplate": false,
    "count": 0,
    "updated": 1523695436
  },
  {
    "id": "22c8c85a-b74d-43eb-868a-bc1d52b962e3",
    "data": [
      {
        "text": "major",
        "meta": "@sys.ignore",
        "userDefined": false
      },
      {
        "text": " events of this ",
        "userDefined": false
      },
      {
        "text": "group",
        "meta": "@sys.ignore",
        "userDefined": false
      }
    ],
    "isTemplate": false,
    "count": 0,
    "updated": 1523695436
  },
  {
    "id": "513ed9cc-43d2-446f-a3ea-0b03513e4127",
    "data": [
      {
        "text": "more about ",
        "userDefined": false
      },
      {
        "text": "it",
        "meta": "@sys.ignore",
        "userDefined": false
      }
    ],
    "isTemplate": false,
    "count": 0,
    "updated": 1523537469
  },
  {
    "id": "76155417-7745-43fa-85ee-720e40545bf2",
    "data": [
      {
        "text": "more information",
        "userDefined": false
      }
    ],
    "isTemplate": false,
    "count": 0,
    "updated": 1523537469
  },
  {
    "id": "9e7a1ff0-b58d-4583-961d-d9bdc0657c88",
    "data": [
      {
        "text": "participate",
        "userDefined": false
      }
    ],
    "isTemplate": false,
    "count": 1,
    "updated": 1523537469
  }
]