[
  {
    "id": "c38a8a6a-43fc-4381-af0b-a3bef6a60c8a",
    "data": [
      {
        "text": "once again",
        "userDefined": false
      }
    ],
    "isTemplate": false,
    "count": 0,
    "updated": 1523703248
  },
  {
    "id": "d8020e3b-44d5-4031-a27c-e6bddb49ca6d",
    "data": [
      {
        "text": "sorry",
        "userDefined": false
      }
    ],
    "isTemplate": false,
    "count": 0,
    "updated": 1523703248
  },
  {
    "id": "b06eaa40-4273-400a-8169-dab3550bc6b1",
    "data": [
      {
        "text": "what?",
        "userDefined": false
      }
    ],
    "isTemplate": false,
    "count": 0,
    "updated": 1523703248
  },
  {
    "id": "a54a7c0b-3760-48aa-a387-eb4cb33a4726",
    "data": [
      {
        "text": "say ",
        "userDefined": false
      },
      {
        "text": "it",
        "meta": "@sys.ignore",
        "userDefined": false
      },
      {
        "text": " again",
        "userDefined": false
      }
    ],
    "isTemplate": false,
    "count": 0,
    "updated": 1523703248
  },
  {
    "id": "6c86cc8e-36cf-4623-b827-a4c29bd2768e",
    "data": [
      {
        "text": "pardon please",
        "userDefined": false
      }
    ],
    "isTemplate": false,
    "count": 0,
    "updated": 1523703248
  },
  {
    "id": "ffc7f359-d9d8-492e-818d-58e211a734af",
    "data": [
      {
        "text": "repeat",
        "userDefined": false
      }
    ],
    "isTemplate": false,
    "count": 0,
    "updated": 1523703248
  }
]