[
  {
    "id": "3fce5791-290f-4082-8fd7-c14b9bda304e",
    "data": [
      {
        "text": "life at ",
        "userDefined": false
      },
      {
        "text": "college",
        "alias": "college",
        "meta": "@college",
        "userDefined": false
      }
    ],
    "isTemplate": false,
    "count": 0,
    "updated": 1525430882
  },
  {
    "id": "66e7a84b-d9c3-4696-a05b-d9d293d09e8f",
    "data": [
      {
        "text": "college",
        "alias": "college",
        "meta": "@college",
        "userDefined": false
      },
      {
        "text": " life",
        "userDefined": false
      }
    ],
    "isTemplate": false,
    "count": 0,
    "updated": 1525430882
  },
  {
    "id": "8a67059c-70e5-48f3-8042-610bde9aba4d",
    "data": [
      {
        "text": "jecrc life",
        "userDefined": false
      }
    ],
    "isTemplate": false,
    "count": 0,
    "updated": 1525430882
  },
  {
    "id": "416185be-2beb-48b2-99d4-dd14caf64c5d",
    "data": [
      {
        "text": "life at jecrc",
        "userDefined": false
      }
    ],
    "isTemplate": false,
    "count": 0,
    "updated": 1525430768
  }
]