[
  {
    "id": "88536899-eb00-402c-8c73-89e1b7e94707",
    "data": [
      {
        "text": "mun",
        "userDefined": false
      }
    ],
    "isTemplate": false,
    "count": 0,
    "updated": 1523808041
  },
  {
    "id": "40da855c-a06c-4bd7-8fbe-dc8bd958c986",
    "data": [
      {
        "text": "model united nations",
        "userDefined": false
      }
    ],
    "isTemplate": false,
    "count": 0,
    "updated": 1523808041
  },
  {
    "id": "a134c10a-341d-4ae3-868e-b1eef25bcf0e",
    "data": [
      {
        "text": "jecrc",
        "alias": "college",
        "meta": "@college",
        "userDefined": false
      },
      {
        "text": " mun",
        "userDefined": false
      }
    ],
    "isTemplate": false,
    "count": 0,
    "updated": 1523808041
  }
]