[
  {
    "id": "4ce74504-cbfc-4f6e-909b-bde2a61045d9",
    "data": [
      {
        "text": "foreign",
        "userDefined": false
      }
    ],
    "isTemplate": false,
    "count": 0,
    "updated": 1523856556
  },
  {
    "id": "2f7700e1-0d4d-4d09-8afc-3f2b3c0a486a",
    "data": [
      {
        "text": "outside country",
        "userDefined": false
      }
    ],
    "isTemplate": false,
    "count": 0,
    "updated": 1523856556
  },
  {
    "id": "abba2a14-c95d-4a52-abb4-823b375086ee",
    "data": [
      {
        "text": "global collaboration",
        "userDefined": false
      }
    ],
    "isTemplate": false,
    "count": 0,
    "updated": 1523856556
  },
  {
    "id": "b8b913b5-655f-41e4-a744-26b8b0a4bef1",
    "data": [
      {
        "text": "exchange of students",
        "userDefined": false
      }
    ],
    "isTemplate": false,
    "count": 0,
    "updated": 1523856556
  },
  {
    "id": "9a4046f9-b406-413a-a100-9296526f850b",
    "data": [
      {
        "text": "more about iaeste",
        "userDefined": false
      }
    ],
    "isTemplate": false,
    "count": 0,
    "updated": 1523856556
  },
  {
    "id": "67e24bc7-f2b7-480e-84b4-d478723c5e42",
    "data": [
      {
        "text": "Iaeste",
        "userDefined": false
      }
    ],
    "isTemplate": false,
    "count": 0,
    "updated": 1523856556
  },
  {
    "id": "4d0cdca2-256b-45ab-813b-76e3ab78256b",
    "data": [
      {
        "text": "foreign exchange",
        "userDefined": false
      }
    ],
    "isTemplate": false,
    "count": 0,
    "updated": 1523856556
  }
]