[
  {
    "id": "b6e149f2-be36-4eff-819a-bf0a1c6954be",
    "data": [
      {
        "text": "please  repeat",
        "userDefined": false
      }
    ],
    "isTemplate": false,
    "count": 0,
    "updated": 1523463326
  },
  {
    "id": "b4a98b5d-8033-433a-928a-70d40491869f",
    "data": [
      {
        "text": "say ",
        "userDefined": false
      },
      {
        "text": "it",
        "meta": "@sys.ignore",
        "userDefined": false
      },
      {
        "text": " again",
        "userDefined": false
      }
    ],
    "isTemplate": false,
    "count": 0,
    "updated": 1523463326
  },
  {
    "id": "39fc63a9-9016-45f3-b3c1-f176503b1d21",
    "data": [
      {
        "text": "please say ",
        "userDefined": false
      },
      {
        "text": "it",
        "meta": "@sys.ignore",
        "userDefined": false
      },
      {
        "text": " again?",
        "userDefined": false
      }
    ],
    "isTemplate": false,
    "count": 0,
    "updated": 1523463326
  },
  {
    "id": "7a757fb9-3e33-46f8-97c9-5f98ebec0e88",
    "data": [
      {
        "text": "can you repeat?",
        "userDefined": false
      }
    ],
    "isTemplate": false,
    "count": 0,
    "updated": 1523463326
  },
  {
    "id": "d88f9c30-e2c0-4804-96a5-bef112e46d45",
    "data": [
      {
        "text": "sorry, pardon please",
        "userDefined": false
      }
    ],
    "isTemplate": false,
    "count": 0,
    "updated": 1523463326
  }
]