[
  {
    "id": "c68523a8-4cc2-45e5-82b3-f10de56990a6",
    "data": [
      {
        "text": "please  repeat",
        "userDefined": false
      }
    ],
    "isTemplate": false,
    "count": 0,
    "updated": 1523463326
  },
  {
    "id": "9e2bd05c-5009-45e4-af3d-9b3ddacf0d0e",
    "data": [
      {
        "text": "say ",
        "userDefined": false
      },
      {
        "text": "it",
        "meta": "@sys.ignore",
        "userDefined": false
      },
      {
        "text": " again",
        "userDefined": false
      }
    ],
    "isTemplate": false,
    "count": 0,
    "updated": 1523463326
  },
  {
    "id": "604120f2-840f-4145-99c8-e57d081a091f",
    "data": [
      {
        "text": "please say ",
        "userDefined": false
      },
      {
        "text": "it",
        "meta": "@sys.ignore",
        "userDefined": false
      },
      {
        "text": " again?",
        "userDefined": false
      }
    ],
    "isTemplate": false,
    "count": 0,
    "updated": 1523463326
  },
  {
    "id": "1082638f-223b-4b1d-a8d4-047059fb43d7",
    "data": [
      {
        "text": "can you repeat?",
        "userDefined": false
      }
    ],
    "isTemplate": false,
    "count": 0,
    "updated": 1523463326
  },
  {
    "id": "69f775e1-775e-4213-af85-033f57c56b33",
    "data": [
      {
        "text": "sorry, pardon please",
        "userDefined": false
      }
    ],
    "isTemplate": false,
    "count": 0,
    "updated": 1523463326
  }
]