[
  {
    "id": "302fd4e1-8943-4461-984b-458f17abe44d",
    "data": [
      {
        "text": "aim of your college",
        "userDefined": false
      }
    ],
    "isTemplate": false,
    "count": 0,
    "updated": 1523789355
  },
  {
    "id": "e03ede33-ef90-4805-9246-e2c801eb536a",
    "data": [
      {
        "text": "aim of jecrc",
        "userDefined": false
      }
    ],
    "isTemplate": false,
    "count": 0,
    "updated": 1523789355
  },
  {
    "id": "53e43b57-08fb-43fe-9ee5-ac53e42a1958",
    "data": [
      {
        "text": "motto",
        "userDefined": false
      }
    ],
    "isTemplate": false,
    "count": 0,
    "updated": 1523463040
  },
  {
    "id": "102193f7-cfc2-465a-b19f-6ef8df0f8be1",
    "data": [
      {
        "text": "vision",
        "userDefined": false
      }
    ],
    "isTemplate": false,
    "count": 0,
    "updated": 1523463040
  }
]