[
  {
    "id": "cdc51484-1a08-46f2-9ca9-27da9533dd62",
    "data": [
      {
        "text": "aim",
        "userDefined": false
      }
    ],
    "isTemplate": false,
    "count": 0,
    "updated": 1523463040
  },
  {
    "id": "70d779ba-1e67-4354-9630-0cf51adda93b",
    "data": [
      {
        "text": "motto",
        "userDefined": false
      }
    ],
    "isTemplate": false,
    "count": 0,
    "updated": 1523463040
  },
  {
    "id": "9164b6de-c659-443b-9fb8-969096372f45",
    "data": [
      {
        "text": "vision",
        "userDefined": false
      }
    ],
    "isTemplate": false,
    "count": 0,
    "updated": 1523463040
  }
]