[
  {
    "id": "9849e831-9ad0-4d1d-aaa9-4476d6c8db91",
    "data": [
      {
        "text": "i was wrong",
        "userDefined": false
      }
    ],
    "isTemplate": false,
    "count": 0,
    "updated": 1528274417
  },
  {
    "id": "f3ae298e-f68b-4e0c-be80-1a6ae17ffc0b",
    "data": [
      {
        "text": "sorry",
        "userDefined": false
      }
    ],
    "isTemplate": false,
    "count": 0,
    "updated": 1528274417
  },
  {
    "id": "7142124c-5ac6-42e3-9d4b-5edae46223de",
    "data": [
      {
        "text": "i am sorry",
        "userDefined": false
      }
    ],
    "isTemplate": false,
    "count": 0,
    "updated": 1528389489
  },
  {
    "id": "8bf45690-d794-436a-81d5-558849a42274",
    "data": [
      {
        "text": "my fault",
        "userDefined": false
      }
    ],
    "isTemplate": false,
    "count": 0,
    "updated": 1528274417
  },
  {
    "id": "f36ab422-cc4c-40fb-9c02-3ba2fe464e3c",
    "data": [
      {
        "text": "i apologize",
        "userDefined": false
      }
    ],
    "isTemplate": false,
    "count": 0,
    "updated": 1528274417
  },
  {
    "id": "7be9b9be-fee0-468c-ac8c-941dade4d6ce",
    "data": [
      {
        "text": "my mistake",
        "userDefined": false
      }
    ],
    "isTemplate": false,
    "count": 0,
    "updated": 1528274417
  },
  {
    "id": "a6263d74-39b0-435e-8fb0-cfdcfb0e9c70",
    "data": [
      {
        "text": "i apologies",
        "userDefined": false
      }
    ],
    "isTemplate": false,
    "count": 0,
    "updated": 1528274417
  }
]