[
  {
    "id": "6962a0d4-520d-4332-9a37-267c3e9b4d00",
    "data": [
      {
        "text": "No one understands ",
        "userDefined": false
      },
      {
        "text": "me",
        "meta": "@sys.ignore",
        "userDefined": false
      }
    ],
    "isTemplate": false,
    "count": 0,
    "updated": 1527964575
  },
  {
    "id": "71450c8f-546f-4e8c-9f0c-4338e4128cb3",
    "data": [
      {
        "text": "No one understands my feelings",
        "userDefined": false
      }
    ],
    "isTemplate": false,
    "count": 0,
    "updated": 1527964575
  },
  {
    "id": "27082433-e1b9-4715-bbc1-36764e63e77c",
    "data": [
      {
        "text": "I don\u0027t have any friend",
        "userDefined": false
      }
    ],
    "isTemplate": false,
    "count": 0,
    "updated": 1527964575
  },
  {
    "id": "51bc5e30-3904-4980-81b3-4f5179a3dae0",
    "data": [
      {
        "text": "No one likes me",
        "userDefined": false
      }
    ],
    "isTemplate": false,
    "count": 0,
    "updated": 1527964575
  },
  {
    "id": "cfc212ec-2580-46d2-84a1-aaf05f9798c6",
    "data": [
      {
        "text": "I am alone",
        "userDefined": false
      }
    ],
    "isTemplate": false,
    "count": 0,
    "updated": 1527964575
  },
  {
    "id": "b759e8bd-b8e4-4229-ac60-a067103f4263",
    "data": [
      {
        "text": "I am so lonely",
        "userDefined": false
      }
    ],
    "isTemplate": false,
    "count": 0,
    "updated": 1527964575
  }
]