[
  {
    "id": "7f2beb89-cd65-4563-84c1-2611dc7b1634",
    "data": [
      {
        "text": "Ok good",
        "userDefined": false
      }
    ],
    "isTemplate": false,
    "count": 0,
    "updated": 1527874382
  },
  {
    "id": "f8dbad18-e692-4ad7-8467-bb3fbba2d4da",
    "data": [
      {
        "text": "Nice",
        "userDefined": false
      }
    ],
    "isTemplate": false,
    "count": 0,
    "updated": 1527874638
  },
  {
    "id": "da0888cb-673a-42fe-ae5b-e8f0dc09597b",
    "data": [
      {
        "text": "Ok",
        "userDefined": false
      }
    ],
    "isTemplate": false,
    "count": 0,
    "updated": 1527874382
  },
  {
    "id": "88621896-0e86-4f00-9c92-e3887191aee1",
    "data": [
      {
        "text": "Good",
        "userDefined": false
      }
    ],
    "isTemplate": false,
    "count": 0,
    "updated": 1527874382
  }
]