[
  {
    "id": "764222c7-05fc-449b-83af-654d31696061",
    "data": [
      {
        "text": "photo",
        "userDefined": false
      }
    ],
    "isTemplate": false,
    "count": 0,
    "updated": 1523542453
  },
  {
    "id": "b28993ef-bbf8-49ba-afc7-6a21fa4dc173",
    "data": [
      {
        "text": "photography",
        "userDefined": false
      }
    ],
    "isTemplate": false,
    "count": 0,
    "updated": 1523542453
  },
  {
    "id": "a2676508-ee96-47db-ae06-902cf4ff0f21",
    "data": [
      {
        "text": "photogra freaks",
        "userDefined": false
      }
    ],
    "isTemplate": false,
    "count": 0,
    "updated": 1523542453
  },
  {
    "id": "8eb267e8-a124-4dcf-a073-c950987b8875",
    "data": [
      {
        "text": "fotogra freaks",
        "userDefined": false
      }
    ],
    "isTemplate": false,
    "count": 0,
    "updated": 1523542453
  }
]