[
  {
    "id": "092a18d9-48e0-4258-b4d3-d741f0aac3fe",
    "data": [
      {
        "text": "is",
        "userDefined": false
      }
    ],
    "isTemplate": false,
    "count": 0,
    "updated": 1523608283
  },
  {
    "id": "8afaf5cf-8efd-44a0-a38b-7cf6b6e0cdb5",
    "data": [
      {
        "text": "a",
        "userDefined": false
      }
    ],
    "isTemplate": false,
    "count": 0,
    "updated": 1523608283
  },
  {
    "id": "13684ae3-f978-4b81-8699-ef747322cbdf",
    "data": [
      {
        "text": "number of students involved",
        "userDefined": false
      }
    ],
    "isTemplate": false,
    "count": 0,
    "updated": 1523608283
  },
  {
    "id": "6011d45e-c4e9-443f-b2e0-c04dd721b1e1",
    "data": [
      {
        "text": "head",
        "userDefined": false
      }
    ],
    "isTemplate": false,
    "count": 0,
    "updated": 1523608283
  },
  {
    "id": "08d7b4df-2950-4ed4-8c90-616707fef113",
    "data": [
      {
        "text": "more about ",
        "userDefined": false
      },
      {
        "text": "it",
        "meta": "@sys.ignore",
        "userDefined": false
      }
    ],
    "isTemplate": false,
    "count": 0,
    "updated": 1523608283
  },
  {
    "id": "383ad316-c14f-49a8-a583-978a07cfad89",
    "data": [
      {
        "text": "major events of fotogra freaks",
        "userDefined": false
      }
    ],
    "isTemplate": false,
    "count": 0,
    "updated": 1523608283
  },
  {
    "id": "4ea0c790-1e86-4e2f-be7e-43b64f3ee5e5",
    "data": [
      {
        "text": "major events of photogra",
        "userDefined": false
      }
    ],
    "isTemplate": false,
    "count": 0,
    "updated": 1523608283
  },
  {
    "id": "6b735421-ecfd-4bf7-b8a0-d873099f518b",
    "data": [
      {
        "text": "how can i take part in it",
        "userDefined": false
      }
    ],
    "isTemplate": false,
    "count": 0,
    "updated": 1523608283
  },
  {
    "id": "7ac95259-7f65-4b6e-a29c-a27eec92edac",
    "data": [
      {
        "text": "participate",
        "userDefined": false
      }
    ],
    "isTemplate": false,
    "count": 0,
    "updated": 1523608283
  },
  {
    "id": "a10da6e0-1146-4d62-89ef-36aede3dfcdb",
    "data": [
      {
        "text": "contact number",
        "userDefined": false
      }
    ],
    "isTemplate": false,
    "count": 0,
    "updated": 1523608283
  },
  {
    "id": "438525b5-57e1-4da2-bbed-e756d6720403",
    "data": [
      {
        "text": "contact",
        "userDefined": false
      }
    ],
    "isTemplate": false,
    "count": 0,
    "updated": 1523608283
  },
  {
    "id": "5204d5e8-50c8-463c-98ba-3cf81dc7268a",
    "data": [
      {
        "text": "information",
        "userDefined": false
      }
    ],
    "isTemplate": false,
    "count": 0,
    "updated": 1523608283
  },
  {
    "id": "6178eae4-d34b-434d-8f16-b16193b7edec",
    "data": [
      {
        "text": "more information",
        "userDefined": false
      }
    ],
    "isTemplate": false,
    "count": 0,
    "updated": 1523608283
  }
]