[
  {
    "id": "53f62491-8c73-4340-9b53-712c15ca41b8",
    "data": [
      {
        "text": "say ",
        "userDefined": false
      },
      {
        "text": "it",
        "meta": "@sys.ignore",
        "userDefined": false
      },
      {
        "text": " again",
        "userDefined": false
      }
    ],
    "isTemplate": false,
    "count": 0,
    "updated": 1523696388
  },
  {
    "id": "403c2874-e424-4a97-8833-6bad6d361f9e",
    "data": [
      {
        "text": "repeat it",
        "userDefined": false
      }
    ],
    "isTemplate": false,
    "count": 0,
    "updated": 1523696388
  },
  {
    "id": "09e6bf7a-0afc-4278-898c-5dec6f06c483",
    "data": [
      {
        "text": "again",
        "userDefined": false
      }
    ],
    "isTemplate": false,
    "count": 0,
    "updated": 1523696388
  },
  {
    "id": "42c765fd-bc7b-4e01-8297-73351b97cfa9",
    "data": [
      {
        "text": "sorry",
        "userDefined": false
      }
    ],
    "isTemplate": false,
    "count": 0,
    "updated": 1523696388
  }
]