[
  {
    "id": "e81e662f-4324-4f12-bce8-749fcfaca5ca",
    "data": [
      {
        "text": "photo",
        "userDefined": false
      }
    ],
    "isTemplate": false,
    "count": 0,
    "updated": 1523542453
  },
  {
    "id": "d6eb59ca-381d-4969-9a1f-869e9e10f553",
    "data": [
      {
        "text": "photography",
        "userDefined": false
      }
    ],
    "isTemplate": false,
    "count": 0,
    "updated": 1523542453
  },
  {
    "id": "e04c5959-3bdd-42eb-8986-f52d6a96b470",
    "data": [
      {
        "text": "photogra freaks",
        "userDefined": false
      }
    ],
    "isTemplate": false,
    "count": 0,
    "updated": 1523542453
  },
  {
    "id": "21355c75-2264-4313-88ef-dfd5e8486fa8",
    "data": [
      {
        "text": "fotogra freaks",
        "userDefined": false
      }
    ],
    "isTemplate": false,
    "count": 0,
    "updated": 1523542453
  }
]