[
  {
    "id": "d2a96b61-2272-4395-9000-50bd8faec244",
    "data": [
      {
        "text": "repeat ",
        "userDefined": false
      },
      {
        "text": "it",
        "meta": "@sys.ignore",
        "userDefined": false
      }
    ],
    "isTemplate": false,
    "count": 0,
    "updated": 1524898976
  },
  {
    "id": "37db4ab5-d1c6-47c4-b6a7-152116d8aa5d",
    "data": [
      {
        "text": "again please",
        "userDefined": false
      }
    ],
    "isTemplate": false,
    "count": 0,
    "updated": 1524898976
  },
  {
    "id": "82f6d57d-2653-4417-aef5-b47356342077",
    "data": [
      {
        "text": "can you please say ",
        "userDefined": false
      },
      {
        "text": "it",
        "meta": "@sys.ignore",
        "userDefined": false
      },
      {
        "text": " again",
        "userDefined": false
      }
    ],
    "isTemplate": false,
    "count": 0,
    "updated": 1524898976
  },
  {
    "id": "72722bca-5e5c-4916-8058-0273f2859134",
    "data": [
      {
        "text": "say ",
        "userDefined": false
      },
      {
        "text": "it",
        "meta": "@sys.ignore",
        "userDefined": false
      },
      {
        "text": " again",
        "userDefined": false
      }
    ],
    "isTemplate": false,
    "count": 0,
    "updated": 1524898976
  },
  {
    "id": "b175b569-c5ff-4076-9e68-1c7efb0c2c07",
    "data": [
      {
        "text": "contact number",
        "userDefined": false
      }
    ],
    "isTemplate": false,
    "count": 0,
    "updated": 1524898976
  }
]