[
  {
    "id": "08bc28d6-32ea-4fa7-839f-fa28b9a9d606",
    "data": [
      {
        "text": "sooch",
        "userDefined": false
      }
    ],
    "isTemplate": false,
    "count": 0,
    "updated": 1523514186
  },
  {
    "id": "bdecb0fe-ce76-4768-b8cc-1728af3bf8d3",
    "data": [
      {
        "text": "tell me something about soch",
        "userDefined": false
      }
    ],
    "isTemplate": false,
    "count": 0,
    "updated": 1523514186
  },
  {
    "id": "2296b88d-af20-404c-8fce-446480795222",
    "data": [
      {
        "text": "soch",
        "userDefined": false
      }
    ],
    "isTemplate": false,
    "count": 0,
    "updated": 1523514186
  }
]