[
  {
    "id": "324b4d82-333d-4666-8363-1af372d52a92",
    "data": [
      {
        "text": "soch",
        "userDefined": false
      }
    ],
    "isTemplate": false,
    "count": 0,
    "updated": 1523776841
  },
  {
    "id": "b50bfce4-c279-44ec-b3df-f4c6b5cb2b2a",
    "data": [
      {
        "text": "sooch",
        "userDefined": false
      }
    ],
    "isTemplate": false,
    "count": 0,
    "updated": 1523776841
  },
  {
    "id": "6ed9a332-d775-4c92-8043-ae930142b23d",
    "data": [
      {
        "text": "soochh",
        "userDefined": false
      }
    ],
    "isTemplate": false,
    "count": 0,
    "updated": 1523776841
  }
]