[
  {
    "id": "e03f9131-bd6d-4b55-b483-5c6ce15de25c",
    "data": [
      {
        "text": "students in a class",
        "userDefined": false
      }
    ],
    "isTemplate": false,
    "count": 0,
    "updated": 1524309275
  },
  {
    "id": "6047cc64-215a-45ec-a042-c684052a052f",
    "data": [
      {
        "text": "number of students in a class",
        "userDefined": false
      }
    ],
    "isTemplate": false,
    "count": 0,
    "updated": 1524309275
  },
  {
    "id": "19935ce1-668c-4804-aee1-544644deccc4",
    "data": [
      {
        "text": "class size",
        "userDefined": false
      }
    ],
    "isTemplate": false,
    "count": 0,
    "updated": 1524309275
  }
]