[
  {
    "id": "7a9c61c2-1b04-4e10-ae52-a05934efab10",
    "data": [
      {
        "text": "subjects in civil",
        "userDefined": false
      }
    ],
    "isTemplate": false,
    "count": 0,
    "updated": 1524659093
  },
  {
    "id": "91519b8b-12cb-40c1-86ad-150b492503ad",
    "data": [
      {
        "text": "subjects in electronics and communication",
        "userDefined": false
      }
    ],
    "isTemplate": false,
    "count": 0,
    "updated": 1524659093
  },
  {
    "id": "232a9cd3-2332-4c30-b150-6afcf958bbd4",
    "data": [
      {
        "text": "subjects in electrical engineering",
        "userDefined": false
      }
    ],
    "isTemplate": false,
    "count": 0,
    "updated": 1524659093
  },
  {
    "id": "988da885-80ed-4bb8-8c1f-3b6e20be45af",
    "data": [
      {
        "text": "subjects in ",
        "userDefined": false
      },
      {
        "text": "it",
        "alias": "branches",
        "meta": "@branches",
        "userDefined": false
      }
    ],
    "isTemplate": false,
    "count": 0,
    "updated": 1524659093
  },
  {
    "id": "6e79cc33-35c2-4320-a43e-ac7c5b180cc7",
    "data": [
      {
        "text": "subjects in ",
        "userDefined": false
      },
      {
        "text": "mechanical engineering",
        "alias": "branches",
        "meta": "@branches",
        "userDefined": false
      }
    ],
    "isTemplate": false,
    "count": 0,
    "updated": 1524659093
  },
  {
    "id": "5c8f8bcd-25f8-4a9f-8fbf-de038781f5b3",
    "data": [
      {
        "text": "subjects in ",
        "userDefined": false
      },
      {
        "text": "computer science",
        "alias": "branches",
        "meta": "@branches",
        "userDefined": false
      }
    ],
    "isTemplate": false,
    "count": 0,
    "updated": 1524659093
  },
  {
    "id": "376b8130-5bc3-4f3f-90bf-25ab70409e82",
    "data": [
      {
        "text": "subject in ",
        "userDefined": false
      },
      {
        "text": "in 1st year",
        "alias": "date",
        "meta": "@sys.date",
        "userDefined": false
      }
    ],
    "isTemplate": false,
    "count": 0,
    "updated": 1524659093
  },
  {
    "id": "d8fb5653-ce51-455c-9ab1-c4b7b320e78a",
    "data": [
      {
        "text": "subjects in engineering",
        "userDefined": false
      }
    ],
    "isTemplate": false,
    "count": 0,
    "updated": 1524659093
  },
  {
    "id": "42861c9e-57b9-4561-9562-3ea9fba27fdc",
    "data": [
      {
        "text": "subjects in btech",
        "userDefined": false
      }
    ],
    "isTemplate": false,
    "count": 0,
    "updated": 1524659093
  },
  {
    "id": "241f86f4-6ba9-4d2d-b0ad-4103dd3771c9",
    "data": [
      {
        "text": "total number of subjects we have to study in btech",
        "userDefined": false
      }
    ],
    "isTemplate": false,
    "count": 0,
    "updated": 1524659093
  },
  {
    "id": "0442e8af-34dd-4070-af69-ea9c51c604d9",
    "data": [
      {
        "text": "subject in ",
        "userDefined": false
      },
      {
        "text": "jecrc",
        "alias": "college",
        "meta": "@college",
        "userDefined": false
      }
    ],
    "isTemplate": false,
    "count": 0,
    "updated": 1524659093
  }
]