[
  {
    "id": "af454dac-4aec-4265-8fb1-901dd3150c27",
    "data": [
      {
        "text": "tell me more",
        "userDefined": false
      }
    ],
    "isTemplate": false,
    "count": 0,
    "updated": 1523777075
  },
  {
    "id": "dd7c4b73-90b5-4466-a222-d8c053c1fdf3",
    "data": [
      {
        "text": "number of students involved",
        "userDefined": false
      }
    ],
    "isTemplate": false,
    "count": 0,
    "updated": 1523607940
  },
  {
    "id": "8e4af54f-26ed-42c8-89b4-991877143b55",
    "data": [
      {
        "text": "head",
        "userDefined": false
      }
    ],
    "isTemplate": false,
    "count": 0,
    "updated": 1523607940
  },
  {
    "id": "a71dde73-7c5c-4c6e-a02e-64aa9a716f75",
    "data": [
      {
        "text": "soch",
        "userDefined": false
      }
    ],
    "isTemplate": false,
    "count": 0,
    "updated": 1523537993
  },
  {
    "id": "4504d673-1fb8-446d-a19a-6b99ee10e556",
    "data": [
      {
        "text": "major events of soch",
        "userDefined": false
      }
    ],
    "isTemplate": false,
    "count": 0,
    "updated": 1523537993
  },
  {
    "id": "f6bae0a4-9112-4529-a952-dfb5be24ab20",
    "data": [
      {
        "text": "information",
        "userDefined": false
      }
    ],
    "isTemplate": false,
    "count": 0,
    "updated": 1523537993
  },
  {
    "id": "3c9f4a36-53ac-47d3-8f3a-94479e955295",
    "data": [
      {
        "text": "more about ",
        "userDefined": false
      },
      {
        "text": "it",
        "meta": "@sys.ignore",
        "userDefined": false
      }
    ],
    "isTemplate": false,
    "count": 0,
    "updated": 1523537993
  }
]