[
  {
    "id": "b76fdf6f-22ab-4ddb-9838-0030778469d6",
    "data": [
      {
        "text": "@indian_names:indian_names",
        "userDefined": false
      }
    ],
    "isTemplate": true,
    "count": 0,
    "updated": 1532070655
  },
  {
    "id": "fdf21e95-1de5-45dd-befe-7a4403f5fd9a",
    "data": [
      {
        "text": "@sys.given-name:given-name",
        "userDefined": false
      }
    ],
    "isTemplate": true,
    "count": 0,
    "updated": 1532070655
  },
  {
    "id": "1f2b159b-f85d-4040-b5a1-42e42a5d7321",
    "data": [
      {
        "text": "i am @sys.given-name:given-name",
        "userDefined": false
      }
    ],
    "isTemplate": true,
    "count": 0,
    "updated": 1532070655
  },
  {
    "id": "5b8e0175-b9a5-4b25-ad76-7b027f108197",
    "data": [
      {
        "text": "my name is @indian_names:indian_names",
        "userDefined": false
      }
    ],
    "isTemplate": true,
    "count": 0,
    "updated": 1532070655
  },
  {
    "id": "bdd1e80c-5cdf-4eaa-b6b5-682ee082682c",
    "data": [
      {
        "text": "my name is @sys.given-name:given-name",
        "userDefined": false
      }
    ],
    "isTemplate": true,
    "count": 0,
    "updated": 1532070655
  },
  {
    "id": "708e9ae8-df92-4ad5-a274-95fbe0c5a8a0",
    "data": [
      {
        "text": "i m @indian_names:indian_names",
        "userDefined": false
      }
    ],
    "isTemplate": true,
    "count": 0,
    "updated": 1532070655
  },
  {
    "id": "cb9171cb-9681-4b3e-a9cc-7bc1045cc510",
    "data": [
      {
        "text": "myself @indian_names:indian_names",
        "userDefined": false
      }
    ],
    "isTemplate": true,
    "count": 0,
    "updated": 1532070655
  },
  {
    "id": "df6ebc65-14df-414d-b1b6-eae2ad54597d",
    "data": [
      {
        "text": "I am @indian_names:indian_names",
        "userDefined": false
      }
    ],
    "isTemplate": true,
    "count": 0,
    "updated": 1532070655
  },
  {
    "id": "7a459710-1108-46a1-be2e-be4d356f97ef",
    "data": [
      {
        "text": "myself @sys.given-name:given-name",
        "userDefined": false
      }
    ],
    "isTemplate": true,
    "count": 0,
    "updated": 1532070655
  }
]