[
  {
    "id": "89b97c80-b766-4d40-905d-327c0c8e84e9",
    "data": [
      {
        "text": "what is suhasini",
        "userDefined": false
      }
    ],
    "isTemplate": false,
    "count": 0,
    "updated": 1523694395
  },
  {
    "id": "221cb2ba-b9d8-453e-aa4f-ce7ce0742764",
    "data": [
      {
        "text": "ssuhasini",
        "userDefined": false
      }
    ],
    "isTemplate": false,
    "count": 0,
    "updated": 1523777199
  },
  {
    "id": "ae68a2ca-44b5-433b-9770-7f91f52c6dbf",
    "data": [
      {
        "text": "suhasini",
        "userDefined": false
      }
    ],
    "isTemplate": false,
    "count": 0,
    "updated": 1523694395
  }
]