[
  {
    "id": "637c2f81-28df-4fe0-b5b3-c6776c53e306",
    "data": [
      {
        "text": "what about you?",
        "userDefined": false
      }
    ],
    "isTemplate": false,
    "count": 0,
    "updated": 1525082388
  },
  {
    "id": "95cc0541-3579-4c87-abcc-7f572a13f87b",
    "data": [
      {
        "text": "I am good",
        "userDefined": false
      }
    ],
    "isTemplate": false,
    "count": 0,
    "updated": 1525082388
  },
  {
    "id": "4a41d5f4-d0f4-4fac-8df0-52476562fb7b",
    "data": [
      {
        "text": "Hello",
        "alias": "Welcome",
        "meta": "@Welcome",
        "userDefined": false
      },
      {
        "text": " i am fine",
        "userDefined": false
      }
    ],
    "isTemplate": false,
    "count": 0,
    "updated": 1527566042
  },
  {
    "id": "9188f9e6-e348-4991-9fb2-3c3addf8f6ed",
    "data": [
      {
        "text": "awesome",
        "userDefined": false
      }
    ],
    "isTemplate": false,
    "count": 0,
    "updated": 1525082388
  },
  {
    "id": "39578590-d533-42d1-a7fd-896a728a04c1",
    "data": [
      {
        "text": "i am fine thankyou",
        "userDefined": false
      }
    ],
    "isTemplate": false,
    "count": 0,
    "updated": 1525082388
  },
  {
    "id": "d192d1a5-6cc4-463f-a9b3-8c6501753b46",
    "data": [
      {
        "text": "i am fine",
        "userDefined": false
      }
    ],
    "isTemplate": false,
    "count": 0,
    "updated": 1525082388
  },
  {
    "id": "60b01141-a855-4f06-884d-134c764f8543",
    "data": [
      {
        "text": "Hi",
        "alias": "Welcome",
        "meta": "@Welcome",
        "userDefined": false
      },
      {
        "text": " i am fine",
        "userDefined": false
      }
    ],
    "isTemplate": false,
    "count": 0,
    "updated": 1527566042
  },
  {
    "id": "35ee679c-d19d-4e1e-8e92-0612f1f4d752",
    "data": [
      {
        "text": "fine",
        "userDefined": false
      }
    ],
    "isTemplate": false,
    "count": 0,
    "updated": 1525082388
  },
  {
    "id": "8b052324-88e8-4bb3-b687-e8160aad44f3",
    "data": [
      {
        "text": "Hey",
        "alias": "Welcome",
        "meta": "@Welcome",
        "userDefined": false
      },
      {
        "text": " i am fine",
        "userDefined": false
      }
    ],
    "isTemplate": false,
    "count": 0,
    "updated": 1527566042
  },
  {
    "id": "db04114a-9915-4c6f-83eb-5e8606ad2046",
    "data": [
      {
        "text": "good thanks",
        "userDefined": false
      }
    ],
    "isTemplate": false,
    "count": 0,
    "updated": 1525082388
  },
  {
    "id": "0d02f8e3-3510-44ab-a7ea-6fba07d512d4",
    "data": [
      {
        "text": "good",
        "userDefined": false
      }
    ],
    "isTemplate": false,
    "count": 0,
    "updated": 1525082388
  }
]