[
  {
    "id": "824aab55-6ea3-41d6-a2b8-38b9e1938348",
    "data": [
      {
        "text": "pardon please",
        "userDefined": false
      }
    ],
    "isTemplate": false,
    "count": 0,
    "updated": 1523454380
  },
  {
    "id": "f6f5df45-d6b5-459c-91fa-3d0dbfee1406",
    "data": [
      {
        "text": "can you repeat ",
        "userDefined": false
      },
      {
        "text": "it",
        "meta": "@sys.ignore",
        "userDefined": false
      },
      {
        "text": " again?",
        "userDefined": false
      }
    ],
    "isTemplate": false,
    "count": 0,
    "updated": 1523454380
  },
  {
    "id": "23584d05-bdd9-4d68-9690-c6dee92d1b69",
    "data": [
      {
        "text": "sorry pardon please",
        "userDefined": false
      }
    ],
    "isTemplate": false,
    "count": 0,
    "updated": 1523454380
  }
]