[
  {
    "id": "942c195c-9428-4166-8e2e-f227588a6b3d",
    "data": [
      {
        "text": "what is suhasini",
        "userDefined": false
      }
    ],
    "isTemplate": false,
    "count": 0,
    "updated": 1523515168
  },
  {
    "id": "b01e8f36-80e1-4151-8114-f51cae438c96",
    "data": [
      {
        "text": "tell me something about suhasini",
        "userDefined": false
      }
    ],
    "isTemplate": false,
    "count": 0,
    "updated": 1523515168
  },
  {
    "id": "72316017-d20c-4c71-aa49-77be2079025b",
    "data": [
      {
        "text": "suhasini",
        "userDefined": false
      }
    ],
    "isTemplate": false,
    "count": 0,
    "updated": 1523515168
  }
]