[
  {
    "id": "4a665fde-67c8-4dc5-8492-287865d93ffc",
    "data": [
      {
        "text": "a",
        "userDefined": false
      }
    ],
    "isTemplate": false,
    "count": 0,
    "updated": 1523607995
  },
  {
    "id": "2fe9e282-ffef-4ab8-8158-84f79dac63d9",
    "data": [
      {
        "text": "number of students involved",
        "userDefined": false
      }
    ],
    "isTemplate": false,
    "count": 0,
    "updated": 1523607995
  },
  {
    "id": "a75ff64e-7ea6-429c-ac1a-2d6dd8edaffe",
    "data": [
      {
        "text": "head",
        "userDefined": false
      }
    ],
    "isTemplate": false,
    "count": 0,
    "updated": 1523607995
  },
  {
    "id": "0e3c0c2a-3ef3-4771-bbe9-69cd72c53e78",
    "data": [
      {
        "text": "details",
        "userDefined": false
      }
    ],
    "isTemplate": false,
    "count": 0,
    "updated": 1523538284
  },
  {
    "id": "61f31448-2506-4c7f-9efb-0cf2ca40fbf3",
    "data": [
      {
        "text": "further details",
        "userDefined": false
      }
    ],
    "isTemplate": false,
    "count": 0,
    "updated": 1523538284
  },
  {
    "id": "ff752a8e-5e8e-4b72-83ca-ecdd8e39810f",
    "data": [
      {
        "text": "take part in ",
        "userDefined": false
      },
      {
        "text": "it",
        "meta": "@sys.ignore",
        "userDefined": false
      }
    ],
    "isTemplate": false,
    "count": 0,
    "updated": 1523538284
  },
  {
    "id": "7bce0513-b56d-4474-89a2-48a437a13209",
    "data": [
      {
        "text": "contact",
        "userDefined": false
      }
    ],
    "isTemplate": false,
    "count": 0,
    "updated": 1523538284
  },
  {
    "id": "2f03629f-1c55-446c-a8a2-4cf5237c7f2f",
    "data": [
      {
        "text": "information",
        "userDefined": false
      }
    ],
    "isTemplate": false,
    "count": 0,
    "updated": 1523538284
  },
  {
    "id": "f7a5f3ce-7e6a-434c-af98-9e422f8534ed",
    "data": [
      {
        "text": "participate",
        "userDefined": false
      }
    ],
    "isTemplate": false,
    "count": 0,
    "updated": 1523538284
  },
  {
    "id": "2810d2cf-ba1a-42fa-99ea-aff9319597c9",
    "data": [
      {
        "text": "major events about suhasini",
        "userDefined": false
      }
    ],
    "isTemplate": false,
    "count": 0,
    "updated": 1523538284
  }
]