[
  {
    "id": "0e5d8d79-bd27-449b-9b77-463a096b4ae6",
    "data": [
      {
        "text": "pardon please",
        "userDefined": false
      }
    ],
    "isTemplate": false,
    "count": 0,
    "updated": 1523454380
  },
  {
    "id": "ae60f497-2d78-4a86-b8f6-0cc76bada29d",
    "data": [
      {
        "text": "can you repeat ",
        "userDefined": false
      },
      {
        "text": "it",
        "meta": "@sys.ignore",
        "userDefined": false
      },
      {
        "text": " again?",
        "userDefined": false
      }
    ],
    "isTemplate": false,
    "count": 0,
    "updated": 1523454380
  },
  {
    "id": "eb7e5ef5-859e-4914-a64d-9800fd4c3890",
    "data": [
      {
        "text": "sorry pardon please",
        "userDefined": false
      }
    ],
    "isTemplate": false,
    "count": 0,
    "updated": 1523454380
  }
]