[
  {
    "id": "a908f45b-de1b-4872-8ae4-65bea01c4ee7",
    "data": [
      {
        "text": "birthday date",
        "userDefined": false
      }
    ],
    "isTemplate": false,
    "count": 0,
    "updated": 1527950111
  },
  {
    "id": "dafe3720-15fc-4a1e-b5dc-b4c0de7c4b48",
    "data": [
      {
        "text": "when was you created",
        "userDefined": false
      }
    ],
    "isTemplate": false,
    "count": 0,
    "updated": 1527950111
  },
  {
    "id": "413d1c0d-7eb4-4e43-9c53-6c65fc10c4d8",
    "data": [
      {
        "text": "born date",
        "userDefined": false
      }
    ],
    "isTemplate": false,
    "count": 0,
    "updated": 1527950111
  },
  {
    "id": "d63c0c61-7231-4dc3-af2c-1b371412bbda",
    "data": [
      {
        "text": "when did you born",
        "userDefined": false
      }
    ],
    "isTemplate": false,
    "count": 0,
    "updated": 1527950111
  },
  {
    "id": "79ddd3e4-90e5-42c9-9c56-e02a240cf13b",
    "data": [
      {
        "text": "when was you born",
        "userDefined": false
      }
    ],
    "isTemplate": false,
    "count": 0,
    "updated": 1527950111
  },
  {
    "id": "ed3c7755-1c3a-42a1-8eea-6362ba03b15b",
    "data": [
      {
        "text": "when is your birthday",
        "userDefined": false
      }
    ],
    "isTemplate": false,
    "count": 0,
    "updated": 1527950111
  },
  {
    "id": "6ce0ce3a-166e-40c6-b239-e467d0d10df6",
    "data": [
      {
        "text": "whats your birth date",
        "userDefined": false
      }
    ],
    "isTemplate": false,
    "count": 0,
    "updated": 1527950111
  },
  {
    "id": "e7d40b94-c078-4fa1-aa9c-9652d83de125",
    "data": [
      {
        "text": "how old are you",
        "userDefined": false
      }
    ],
    "isTemplate": false,
    "count": 0,
    "updated": 1527950486
  },
  {
    "id": "7aaed01c-d36c-414a-b42a-c2398d1786e4",
    "data": [
      {
        "text": "when created",
        "userDefined": false
      }
    ],
    "isTemplate": false,
    "count": 0,
    "updated": 1527950111
  },
  {
    "id": "f3cb84e2-fe67-409e-9869-19c9fe9c11f4",
    "data": [
      {
        "text": "born",
        "userDefined": false
      }
    ],
    "isTemplate": false,
    "count": 0,
    "updated": 1527950111
  }
]