[
  {
    "id": "48011892-3969-48d5-9e15-b32987a5d833",
    "data": [
      {
        "text": "can you tell me who is your favourite hero",
        "userDefined": false
      }
    ],
    "isTemplate": false,
    "count": 0,
    "updated": 1532076206
  },
  {
    "id": "31d6b1db-aecb-4bf9-a215-1d8a90608ef7",
    "data": [
      {
        "text": "hero",
        "userDefined": false
      }
    ],
    "isTemplate": false,
    "count": 0,
    "updated": 1532076206
  },
  {
    "id": "9a85834b-e919-4453-9c6f-a7daf0021e71",
    "data": [
      {
        "text": "which hero do you like the most",
        "userDefined": false
      }
    ],
    "isTemplate": false,
    "count": 0,
    "updated": 1532076206
  },
  {
    "id": "a031644c-3093-44b9-b298-80bb45f69bda",
    "data": [
      {
        "text": "favourite hero",
        "userDefined": false
      }
    ],
    "isTemplate": false,
    "count": 0,
    "updated": 1532076206
  }
]