[
  {
    "id": "b5f2090b-4ceb-4ce9-a097-5dcf6402fc0d",
    "data": [
      {
        "text": "Name your best friend",
        "userDefined": false
      }
    ],
    "isTemplate": false,
    "count": 0,
    "updated": 1527965448
  },
  {
    "id": "c1865093-ffab-48ce-bfa8-961e528e90fa",
    "data": [
      {
        "text": "Who is your best friend",
        "userDefined": false
      }
    ],
    "isTemplate": false,
    "count": 0,
    "updated": 1527965448
  },
  {
    "id": "ed3f1a6c-ad5b-41d0-8e92-f93d4c364fb3",
    "data": [
      {
        "text": "Best friend",
        "userDefined": false
      }
    ],
    "isTemplate": false,
    "count": 0,
    "updated": 1527965448
  }
]