[
  {
    "id": "f21194f1-a6fa-4612-bccd-4c2e2e8b5f94",
    "data": [
      {
        "text": "why should i prefer jecrc",
        "userDefined": false
      }
    ],
    "isTemplate": false,
    "count": 0,
    "updated": 1526020848
  },
  {
    "id": "c1beca13-0f20-4621-8e0c-e04250e6b61e",
    "data": [
      {
        "text": "why to choose ",
        "userDefined": false
      },
      {
        "text": "this college",
        "alias": "college",
        "meta": "@college",
        "userDefined": false
      }
    ],
    "isTemplate": false,
    "count": 0,
    "updated": 1526020848
  },
  {
    "id": "d37a3b63-ed3f-4861-b327-bd7326dcec27",
    "data": [
      {
        "text": "why should i take admission in jecrc",
        "userDefined": false
      }
    ],
    "isTemplate": false,
    "count": 0,
    "updated": 1526020848
  },
  {
    "id": "6afb0713-8b6e-4d4a-b810-4758e2dfaafd",
    "data": [
      {
        "text": "why to choose jecrc",
        "userDefined": false
      }
    ],
    "isTemplate": false,
    "count": 0,
    "updated": 1526020848
  },
  {
    "id": "35ae024b-2dc2-49f7-81ae-2c0c8fb37e83",
    "data": [
      {
        "text": "why jecrc",
        "userDefined": false
      }
    ],
    "isTemplate": false,
    "count": 0,
    "updated": 1526020848
  },
  {
    "id": "697dc7aa-18c4-477e-82d8-9e59e5856544",
    "data": [
      {
        "text": "why to take jecrc",
        "userDefined": false
      }
    ],
    "isTemplate": false,
    "count": 0,
    "updated": 1526020848
  }
]