[
  {
    "id": "2790452c-548c-4009-9b30-c05ba79bc026",
    "data": [
      {
        "text": "do you love someone",
        "userDefined": false
      }
    ],
    "isTemplate": false,
    "count": 0,
    "updated": 1527867606
  },
  {
    "id": "c28f3b7a-cd98-421d-8b38-e9599e9d2090",
    "data": [
      {
        "text": "are you single",
        "userDefined": false
      }
    ],
    "isTemplate": false,
    "count": 0,
    "updated": 1527867606
  },
  {
    "id": "d01eacf4-88b8-4a29-83a9-542044a8cb00",
    "data": [
      {
        "text": "Will you be my girlfriend",
        "userDefined": false
      }
    ],
    "isTemplate": false,
    "count": 0,
    "updated": 1527965327
  },
  {
    "id": "4bb418dc-5802-4105-b5d8-6b115f7f588e",
    "data": [
      {
        "text": "do you have ",
        "userDefined": false
      },
      {
        "text": "a",
        "meta": "@sys.ignore",
        "userDefined": false
      },
      {
        "text": " boyfriend",
        "userDefined": false
      }
    ],
    "isTemplate": false,
    "count": 0,
    "updated": 1527867606
  }
]