[
  {
    "id": "f4306b10-37d4-4832-9af9-3e49b571516d",
    "data": [
      {
        "text": " but you look beautiful",
        "userDefined": false
      }
    ],
    "isTemplate": false,
    "count": 0,
    "updated": 1528389990
  },
  {
    "id": "6ffde19d-323d-4f5c-915c-7094c090e2d2",
    "data": [
      {
        "text": "you",
        "userDefined": false
      }
    ],
    "isTemplate": false,
    "count": 0,
    "updated": 1528389990
  },
  {
    "id": "369b045b-572f-4dab-8453-0666ca02334c",
    "data": [
      {
        "text": "but",
        "userDefined": false
      }
    ],
    "isTemplate": false,
    "count": 0,
    "updated": 1528389990
  },
  {
    "id": "eaa5d242-0c69-4b09-ba4a-020a5cc6f1e0",
    "data": [
      {
        "text": "age doesn\u0027t matter",
        "userDefined": false
      }
    ],
    "isTemplate": false,
    "count": 0,
    "updated": 1528389990
  },
  {
    "id": "d65c5ef8-caba-405b-bf34-53fa437998dc",
    "data": [
      {
        "text": "but you",
        "userDefined": false
      }
    ],
    "isTemplate": false,
    "count": 0,
    "updated": 1528389990
  }
]