[
  {
    "id": "299cc859-6514-44a1-8024-51fac7c73067",
    "data": [
      {
        "text": "hey",
        "userDefined": false
      }
    ],
    "isTemplate": false,
    "count": 0,
    "updated": 1521737238
  },
  {
    "id": "3d325d89-e0ce-4816-a035-134f52e0a961",
    "data": [
      {
        "text": "whats up",
        "userDefined": false
      }
    ],
    "isTemplate": false,
    "count": 0,
    "updated": 1521737238
  },
  {
    "id": "e2221bb8-b0cb-4a47-84f6-86f5147e5ece",
    "data": [
      {
        "text": "yoo",
        "userDefined": false
      }
    ],
    "isTemplate": false,
    "count": 0,
    "updated": 1521737238
  },
  {
    "id": "e5ea58b4-9af8-4e60-8b61-85654f8fb550",
    "data": [
      {
        "text": "hii",
        "userDefined": false
      }
    ],
    "isTemplate": false,
    "count": 0,
    "updated": 1521737238
  },
  {
    "id": "264d5406-45cf-4f90-b184-c45a7c611ab9",
    "data": [
      {
        "text": "hello",
        "userDefined": false
      }
    ],
    "isTemplate": false,
    "count": 0,
    "updated": 1521737238
  }
]