[
  {
    "id": "d44f499b-b0af-4484-a4f0-a55e437fb22e",
    "data": [
      {
        "text": "weather at ",
        "userDefined": false
      },
      {
        "text": "pune",
        "alias": "geo-city",
        "meta": "@sys.geo-city",
        "userDefined": false
      }
    ],
    "isTemplate": false,
    "count": 0,
    "updated": 1526720657
  },
  {
    "id": "6b51c689-b723-4317-a802-87d8f8cc8aa3",
    "data": [
      {
        "text": "weather forcast",
        "userDefined": false
      }
    ],
    "isTemplate": false,
    "count": 0,
    "updated": 1521776627
  },
  {
    "id": "ea472ee0-e038-4a0b-94e7-5be7d556d511",
    "data": [
      {
        "text": "climate report",
        "userDefined": false
      }
    ],
    "isTemplate": false,
    "count": 0,
    "updated": 1521776627
  },
  {
    "id": "a26a5b9c-8e15-44da-8287-a5a194b0def4",
    "data": [
      {
        "text": "india",
        "alias": "geo-country",
        "meta": "@sys.geo-country",
        "userDefined": false
      },
      {
        "text": " ka mausam",
        "userDefined": false
      }
    ],
    "isTemplate": false,
    "count": 0,
    "updated": 1521776627
  },
  {
    "id": "11643d2e-5e39-485d-892a-bd9e53661220",
    "data": [
      {
        "text": "aaj ka mausam",
        "userDefined": false
      }
    ],
    "isTemplate": false,
    "count": 0,
    "updated": 1521776627
  },
  {
    "id": "135896cb-f443-48cf-a5d0-d794b3700b00",
    "data": [
      {
        "text": "what will be weather ",
        "userDefined": false
      },
      {
        "text": "tomorrow",
        "alias": "date",
        "meta": "@sys.date",
        "userDefined": false
      },
      {
        "text": " in ",
        "userDefined": false
      },
      {
        "text": "delhi",
        "alias": "geo-city",
        "meta": "@sys.geo-city",
        "userDefined": false
      }
    ],
    "isTemplate": false,
    "count": 0,
    "updated": 1521776627
  },
  {
    "id": "4feebea4-6661-4552-aede-63242f0fae40",
    "data": [
      {
        "text": "london",
        "alias": "geo-city",
        "meta": "@sys.geo-city",
        "userDefined": false
      },
      {
        "text": " weather",
        "userDefined": false
      }
    ],
    "isTemplate": false,
    "count": 0,
    "updated": 1521776627
  },
  {
    "id": "009b104c-d4b4-481b-9a9c-76107f75e3dd",
    "data": [
      {
        "text": "will it rain ",
        "userDefined": false
      },
      {
        "text": "today",
        "alias": "date",
        "meta": "@sys.date",
        "userDefined": false
      },
      {
        "text": " in ",
        "userDefined": false
      },
      {
        "text": "new york",
        "alias": "geo-city",
        "meta": "@sys.geo-city",
        "userDefined": false
      }
    ],
    "isTemplate": false,
    "count": 0,
    "updated": 1521776627
  },
  {
    "id": "eced2f4e-72ea-46ac-9614-806dfeca5b6f",
    "data": [
      {
        "text": "today",
        "alias": "date",
        "meta": "@sys.date",
        "userDefined": false
      },
      {
        "text": "\u0027s weather",
        "userDefined": false
      }
    ],
    "isTemplate": false,
    "count": 0,
    "updated": 1521776627
  },
  {
    "id": "f8616bb5-282d-4ae2-b945-1d13ad467a9e",
    "data": [
      {
        "text": "climate ",
        "userDefined": false
      },
      {
        "text": "today",
        "alias": "date",
        "meta": "@sys.date",
        "userDefined": false
      }
    ],
    "isTemplate": false,
    "count": 0,
    "updated": 1521776627
  },
  {
    "id": "17cc105d-32ce-48b6-b527-e2d8fec973a5",
    "data": [
      {
        "text": "what is weather condition in ",
        "userDefined": false
      },
      {
        "text": "asia",
        "alias": "given-name",
        "meta": "@sys.given-name",
        "userDefined": false
      }
    ],
    "isTemplate": false,
    "count": 0,
    "updated": 1521776627
  },
  {
    "id": "9876a3ab-f292-4a51-a855-b4aec2bdf6f1",
    "data": [
      {
        "text": "weather ",
        "userDefined": false
      },
      {
        "text": "Banswara",
        "alias": "geo-city",
        "meta": "@sys.geo-city",
        "userDefined": true
      }
    ],
    "isTemplate": false,
    "count": 0,
    "updated": 1521776627
  },
  {
    "id": "5c26533f-ed66-46a2-96e6-bb778fd62742",
    "data": [
      {
        "text": "weather in ",
        "userDefined": false
      },
      {
        "text": "usa",
        "alias": "geo-country",
        "meta": "@sys.geo-country",
        "userDefined": false
      }
    ],
    "isTemplate": false,
    "count": 1,
    "updated": 1521776627
  },
  {
    "id": "fef0ab1c-1d5b-48e8-a066-3ed665f04a40",
    "data": [
      {
        "text": "what is the weather ",
        "userDefined": false
      },
      {
        "text": "today",
        "alias": "date",
        "meta": "@sys.date",
        "userDefined": false
      }
    ],
    "isTemplate": false,
    "count": 0,
    "updated": 1521776627
  },
  {
    "id": "918b753c-504c-4965-851b-e5f3ac9b50cd",
    "data": [
      {
        "text": "what will be the weather ",
        "userDefined": false
      },
      {
        "text": "after two days",
        "alias": "date",
        "meta": "@sys.date",
        "userDefined": false
      }
    ],
    "isTemplate": false,
    "count": 0,
    "updated": 1521776627
  },
  {
    "id": "3d5fac04-399d-42fd-a1d9-e3c26e4c6806",
    "data": [
      {
        "text": "what is the weather in ",
        "userDefined": false
      },
      {
        "text": "jaipur",
        "alias": "geo-city",
        "meta": "@sys.geo-city",
        "userDefined": false
      },
      {
        "text": " ",
        "userDefined": false
      },
      {
        "text": "today",
        "alias": "date",
        "meta": "@sys.date",
        "userDefined": false
      }
    ],
    "isTemplate": false,
    "count": 0,
    "updated": 1521776627
  },
  {
    "id": "0770760f-ab3b-460e-96e4-ad00ef3755b5",
    "data": [
      {
        "text": "what is the weather in ",
        "userDefined": false
      },
      {
        "text": "india",
        "alias": "geo-country",
        "meta": "@sys.geo-country",
        "userDefined": false
      }
    ],
    "isTemplate": false,
    "count": 0,
    "updated": 1521776627
  },
  {
    "id": "36b6269e-4f43-402f-9f36-001a47dbc820",
    "data": [
      {
        "text": "Tell me about the weather",
        "userDefined": false
      }
    ],
    "isTemplate": false,
    "count": 0,
    "updated": 1521776627
  },
  {
    "id": "8c5d391a-256e-4ee4-9a02-a4abb8fc5894",
    "data": [
      {
        "text": "weather",
        "userDefined": false
      }
    ],
    "isTemplate": false,
    "count": 0,
    "updated": 1521776627
  },
  {
    "id": "a5046974-ce73-4b0e-b5e1-2ad196caa7d8",
    "data": [
      {
        "text": "aaj ka mausam kya hai",
        "userDefined": false
      }
    ],
    "isTemplate": false,
    "count": 0,
    "updated": 1521776627
  }
]