[
  {
    "id": "7b5fffc1-d54c-4eae-9843-379c41ed94dc",
    "data": [
      {
        "text": "block a",
        "userDefined": false
      }
    ],
    "isTemplate": false,
    "count": 0,
    "updated": 1528445632
  },
  {
    "id": "fd95fc02-d770-41ca-8c82-1bad7db225fa",
    "data": [
      {
        "text": "details of a block",
        "userDefined": false
      }
    ],
    "isTemplate": false,
    "count": 0,
    "updated": 1528445632
  },
  {
    "id": "947f197e-3ab9-4d84-96d6-4219884b4fb8",
    "data": [
      {
        "text": "A block",
        "userDefined": false
      }
    ],
    "isTemplate": false,
    "count": 0,
    "updated": 1528445632
  }
]