[
  {
    "id": "a05a728b-55ca-4d30-9256-4acefc42e934",
    "data": [
      {
        "text": "which is this day?",
        "userDefined": false
      }
    ],
    "isTemplate": false,
    "count": 0,
    "updated": 1529819996
  },
  {
    "id": "fa98b88f-26d2-4839-8b66-a7bd77e2ad79",
    "data": [
      {
        "text": "name ",
        "userDefined": false
      },
      {
        "text": "todays day",
        "meta": "@sys.ignore",
        "userDefined": false
      }
    ],
    "isTemplate": false,
    "count": 0,
    "updated": 1529819996
  },
  {
    "id": "45563233-61d2-4da0-8d20-847e51df442b",
    "data": [
      {
        "text": "what is the date",
        "userDefined": false
      }
    ],
    "isTemplate": false,
    "count": 0,
    "updated": 1529819996
  },
  {
    "id": "5336b8bb-05b4-4583-adf6-854b02f48b00",
    "data": [
      {
        "text": "whats the day ",
        "userDefined": false
      },
      {
        "text": "today",
        "meta": "@sys.ignore",
        "userDefined": false
      }
    ],
    "isTemplate": false,
    "count": 0,
    "updated": 1529819996
  },
  {
    "id": "34fb553c-4969-4933-9efb-2f6473f9d2ec",
    "data": [
      {
        "text": "what is ",
        "userDefined": false
      },
      {
        "text": "todays",
        "meta": "@sys.ignore",
        "userDefined": false
      },
      {
        "text": " date",
        "userDefined": false
      }
    ],
    "isTemplate": false,
    "count": 1,
    "updated": 1529819996
  },
  {
    "id": "aba537a6-67fb-4123-9e7c-475e5ac16f1c",
    "data": [
      {
        "text": "what is the date ",
        "userDefined": false
      },
      {
        "text": "today",
        "meta": "@sys.ignore",
        "userDefined": false
      },
      {
        "text": "?",
        "userDefined": false
      }
    ],
    "isTemplate": false,
    "count": 0,
    "updated": 1529819996
  },
  {
    "id": "ef64ae49-14d0-455b-a0d7-f4c529df92f2",
    "data": [
      {
        "text": "can you tell me ",
        "userDefined": false
      },
      {
        "text": "todays",
        "meta": "@sys.ignore",
        "userDefined": false
      },
      {
        "text": " date",
        "userDefined": false
      }
    ],
    "isTemplate": false,
    "count": 0,
    "updated": 1529819996
  }
]