[
  {
    "id": "e2718fb7-bd8d-4601-8690-b1f808dca620",
    "data": [
      {
        "text": "aa shine",
        "userDefined": false
      }
    ],
    "isTemplate": false,
    "count": 0,
    "updated": 1532073821
  },
  {
    "id": "9093117c-8b8d-45bf-90e4-1724d5dbcdff",
    "data": [
      {
        "text": "aashaein",
        "userDefined": false
      }
    ],
    "isTemplate": false,
    "count": 0,
    "updated": 1532070773
  },
  {
    "id": "d8c5e29d-8728-4619-ab2b-724ea44edb04",
    "data": [
      {
        "text": "ashaein",
        "userDefined": false
      }
    ],
    "isTemplate": false,
    "count": 0,
    "updated": 1532070773
  },
  {
    "id": "063da22f-a77b-4f50-8d74-fbbc49a6d44d",
    "data": [
      {
        "text": "ashayein",
        "userDefined": false
      }
    ],
    "isTemplate": false,
    "count": 0,
    "updated": 1532070773
  },
  {
    "id": "56c1c6de-80a5-4a8d-807a-f12fb0e62b19",
    "data": [
      {
        "text": "I shine",
        "userDefined": false
      }
    ],
    "isTemplate": false,
    "count": 0,
    "updated": 1531981056
  },
  {
    "id": "4e6d9295-57ef-4999-96cb-fdc8ca05c44c",
    "data": [
      {
        "text": "Tell me something about aashayein",
        "userDefined": false
      }
    ],
    "isTemplate": false,
    "count": 0,
    "updated": 1531981056
  },
  {
    "id": "1c114644-4eba-4b10-bf7b-b790dc1c8b17",
    "data": [
      {
        "text": "Aashain",
        "userDefined": false
      }
    ],
    "isTemplate": false,
    "count": 0,
    "updated": 1531981056
  },
  {
    "id": "47397822-ce67-468f-8711-60545b0cc306",
    "data": [
      {
        "text": "Aasin",
        "userDefined": false
      }
    ],
    "isTemplate": false,
    "count": 0,
    "updated": 1531981056
  },
  {
    "id": "c7cbfb6b-601b-4c57-820f-297e46f32cdd",
    "data": [
      {
        "text": "Aashayein",
        "userDefined": false
      }
    ],
    "isTemplate": false,
    "count": 0,
    "updated": 1531981056
  },
  {
    "id": "55dc0b60-8d8d-41d1-8f68-d9a7a7ac6f28",
    "data": [
      {
        "text": "Aasha",
        "userDefined": false
      }
    ],
    "isTemplate": false,
    "count": 1,
    "updated": 1531981056
  }
]