[
  {
    "id": "5466c9ae-9a68-486f-9b4b-7259f218c0f4",
    "data": [
      {
        "text": "about you ?",
        "userDefined": false
      }
    ],
    "isTemplate": false,
    "count": 0,
    "updated": 1527869184
  },
  {
    "id": "883b2b66-25be-4797-891c-4fea900615ad",
    "data": [
      {
        "text": "who are you ?",
        "userDefined": false
      }
    ],
    "isTemplate": false,
    "count": 0,
    "updated": 1527869184
  },
  {
    "id": "a12e9e38-7f9c-4264-bf9e-d7662a03792d",
    "data": [
      {
        "text": "can you tell me about yourself",
        "userDefined": false
      }
    ],
    "isTemplate": false,
    "count": 0,
    "updated": 1527869184
  },
  {
    "id": "53eca5db-4ca4-47d5-8bec-1a69a8cacca1",
    "data": [
      {
        "text": "People are here to know about you,can you tell me something about yourself",
        "userDefined": false
      }
    ],
    "isTemplate": false,
    "count": 0,
    "updated": 1527873846
  },
  {
    "id": "29420486-6107-4548-a4bf-6af642f3ad41",
    "data": [
      {
        "text": "Talk about yourself?",
        "userDefined": false
      }
    ],
    "isTemplate": false,
    "count": 0,
    "updated": 1527869184
  },
  {
    "id": "1d01e7d2-cfed-4b31-8f27-e8635b015f07",
    "data": [
      {
        "text": "what are you ?",
        "userDefined": false
      }
    ],
    "isTemplate": false,
    "count": 0,
    "updated": 1527869184
  }
]