[
  {
    "id": "4701009c-6cfe-45df-8c5f-7acc4b4ceb27",
    "data": [
      {
        "text": "which actor do you like the most",
        "userDefined": false
      }
    ],
    "isTemplate": false,
    "count": 0,
    "updated": 1532075765
  },
  {
    "id": "0f4792d1-da46-4861-bfd2-0213ff5ab2aa",
    "data": [
      {
        "text": "can you tell me who\u0027s your favourite  actor",
        "userDefined": false
      }
    ],
    "isTemplate": false,
    "count": 0,
    "updated": 1532075765
  },
  {
    "id": "ebb46db2-f884-4037-9981-caacdf6085a0",
    "data": [
      {
        "text": "actor",
        "userDefined": false
      }
    ],
    "isTemplate": false,
    "count": 0,
    "updated": 1532075572
  },
  {
    "id": "c3774dfa-9a4f-40cb-966b-1e9e0395a28b",
    "data": [
      {
        "text": "favourite actor",
        "userDefined": false
      }
    ],
    "isTemplate": false,
    "count": 0,
    "updated": 1532075572
  }
]