[
  {
    "id": "ec17a940-b36e-4b72-a9df-da61fa61ebb7",
    "data": [
      {
        "text": "alumini",
        "userDefined": false
      }
    ],
    "isTemplate": false,
    "count": 0,
    "updated": 1525431752
  },
  {
    "id": "bd69bfda-3937-4514-b8ba-bcfd652a1d79",
    "data": [
      {
        "text": "alma connect",
        "userDefined": false
      }
    ],
    "isTemplate": false,
    "count": 0,
    "updated": 1525431752
  },
  {
    "id": "459c25c6-b504-4aca-973e-f103ae6de123",
    "data": [
      {
        "text": "old students",
        "userDefined": false
      }
    ],
    "isTemplate": false,
    "count": 0,
    "updated": 1525431752
  }
]