[
  {
    "id": "470f1c2c-f41f-4237-87c1-c89c288042a5",
    "data": [
      {
        "text": "again",
        "userDefined": false
      }
    ],
    "isTemplate": false,
    "count": 0,
    "updated": 1525431918
  },
  {
    "id": "18b3a5df-5b16-4c0e-886e-3587413a84d1",
    "data": [
      {
        "text": "pardon",
        "userDefined": false
      }
    ],
    "isTemplate": false,
    "count": 0,
    "updated": 1525431918
  },
  {
    "id": "9359b308-265a-458a-8958-f055e4c33b87",
    "data": [
      {
        "text": "one more time",
        "userDefined": false
      }
    ],
    "isTemplate": false,
    "count": 0,
    "updated": 1525431918
  },
  {
    "id": "bb63064e-1771-4d96-8935-5b2cbaec8f24",
    "data": [
      {
        "text": "please one more time",
        "userDefined": false
      }
    ],
    "isTemplate": false,
    "count": 1,
    "updated": 1525431918
  },
  {
    "id": "8b44a257-6559-4f61-9193-82daa75e4db0",
    "data": [
      {
        "text": "once more",
        "userDefined": false
      }
    ],
    "isTemplate": false,
    "count": 0,
    "updated": 1525431918
  },
  {
    "id": "6f4735b9-f73b-419a-89f5-126e24d79795",
    "data": [
      {
        "text": "repeat",
        "userDefined": false
      }
    ],
    "isTemplate": false,
    "count": 0,
    "updated": 1525431918
  },
  {
    "id": "12df1d23-44cf-4999-9db7-567056ad5c17",
    "data": [
      {
        "text": "sorry",
        "userDefined": false
      }
    ],
    "isTemplate": false,
    "count": 0,
    "updated": 1525431918
  }
]