[
  {
    "id": "1924a5bd-389a-42ea-be83-072784732865",
    "data": [
      {
        "text": "what",
        "userDefined": false
      }
    ],
    "isTemplate": false,
    "count": 0,
    "updated": 1523633804
  },
  {
    "id": "5667eb66-dd42-44c4-8cff-612c8c90b8c8",
    "data": [
      {
        "text": "pardon",
        "userDefined": false
      }
    ],
    "isTemplate": false,
    "count": 0,
    "updated": 1523633804
  },
  {
    "id": "43fd2718-cbd2-484d-8e67-6f8c945517d7",
    "data": [
      {
        "text": "sorry",
        "userDefined": false
      }
    ],
    "isTemplate": false,
    "count": 0,
    "updated": 1523633804
  },
  {
    "id": "92a571b8-16fb-45dd-bfd7-d0ac56ad2bad",
    "data": [
      {
        "text": "again",
        "userDefined": false
      }
    ],
    "isTemplate": false,
    "count": 0,
    "updated": 1523633804
  },
  {
    "id": "de54cb56-5d28-41fd-9da4-17699f87e19b",
    "data": [
      {
        "text": "repeat",
        "userDefined": false
      }
    ],
    "isTemplate": false,
    "count": 0,
    "updated": 1523633804
  },
  {
    "id": "df2bac2a-9d79-4ef7-b01f-e36904e2d8a7",
    "data": [
      {
        "text": "can you say ",
        "userDefined": false
      },
      {
        "text": "it",
        "meta": "@sys.ignore",
        "userDefined": false
      },
      {
        "text": " again",
        "userDefined": false
      }
    ],
    "isTemplate": false,
    "count": 0,
    "updated": 1523633804
  }
]