[
  {
    "id": "5ce98a4c-077a-4608-88ca-78df6f11bcb7",
    "data": [
      {
        "text": "anigma group",
        "userDefined": false
      }
    ],
    "isTemplate": false,
    "count": 0,
    "updated": 1523633316
  },
  {
    "id": "e2231f31-dda3-4629-8207-d7323b772223",
    "data": [
      {
        "text": "enigma",
        "userDefined": false
      }
    ],
    "isTemplate": false,
    "count": 0,
    "updated": 1523633316
  },
  {
    "id": "de0b37e2-27d1-4a70-aca9-e35de31d1918",
    "data": [
      {
        "text": "enigma group",
        "userDefined": false
      }
    ],
    "isTemplate": false,
    "count": 0,
    "updated": 1523633316
  }
]