[
  {
    "id": "415831c9-a0a1-4004-95cd-42f3f547eea6",
    "data": [
      {
        "text": "enigma group",
        "userDefined": false
      }
    ],
    "isTemplate": false,
    "count": 0,
    "updated": 1523633316
  },
  {
    "id": "fac3231d-3518-4226-bf24-e26d4094ac28",
    "data": [
      {
        "text": "enigma",
        "userDefined": false
      }
    ],
    "isTemplate": false,
    "count": 0,
    "updated": 1523633316
  },
  {
    "id": "13408760-f5b4-44f1-ac0b-41b94245bad7",
    "data": [
      {
        "text": "anigma group",
        "userDefined": false
      }
    ],
    "isTemplate": false,
    "count": 0,
    "updated": 1523633316
  }
]