[
  {
    "id": "b32889ac-6581-40ef-86b6-b07310a7a861",
    "data": [
      {
        "text": "pardon",
        "userDefined": false
      }
    ],
    "isTemplate": false,
    "count": 0,
    "updated": 1523633804
  },
  {
    "id": "00a846d6-8acc-4d6c-8809-fd35d91c5981",
    "data": [
      {
        "text": "what",
        "userDefined": false
      }
    ],
    "isTemplate": false,
    "count": 0,
    "updated": 1523633804
  },
  {
    "id": "996b365d-ebff-4853-b022-bfcecef58a22",
    "data": [
      {
        "text": "repeat",
        "userDefined": false
      }
    ],
    "isTemplate": false,
    "count": 0,
    "updated": 1523633804
  },
  {
    "id": "84c2737a-2566-40ee-b819-32454f12b7bb",
    "data": [
      {
        "text": "can you say ",
        "userDefined": false
      },
      {
        "text": "it",
        "meta": "@sys.ignore",
        "userDefined": false
      },
      {
        "text": " again",
        "userDefined": false
      }
    ],
    "isTemplate": false,
    "count": 0,
    "updated": 1523633804
  },
  {
    "id": "ba0ea07f-2222-41d6-81fb-ce1761e5f458",
    "data": [
      {
        "text": "again",
        "userDefined": false
      }
    ],
    "isTemplate": false,
    "count": 0,
    "updated": 1523633804
  },
  {
    "id": "af374d61-4bd3-4bcc-973a-e70b6050d421",
    "data": [
      {
        "text": "sorry",
        "userDefined": false
      }
    ],
    "isTemplate": false,
    "count": 0,
    "updated": 1523633804
  }
]