[
  {
    "id": "ccb1aad2-c7b8-405a-bdef-d091ed145dff",
    "data": [
      {
        "text": "participate",
        "userDefined": false
      }
    ],
    "isTemplate": false,
    "count": 0,
    "updated": 1523536614
  },
  {
    "id": "03b12fdd-c177-494c-8987-abd7a32a0aa4",
    "data": [
      {
        "text": "contact",
        "userDefined": false
      }
    ],
    "isTemplate": false,
    "count": 0,
    "updated": 1523536614
  },
  {
    "id": "91def0d9-61d4-4326-9f72-e0a895f6787f",
    "data": [
      {
        "text": "head",
        "userDefined": false
      }
    ],
    "isTemplate": false,
    "count": 0,
    "updated": 1523608060
  },
  {
    "id": "b6b7cc68-02ae-4298-8456-7b20a1eff578",
    "data": [
      {
        "text": "more information",
        "userDefined": false
      }
    ],
    "isTemplate": false,
    "count": 0,
    "updated": 1523536614
  },
  {
    "id": "7d5a9486-fe53-479c-b942-6fb86541a738",
    "data": [
      {
        "text": "more about ",
        "userDefined": false
      },
      {
        "text": "it",
        "meta": "@sys.ignore",
        "userDefined": false
      }
    ],
    "isTemplate": false,
    "count": 0,
    "updated": 1523537036
  },
  {
    "id": "418ad9dc-4694-42ce-911b-71ff22a4c031",
    "data": [
      {
        "text": "number of students involved",
        "userDefined": false
      }
    ],
    "isTemplate": false,
    "count": 0,
    "updated": 1523608060
  },
  {
    "id": "1a75497b-4bc1-4a40-b99f-2037455631e6",
    "data": [
      {
        "text": "a",
        "userDefined": false
      }
    ],
    "isTemplate": false,
    "count": 0,
    "updated": 1523608060
  },
  {
    "id": "e89075c6-d59e-444d-8f74-bf9012f1d163",
    "data": [
      {
        "text": "major events of attrangi",
        "userDefined": false
      }
    ],
    "isTemplate": false,
    "count": 0,
    "updated": 1523536614
  },
  {
    "id": "b9437a8b-53f8-412f-b6c7-b1910e21172d",
    "data": [
      {
        "text": "some further information",
        "userDefined": false
      }
    ],
    "isTemplate": false,
    "count": 0,
    "updated": 1523536614
  },
  {
    "id": "4adaedc0-b4bf-4a3c-812f-6a12402078d1",
    "data": [
      {
        "text": "take part in ",
        "userDefined": false
      },
      {
        "text": "it",
        "meta": "@sys.ignore",
        "userDefined": false
      }
    ],
    "isTemplate": false,
    "count": 1,
    "updated": 1523536614
  }
]