[
  {
    "id": "f8d908da-091d-49c0-81e7-32eaf2289d35",
    "data": [
      {
        "text": "atrangi group",
        "userDefined": false
      }
    ],
    "isTemplate": false,
    "count": 0,
    "updated": 1523529456
  },
  {
    "id": "e571ef45-b7cd-4477-a076-02518521c8ee",
    "data": [
      {
        "text": "bajrangi group",
        "userDefined": false
      }
    ],
    "isTemplate": false,
    "count": 0,
    "updated": 1523529456
  },
  {
    "id": "3ad2c14d-78bd-4ba5-8592-f20191ebe38d",
    "data": [
      {
        "text": "attrangi group",
        "userDefined": false
      }
    ],
    "isTemplate": false,
    "count": 0,
    "updated": 1523529456
  }
]