[
  {
    "id": "542f8c7c-e538-4f35-b01b-c080508a5aa7",
    "data": [
      {
        "text": "attrangi",
        "userDefined": false
      }
    ],
    "isTemplate": false,
    "count": 0,
    "updated": 1524488797
  },
  {
    "id": "f0e54738-b4f1-4cee-ab60-1585e64e886f",
    "data": [
      {
        "text": "atrrangi",
        "userDefined": false
      }
    ],
    "isTemplate": false,
    "count": 1,
    "updated": 1524488797
  },
  {
    "id": "3d31bd76-e027-49d7-a1fd-ee392ad6e720",
    "data": [
      {
        "text": "atrangi group",
        "userDefined": false
      }
    ],
    "isTemplate": false,
    "count": 0,
    "updated": 1524488797
  },
  {
    "id": "28df8d9a-dc26-488c-9dc6-dc789dc7649d",
    "data": [
      {
        "text": "attrangi group",
        "userDefined": false
      }
    ],
    "isTemplate": false,
    "count": 0,
    "updated": 1524488797
  },
  {
    "id": "cd10300c-d412-4fde-99f4-037c0a4287dd",
    "data": [
      {
        "text": "atrangi",
        "userDefined": false
      }
    ],
    "isTemplate": false,
    "count": 0,
    "updated": 1524488797
  },
  {
    "id": "e269733d-b6f2-4196-8563-7ac8a307d38c",
    "data": [
      {
        "text": "bajrangi group",
        "userDefined": false
      }
    ],
    "isTemplate": false,
    "count": 0,
    "updated": 1524488797
  }
]