[
  {
    "id": "19e4da89-fa04-41c2-ae45-c246a54c051b",
    "data": [
      {
        "text": "again",
        "userDefined": false
      }
    ],
    "isTemplate": false,
    "count": 0,
    "updated": 1523686279
  },
  {
    "id": "8edf154a-11df-4f9c-a913-b4ecb69a9338",
    "data": [
      {
        "text": "can you say ",
        "userDefined": false
      },
      {
        "text": "it",
        "meta": "@sys.ignore",
        "userDefined": false
      },
      {
        "text": " again",
        "userDefined": false
      }
    ],
    "isTemplate": false,
    "count": 0,
    "updated": 1523686279
  },
  {
    "id": "2f0a3753-aa54-49dd-b820-629bed2d08f7",
    "data": [
      {
        "text": "what",
        "userDefined": false
      }
    ],
    "isTemplate": false,
    "count": 0,
    "updated": 1523686279
  },
  {
    "id": "4ed81064-225c-4de7-a8b1-5c78b20f4d83",
    "data": [
      {
        "text": "sorry",
        "userDefined": false
      }
    ],
    "isTemplate": false,
    "count": 0,
    "updated": 1523686279
  },
  {
    "id": "6dd5581e-f790-49e3-a4ce-dfeb7008d826",
    "data": [
      {
        "text": "repeat again",
        "userDefined": false
      }
    ],
    "isTemplate": false,
    "count": 0,
    "updated": 1523686279
  },
  {
    "id": "de8c19d3-4de3-4507-b52c-be3c498d14b3",
    "data": [
      {
        "text": "pardon",
        "userDefined": false
      }
    ],
    "isTemplate": false,
    "count": 0,
    "updated": 1523686279
  }
]