[
  {
    "id": "3576e3a7-35b4-46b2-aabc-c80ed62a4e90",
    "data": [
      {
        "text": "major events of attrangi",
        "userDefined": false
      }
    ],
    "isTemplate": false,
    "count": 0,
    "updated": 1523536614
  },
  {
    "id": "8baa2874-ed49-4195-95f4-0093ed101b06",
    "data": [
      {
        "text": "participate",
        "userDefined": false
      }
    ],
    "isTemplate": false,
    "count": 0,
    "updated": 1523536614
  },
  {
    "id": "51796ec5-ee99-4b31-99f6-988db0f54632",
    "data": [
      {
        "text": "a",
        "userDefined": false
      }
    ],
    "isTemplate": false,
    "count": 0,
    "updated": 1523608060
  },
  {
    "id": "24bf2967-3129-4c24-81b5-bbe11c6f06cb",
    "data": [
      {
        "text": "more about ",
        "userDefined": false
      },
      {
        "text": "it",
        "meta": "@sys.ignore",
        "userDefined": false
      }
    ],
    "isTemplate": false,
    "count": 0,
    "updated": 1523537036
  },
  {
    "id": "563e0836-489f-4b5c-bd0f-bb34c7c9ee99",
    "data": [
      {
        "text": "take part in ",
        "userDefined": false
      },
      {
        "text": "it",
        "meta": "@sys.ignore",
        "userDefined": false
      }
    ],
    "isTemplate": false,
    "count": 1,
    "updated": 1523536614
  },
  {
    "id": "8fd6842f-5177-41c4-a618-4049eb9d9a09",
    "data": [
      {
        "text": "more information",
        "userDefined": false
      }
    ],
    "isTemplate": false,
    "count": 0,
    "updated": 1523536614
  },
  {
    "id": "6bca2ad1-01be-45eb-b1c9-db39d6c44bb9",
    "data": [
      {
        "text": "head",
        "userDefined": false
      }
    ],
    "isTemplate": false,
    "count": 0,
    "updated": 1523608060
  },
  {
    "id": "60abdb87-f195-42c6-8e75-5b4692eb7100",
    "data": [
      {
        "text": "number of students involved",
        "userDefined": false
      }
    ],
    "isTemplate": false,
    "count": 0,
    "updated": 1523608060
  },
  {
    "id": "441929c2-f68b-4931-ad40-87f833a8d36e",
    "data": [
      {
        "text": "some further information",
        "userDefined": false
      }
    ],
    "isTemplate": false,
    "count": 0,
    "updated": 1523536614
  },
  {
    "id": "0ea96b9b-3035-4d6d-8705-28464b0661ba",
    "data": [
      {
        "text": "contact",
        "userDefined": false
      }
    ],
    "isTemplate": false,
    "count": 0,
    "updated": 1523536614
  }
]