[
  {
    "id": "b75d6aa2-b14e-4483-837a-cb1d4882e9e9",
    "data": [
      {
        "text": "please tell ",
        "userDefined": false
      },
      {
        "text": "it",
        "meta": "@sys.ignore",
        "userDefined": false
      },
      {
        "text": " slowly",
        "userDefined": false
      }
    ],
    "isTemplate": false,
    "count": 0,
    "updated": 1526784739
  },
  {
    "id": "1c59f631-758e-45a1-aa29-29612f4977bb",
    "data": [
      {
        "text": "again",
        "userDefined": false
      }
    ],
    "isTemplate": false,
    "count": 0,
    "updated": 1526784739
  },
  {
    "id": "3182c44f-7f08-4259-bedb-49c971092201",
    "data": [
      {
        "text": "repeat ",
        "userDefined": false
      },
      {
        "text": "it",
        "meta": "@sys.ignore",
        "userDefined": false
      },
      {
        "text": " again",
        "userDefined": false
      }
    ],
    "isTemplate": false,
    "count": 0,
    "updated": 1526784739
  },
  {
    "id": "7036780b-d586-4cbc-a64e-12415a28bb89",
    "data": [
      {
        "text": "repeat ",
        "userDefined": false
      },
      {
        "text": "it",
        "meta": "@sys.ignore",
        "userDefined": false
      }
    ],
    "isTemplate": false,
    "count": 0,
    "updated": 1526784739
  },
  {
    "id": "c40bea76-44f3-49f6-8a17-ad37350733d7",
    "data": [
      {
        "text": "again please",
        "userDefined": false
      }
    ],
    "isTemplate": false,
    "count": 0,
    "updated": 1526784739
  },
  {
    "id": "edcd9ad5-53de-4016-bca3-02c688d4b4d9",
    "data": [
      {
        "text": "pardon",
        "userDefined": false
      }
    ],
    "isTemplate": false,
    "count": 0,
    "updated": 1526784739
  },
  {
    "id": "2350b219-3dec-4a87-8437-6ac3cb48ac12",
    "data": [
      {
        "text": "sorry",
        "userDefined": false
      }
    ],
    "isTemplate": false,
    "count": 0,
    "updated": 1526784739
  },
  {
    "id": "7c4b36d6-63b9-4bfa-b4b3-5026ac1aea69",
    "data": [
      {
        "text": "once again",
        "userDefined": false
      }
    ],
    "isTemplate": false,
    "count": 0,
    "updated": 1526784739
  }
]