[
  {
    "id": "61436629-1793-4161-990b-cfcc01f750c6",
    "data": [
      {
        "text": "nirf ranking of ",
        "userDefined": false
      },
      {
        "text": "jecrc",
        "alias": "college",
        "meta": "@college",
        "userDefined": false
      }
    ],
    "isTemplate": false,
    "count": 0,
    "updated": 1526784940
  },
  {
    "id": "b340ea31-4385-4791-9d1f-1d53e00afb49",
    "data": [
      {
        "text": "ranking of this college",
        "userDefined": false
      }
    ],
    "isTemplate": false,
    "count": 0,
    "updated": 1526784940
  },
  {
    "id": "0448f90d-db51-4450-a239-66a51e03a705",
    "data": [
      {
        "text": "nirf ranking",
        "userDefined": false
      }
    ],
    "isTemplate": false,
    "count": 0,
    "updated": 1526784940
  },
  {
    "id": "afde9015-a901-4ab1-bb22-677de5248857",
    "data": [
      {
        "text": "awards",
        "userDefined": false
      }
    ],
    "isTemplate": false,
    "count": 0,
    "updated": 1526784940
  },
  {
    "id": "7ca60ad7-ef59-45e2-958c-9d4ff6c0b67f",
    "data": [
      {
        "text": "sucess",
        "userDefined": false
      }
    ],
    "isTemplate": false,
    "count": 0,
    "updated": 1526784940
  },
  {
    "id": "ce22457a-6e4e-4d3b-8a69-84bc29a37add",
    "data": [
      {
        "text": "jecrc",
        "alias": "college",
        "meta": "@college",
        "userDefined": false
      },
      {
        "text": " achievement",
        "userDefined": false
      }
    ],
    "isTemplate": false,
    "count": 0,
    "updated": 1526784940
  },
  {
    "id": "72ef3ef7-645f-4e04-a7cd-f7fd1f6f6d04",
    "data": [
      {
        "text": "achievement",
        "userDefined": false
      }
    ],
    "isTemplate": false,
    "count": 0,
    "updated": 1526784940
  },
  {
    "id": "e8d61747-44c1-4003-90b4-44168c416994",
    "data": [
      {
        "text": "achievements",
        "userDefined": false
      }
    ],
    "isTemplate": false,
    "count": 0,
    "updated": 1526784940
  },
  {
    "id": "bdf8cfde-55f9-4386-8037-74c26516a761",
    "data": [
      {
        "text": "success",
        "userDefined": false
      }
    ],
    "isTemplate": false,
    "count": 0,
    "updated": 1526784940
  },
  {
    "id": "aef06951-4862-49d8-816e-b1ca076ace99",
    "data": [
      {
        "text": "rtu ranking of ",
        "userDefined": false
      },
      {
        "text": "jecrc",
        "alias": "college",
        "meta": "@college",
        "userDefined": false
      }
    ],
    "isTemplate": false,
    "count": 0,
    "updated": 1526784940
  },
  {
    "id": "d380b2ca-35f2-4364-9312-26ab084b48e8",
    "data": [
      {
        "text": "sucess in last years",
        "userDefined": false
      }
    ],
    "isTemplate": false,
    "count": 0,
    "updated": 1526784940
  },
  {
    "id": "822b772f-cd8a-4eec-9a3d-2149a45068c1",
    "data": [
      {
        "text": "all ",
        "userDefined": false
      },
      {
        "text": "india",
        "alias": "geo-country",
        "meta": "@sys.geo-country",
        "userDefined": false
      },
      {
        "text": " ranking",
        "userDefined": false
      }
    ],
    "isTemplate": false,
    "count": 0,
    "updated": 1526784940
  },
  {
    "id": "50126740-97f3-48e6-8178-e752eb87d203",
    "data": [
      {
        "text": "achievements at ",
        "userDefined": false
      },
      {
        "text": "jecrc",
        "alias": "college",
        "meta": "@college",
        "userDefined": false
      }
    ],
    "isTemplate": false,
    "count": 0,
    "updated": 1526784940
  },
  {
    "id": "ff9bd26b-11a5-4de6-8e0d-d93364af50b0",
    "data": [
      {
        "text": "honours of jecrc",
        "userDefined": false
      }
    ],
    "isTemplate": false,
    "count": 0,
    "updated": 1526784940
  },
  {
    "id": "fe8844c7-93bf-4425-8073-f381d5461733",
    "data": [
      {
        "text": "rank of ",
        "userDefined": false
      },
      {
        "text": "jecrc",
        "alias": "college",
        "meta": "@college",
        "userDefined": false
      },
      {
        "text": " in rtu",
        "userDefined": false
      }
    ],
    "isTemplate": false,
    "count": 0,
    "updated": 1526784940
  },
  {
    "id": "3c1fe4f3-85c9-4136-9fba-c148ee15b6b9",
    "data": [
      {
        "text": "achievement of ",
        "userDefined": false
      },
      {
        "text": "jecrc",
        "alias": "college",
        "meta": "@college",
        "userDefined": false
      }
    ],
    "isTemplate": false,
    "count": 0,
    "updated": 1526784940
  }
]