[
  {
    "id": "9ec6405b-dcfe-4c75-b059-e184f49444d3",
    "data": [
      {
        "text": "details of b block",
        "userDefined": false
      }
    ],
    "isTemplate": false,
    "count": 0,
    "updated": 1524569702
  },
  {
    "id": "f0556945-95cc-492b-a8a3-0257fc9d11ee",
    "data": [
      {
        "text": "block b",
        "userDefined": false
      }
    ],
    "isTemplate": false,
    "count": 0,
    "updated": 1524569702
  },
  {
    "id": "2ac408e1-f57f-45dd-aaa5-dd97489ada30",
    "data": [
      {
        "text": "block",
        "userDefined": false
      }
    ],
    "isTemplate": false,
    "count": 0,
    "updated": 1524570005
  },
  {
    "id": "776e9af2-7088-4edb-8d00-2cce37b2f795",
    "data": [
      {
        "text": "b block details",
        "userDefined": false
      }
    ],
    "isTemplate": false,
    "count": 0,
    "updated": 1524569702
  }
]