[
  {
    "id": "ab643e6b-973b-4010-a0a9-ac38e74bdff0",
    "data": [
      {
        "text": "Can we become friend",
        "userDefined": false
      }
    ],
    "isTemplate": false,
    "count": 0,
    "updated": 1527965764
  },
  {
    "id": "1f4956f9-d1e7-440f-a323-a3c766be2c86",
    "data": [
      {
        "text": "How can i become your best friend",
        "userDefined": false
      }
    ],
    "isTemplate": false,
    "count": 0,
    "updated": 1527965764
  },
  {
    "id": "8c662b2f-b9ec-4fb2-9180-780a2c1574bb",
    "data": [
      {
        "text": "I am your best friend?",
        "userDefined": false
      }
    ],
    "isTemplate": false,
    "count": 0,
    "updated": 1527965764
  },
  {
    "id": "7f31a5c3-dcc4-4690-98a8-279b30247128",
    "data": [
      {
        "text": "Can we become best friend",
        "userDefined": false
      }
    ],
    "isTemplate": false,
    "count": 0,
    "updated": 1527965764
  },
  {
    "id": "28766b61-d82c-4153-b32a-616d4328bff9",
    "data": [
      {
        "text": "I want to become your best friend",
        "userDefined": false
      }
    ],
    "isTemplate": false,
    "count": 0,
    "updated": 1527965764
  }
]