[
  {
    "id": "12336995-728a-43d1-bf80-e43c78f798cb",
    "data": [
      {
        "text": "branches",
        "userDefined": false
      }
    ],
    "isTemplate": false,
    "count": 0,
    "updated": 1524141565
  },
  {
    "id": "3441d35e-6d19-4fa3-afcb-439230d5f820",
    "data": [
      {
        "text": "what are the bTech  programmes offers in ",
        "userDefined": false
      },
      {
        "text": "JECRC",
        "meta": "@sys.ignore",
        "userDefined": false
      },
      {
        "text": ".",
        "userDefined": false
      }
    ],
    "isTemplate": false,
    "count": 0,
    "updated": 1524141565
  },
  {
    "id": "5a60183a-6ed9-4184-abe3-174bac984f2b",
    "data": [
      {
        "text": "courses at ",
        "userDefined": false
      },
      {
        "text": "jecrc",
        "alias": "college",
        "meta": "@college",
        "userDefined": false
      }
    ],
    "isTemplate": false,
    "count": 0,
    "updated": 1524141565
  },
  {
    "id": "06c6a7ec-32b0-4d6f-9c2a-73c25e41caf7",
    "data": [
      {
        "text": "branch",
        "userDefined": false
      }
    ],
    "isTemplate": false,
    "count": 0,
    "updated": 1524141565
  },
  {
    "id": "b5d7fd06-4c96-4b52-975c-1521b807aa94",
    "data": [
      {
        "text": "jecrc",
        "alias": "college",
        "meta": "@college",
        "userDefined": false
      },
      {
        "text": " courses",
        "userDefined": false
      }
    ],
    "isTemplate": false,
    "count": 0,
    "updated": 1524141565
  },
  {
    "id": "b7ba2018-4085-4dba-b684-7b7a86a4dded",
    "data": [
      {
        "text": "courses",
        "userDefined": false
      }
    ],
    "isTemplate": false,
    "count": 0,
    "updated": 1524141565
  },
  {
    "id": "47c75109-ebf8-4e88-bf8d-46ea6c05b693",
    "data": [
      {
        "text": "branchs offer",
        "userDefined": false
      }
    ],
    "isTemplate": false,
    "count": 0,
    "updated": 1524141565
  }
]