[
  {
    "id": "2a40bf77-d674-4c57-94d4-54bc2c28077c",
    "data": [
      {
        "text": "once again",
        "userDefined": false
      }
    ],
    "isTemplate": false,
    "count": 0,
    "updated": 1524811452
  },
  {
    "id": "2a50d1af-87fc-4374-b33a-a79395bb0d06",
    "data": [
      {
        "text": "please repeat",
        "userDefined": false
      }
    ],
    "isTemplate": false,
    "count": 0,
    "updated": 1524811452
  },
  {
    "id": "be2793a4-42ce-439c-93aa-5d06c4f87fd0",
    "data": [
      {
        "text": "sorry",
        "userDefined": false
      }
    ],
    "isTemplate": false,
    "count": 0,
    "updated": 1524811452
  },
  {
    "id": "b742d7f0-9375-4122-b744-9a2d1ae0e08d",
    "data": [
      {
        "text": "pardon",
        "userDefined": false
      }
    ],
    "isTemplate": false,
    "count": 0,
    "updated": 1524811452
  },
  {
    "id": "7082baff-0bfd-42d2-803d-6f00124e2568",
    "data": [
      {
        "text": "again",
        "userDefined": false
      }
    ],
    "isTemplate": false,
    "count": 0,
    "updated": 1524811452
  },
  {
    "id": "95460ff3-87b6-40cc-b646-52f0740d9c21",
    "data": [
      {
        "text": "repeat",
        "userDefined": false
      }
    ],
    "isTemplate": false,
    "count": 0,
    "updated": 1524811452
  },
  {
    "id": "e43a72c1-6b1a-4e79-9751-3c165ef2619a",
    "data": [
      {
        "text": "tell me again",
        "userDefined": false
      }
    ],
    "isTemplate": false,
    "count": 0,
    "updated": 1524811452
  }
]