[
  {
    "id": "1cf40817-9598-40f5-87cd-b18dbd0b8261",
    "data": [
      {
        "text": "class of ",
        "userDefined": false
      },
      {
        "text": "first",
        "alias": "ordinal",
        "meta": "@sys.ordinal",
        "userDefined": false
      },
      {
        "text": " year student",
        "userDefined": false
      }
    ],
    "isTemplate": false,
    "count": 0,
    "updated": 1524575123
  },
  {
    "id": "13eb2f07-5c3a-4253-bc35-5c3662917b7f",
    "data": [
      {
        "text": "c block",
        "userDefined": false
      }
    ],
    "isTemplate": false,
    "count": 0,
    "updated": 1524575123
  },
  {
    "id": "cb37c431-cb12-4b9a-8220-c3cfb027aa1b",
    "data": [
      {
        "text": "block c",
        "userDefined": false
      }
    ],
    "isTemplate": false,
    "count": 0,
    "updated": 1524575123
  },
  {
    "id": "c5076664-054a-4335-9ee2-d2f4c209dc04",
    "data": [
      {
        "text": " classes of ",
        "userDefined": false
      },
      {
        "text": "1st",
        "alias": "date",
        "meta": "@sys.date",
        "userDefined": false
      },
      {
        "text": " year student takes place",
        "userDefined": false
      }
    ],
    "isTemplate": false,
    "count": 0,
    "updated": 1524575123
  },
  {
    "id": "d0994c6d-4b29-4f26-a373-2d73c1cacb76",
    "data": [
      {
        "text": "details of c block",
        "userDefined": false
      }
    ],
    "isTemplate": false,
    "count": 0,
    "updated": 1524575123
  }
]