[
  {
    "id": "848c1929-4995-4302-8007-530fa9f949b3",
    "data": [
      {
        "text": "J Cafe",
        "userDefined": false
      }
    ],
    "isTemplate": false,
    "count": 0,
    "updated": 1523634760
  },
  {
    "id": "a3cae239-759b-4583-bf1c-ffe9d7acb703",
    "data": [
      {
        "text": "cafetria",
        "userDefined": false
      }
    ],
    "isTemplate": false,
    "count": 0,
    "updated": 1523634760
  },
  {
    "id": "55583818-d723-43cd-b71e-0de0693f4e95",
    "data": [
      {
        "text": "cafeteria located?",
        "userDefined": false
      }
    ],
    "isTemplate": false,
    "count": 0,
    "updated": 1523634760
  },
  {
    "id": "b8db1495-e956-4774-ab08-ce5cc76e3bd6",
    "data": [
      {
        "text": "jcafe",
        "userDefined": false
      }
    ],
    "isTemplate": false,
    "count": 0,
    "updated": 1523634760
  },
  {
    "id": "b68f7daf-8769-4438-85c4-a0e05af188c9",
    "data": [
      {
        "text": "cafe",
        "userDefined": false
      }
    ],
    "isTemplate": false,
    "count": 0,
    "updated": 1523634760
  },
  {
    "id": "d7689878-e13d-477c-8819-52dc5b679022",
    "data": [
      {
        "text": "cafeteria",
        "userDefined": false
      }
    ],
    "isTemplate": false,
    "count": 0,
    "updated": 1523634760
  },
  {
    "id": "f5fc5b4c-9d60-4bd5-957b-9166ba28322a",
    "data": [
      {
        "text": "timings of cafeteria?",
        "userDefined": false
      }
    ],
    "isTemplate": false,
    "count": 0,
    "updated": 1523634760
  }
]