[
  {
    "id": "e3a0c1d6-b0ca-42c1-b887-c46ca16751ec",
    "data": [
      {
        "text": "J Cafe",
        "userDefined": false
      }
    ],
    "isTemplate": false,
    "count": 0,
    "updated": 1523634760
  },
  {
    "id": "bbc8baea-6056-4b61-b814-47db9af5285f",
    "data": [
      {
        "text": "cafetria",
        "userDefined": false
      }
    ],
    "isTemplate": false,
    "count": 0,
    "updated": 1523634760
  },
  {
    "id": "17fd9319-58e1-4b15-8864-351a467d2d63",
    "data": [
      {
        "text": "jcafe",
        "userDefined": false
      }
    ],
    "isTemplate": false,
    "count": 0,
    "updated": 1523634760
  },
  {
    "id": "a3ade799-f7ae-4f6d-bce0-e3f77c75d52a",
    "data": [
      {
        "text": "cafeteria located?",
        "userDefined": false
      }
    ],
    "isTemplate": false,
    "count": 0,
    "updated": 1523634760
  },
  {
    "id": "d9a52719-b3e5-491e-82c3-521b12e9fc24",
    "data": [
      {
        "text": "cafe",
        "userDefined": false
      }
    ],
    "isTemplate": false,
    "count": 0,
    "updated": 1523634760
  },
  {
    "id": "6240c671-4610-4be9-a657-ad0f7f275de6",
    "data": [
      {
        "text": "timings of cafeteria?",
        "userDefined": false
      }
    ],
    "isTemplate": false,
    "count": 0,
    "updated": 1523634760
  },
  {
    "id": "01a4be28-1fe8-4469-ba19-c99d0b0ba4bc",
    "data": [
      {
        "text": "cafeteria",
        "userDefined": false
      }
    ],
    "isTemplate": false,
    "count": 0,
    "updated": 1523634760
  }
]