[
  {
    "id": "81a8c92b-0d54-4f20-b98c-3f4dffa7e936",
    "data": [
      {
        "text": "sorry",
        "userDefined": false
      }
    ],
    "isTemplate": false,
    "count": 0,
    "updated": 1523459084
  },
  {
    "id": "e5fd9dd2-6588-48f6-8181-18b411057af4",
    "data": [
      {
        "text": "repeat",
        "userDefined": false
      }
    ],
    "isTemplate": false,
    "count": 0,
    "updated": 1523459084
  },
  {
    "id": "a8bcd2a5-cae3-47a5-9e23-ccde9d7090aa",
    "data": [
      {
        "text": "say ",
        "userDefined": false
      },
      {
        "text": "it",
        "meta": "@sys.ignore",
        "userDefined": false
      },
      {
        "text": " again",
        "userDefined": false
      }
    ],
    "isTemplate": false,
    "count": 0,
    "updated": 1523459084
  },
  {
    "id": "c5eb2bce-ac5a-4a88-889d-97e53710ba09",
    "data": [
      {
        "text": "pardon",
        "userDefined": false
      }
    ],
    "isTemplate": false,
    "count": 0,
    "updated": 1523459084
  },
  {
    "id": "4c1c96fb-aed1-4cc8-85e9-1af3976b3965",
    "data": [
      {
        "text": "again",
        "userDefined": false
      }
    ],
    "isTemplate": false,
    "count": 0,
    "updated": 1523459084
  }
]