[
  {
    "id": "21376809-f4f3-454e-8210-0dfd279e424b",
    "data": [
      {
        "text": "can you tell me about jecrc campus",
        "userDefined": false
      }
    ],
    "isTemplate": false,
    "count": 0,
    "updated": 1524839081
  },
  {
    "id": "8fecb64d-6ab9-4f54-b160-eeb5acf7406c",
    "data": [
      {
        "text": "infrastructure of this college",
        "userDefined": false
      }
    ],
    "isTemplate": false,
    "count": 0,
    "updated": 1525075778
  },
  {
    "id": "bb8704cf-1f68-4ccd-bbd6-b3feccfcc768",
    "data": [
      {
        "text": "campus",
        "userDefined": false
      }
    ],
    "isTemplate": false,
    "count": 0,
    "updated": 1524839081
  }
]