[
  {
    "id": "336f1126-1e58-4887-baf2-2f03ae4bfd0b",
    "data": [
      {
        "text": "sorry",
        "userDefined": false
      }
    ],
    "isTemplate": false,
    "count": 0,
    "updated": 1523459084
  },
  {
    "id": "3fe6202c-3e7d-43b5-be60-ac921ab79a99",
    "data": [
      {
        "text": "again",
        "userDefined": false
      }
    ],
    "isTemplate": false,
    "count": 0,
    "updated": 1523459084
  },
  {
    "id": "ff3ce79a-fcff-488a-9fe1-fcd2793b7a52",
    "data": [
      {
        "text": "pardon",
        "userDefined": false
      }
    ],
    "isTemplate": false,
    "count": 0,
    "updated": 1523459084
  },
  {
    "id": "4755d75c-9bfe-412b-a32a-792483e9fae9",
    "data": [
      {
        "text": "repeat",
        "userDefined": false
      }
    ],
    "isTemplate": false,
    "count": 0,
    "updated": 1523459084
  },
  {
    "id": "fc594211-d57e-43eb-8639-44e3750b05e3",
    "data": [
      {
        "text": "say ",
        "userDefined": false
      },
      {
        "text": "it",
        "meta": "@sys.ignore",
        "userDefined": false
      },
      {
        "text": " again",
        "userDefined": false
      }
    ],
    "isTemplate": false,
    "count": 0,
    "updated": 1523459084
  }
]