[
  {
    "id": "26df743b-6abe-479b-97b8-c23f54f31ddc",
    "data": [
      {
        "text": "what are the shades of ",
        "userDefined": false
      },
      {
        "text": "magenta",
        "alias": "color",
        "meta": "@sys.color",
        "userDefined": false
      }
    ],
    "isTemplate": false,
    "count": 0,
    "updated": 1527929494
  },
  {
    "id": "86fb1471-2363-4b51-8730-cb11b069a102",
    "data": [
      {
        "text": "shades of ",
        "userDefined": false
      },
      {
        "text": "magenta",
        "alias": "color",
        "meta": "@sys.color",
        "userDefined": false
      }
    ],
    "isTemplate": false,
    "count": 0,
    "updated": 1527929494
  },
  {
    "id": "17510974-e57a-4197-8cd9-5c30430b4fdb",
    "data": [
      {
        "text": "can you tell me the shades of ",
        "userDefined": false
      },
      {
        "text": "magenta",
        "alias": "color",
        "meta": "@sys.color",
        "userDefined": false
      }
    ],
    "isTemplate": false,
    "count": 0,
    "updated": 1527929494
  }
]