[
  {
    "id": "29733fae-8a1e-4383-a43f-4d9e2119b53a",
    "data": [
      {
        "text": "favourite colour",
        "userDefined": false
      }
    ],
    "isTemplate": false,
    "count": 0,
    "updated": 1527929185
  },
  {
    "id": "7d18eb8d-ce05-4653-9f43-98ce934db893",
    "data": [
      {
        "text": "can you tell me your favourite colour",
        "userDefined": false
      }
    ],
    "isTemplate": false,
    "count": 0,
    "updated": 1527929185
  },
  {
    "id": "6665f230-1a67-4f23-b42f-9903b0d672f3",
    "data": [
      {
        "text": "which colour do you like the most",
        "userDefined": false
      }
    ],
    "isTemplate": false,
    "count": 0,
    "updated": 1527929185
  },
  {
    "id": "8d05fea9-f519-4d7c-be8b-d969b8d76120",
    "data": [
      {
        "text": "most liked colour by you",
        "userDefined": false
      }
    ],
    "isTemplate": false,
    "count": 0,
    "updated": 1527929185
  }
]