[
  {
    "id": "f6f2f72c-3751-4acb-a200-2000f6412ac9",
    "data": [
      {
        "text": "say again",
        "userDefined": false
      }
    ],
    "isTemplate": false,
    "count": 0,
    "updated": 1523635182
  },
  {
    "id": "1b479392-2572-4767-b3d8-13f74492c306",
    "data": [
      {
        "text": "pardon",
        "userDefined": false
      }
    ],
    "isTemplate": false,
    "count": 0,
    "updated": 1523635182
  },
  {
    "id": "23dc41fb-07fa-4a7f-b3e1-e9c2a1ba3cf9",
    "data": [
      {
        "text": "repeat ",
        "userDefined": false
      },
      {
        "text": "it",
        "meta": "@sys.ignore",
        "userDefined": false
      },
      {
        "text": " again",
        "userDefined": false
      }
    ],
    "isTemplate": false,
    "count": 0,
    "updated": 1523635182
  },
  {
    "id": "c046da75-3464-4f12-932e-28f43680a33f",
    "data": [
      {
        "text": "sorry",
        "userDefined": false
      }
    ],
    "isTemplate": false,
    "count": 0,
    "updated": 1523635182
  },
  {
    "id": "5b0a6911-df43-4e3c-b874-6ffc6cef7491",
    "data": [
      {
        "text": "can you repeat ",
        "userDefined": false
      },
      {
        "text": "it",
        "meta": "@sys.ignore",
        "userDefined": false
      },
      {
        "text": " again",
        "userDefined": false
      }
    ],
    "isTemplate": false,
    "count": 0,
    "updated": 1523635182
  }
]