[
  {
    "id": "2a381e38-67a4-4e41-a35c-5f848f491679",
    "data": [
      {
        "text": "repeat ",
        "userDefined": false
      },
      {
        "text": "it",
        "meta": "@sys.ignore",
        "userDefined": false
      },
      {
        "text": " again",
        "userDefined": false
      }
    ],
    "isTemplate": false,
    "count": 0,
    "updated": 1523635182
  },
  {
    "id": "6c66f313-8c67-42bf-9109-c48bd0e8948b",
    "data": [
      {
        "text": "sorry",
        "userDefined": false
      }
    ],
    "isTemplate": false,
    "count": 0,
    "updated": 1523635182
  },
  {
    "id": "c9f63895-c405-4ecd-83d5-1eed8705673b",
    "data": [
      {
        "text": "pardon",
        "userDefined": false
      }
    ],
    "isTemplate": false,
    "count": 0,
    "updated": 1523635182
  },
  {
    "id": "fcbe9d5c-78f2-462f-b6b4-923481449286",
    "data": [
      {
        "text": "say again",
        "userDefined": false
      }
    ],
    "isTemplate": false,
    "count": 0,
    "updated": 1523635182
  },
  {
    "id": "c001f81f-8d34-4886-a1bf-b7b6f7213bdd",
    "data": [
      {
        "text": "can you repeat ",
        "userDefined": false
      },
      {
        "text": "it",
        "meta": "@sys.ignore",
        "userDefined": false
      },
      {
        "text": " again",
        "userDefined": false
      }
    ],
    "isTemplate": false,
    "count": 0,
    "updated": 1523635182
  }
]