[
  {
    "id": "ae3a674e-3a8f-4082-9dc4-d760639b790e",
    "data": [
      {
        "text": "transportation facilities",
        "userDefined": false
      }
    ],
    "isTemplate": false,
    "count": 0,
    "updated": 1523634954
  },
  {
    "id": "28628a15-4a37-4178-8015-d90d48143cac",
    "data": [
      {
        "text": "Transportation",
        "userDefined": false
      }
    ],
    "isTemplate": false,
    "count": 0,
    "updated": 1523634954
  },
  {
    "id": "1a7ff342-28bf-4e4b-a364-f3731a1f6059",
    "data": [
      {
        "text": "transport",
        "userDefined": false
      }
    ],
    "isTemplate": false,
    "count": 0,
    "updated": 1523633993
  },
  {
    "id": "132778dd-4558-451e-93f4-36001caf2898",
    "data": [
      {
        "text": "transport facility",
        "userDefined": false
      }
    ],
    "isTemplate": false,
    "count": 0,
    "updated": 1523633993
  },
  {
    "id": "c3ff7801-e65f-490b-b954-49224c4fa793",
    "data": [
      {
        "text": "contact no. of transport",
        "userDefined": false
      }
    ],
    "isTemplate": false,
    "count": 0,
    "updated": 1523633993
  }
]