[
  {
    "id": "f95108b9-e0ec-44a0-95b5-046e44216559",
    "data": [
      {
        "text": "Transportation",
        "userDefined": false
      }
    ],
    "isTemplate": false,
    "count": 0,
    "updated": 1524375146
  },
  {
    "id": "74bbebb4-58ee-477c-b929-958b0ad53eb2",
    "data": [
      {
        "text": "transport",
        "userDefined": false
      }
    ],
    "isTemplate": false,
    "count": 0,
    "updated": 1524375146
  },
  {
    "id": "6a465301-e362-47b2-83bd-3e9341e1671a",
    "data": [
      {
        "text": "transport facility",
        "userDefined": false
      }
    ],
    "isTemplate": false,
    "count": 0,
    "updated": 1524375146
  },
  {
    "id": "27783a3e-b84b-41d9-bfed-37f10e50bbab",
    "data": [
      {
        "text": "transport in college",
        "userDefined": false
      }
    ],
    "isTemplate": false,
    "count": 0,
    "updated": 1524375146
  },
  {
    "id": "ef5296de-86f6-45b3-bcd5-3f767deb1ecb",
    "data": [
      {
        "text": "transportation facilities",
        "userDefined": false
      }
    ],
    "isTemplate": false,
    "count": 0,
    "updated": 1524375146
  },
  {
    "id": "6b1de4f5-78ef-43ab-b1bb-7e1c65515db5",
    "data": [
      {
        "text": "bus number of ju",
        "userDefined": false
      }
    ],
    "isTemplate": false,
    "count": 0,
    "updated": 1524375146
  },
  {
    "id": "0f9664a9-7f7c-4659-a88f-c7e997dfcd33",
    "data": [
      {
        "text": "contact no. of transport",
        "userDefined": false
      }
    ],
    "isTemplate": false,
    "count": 0,
    "updated": 1524375146
  }
]