[
  {
    "id": "008d217a-10e6-4af0-86eb-539382a5afe4",
    "data": [
      {
        "text": "number of students involved",
        "userDefined": false
      }
    ],
    "isTemplate": false,
    "count": 0,
    "updated": 1523608114
  },
  {
    "id": "1be874b6-fc2e-4918-89a6-acbd77961b34",
    "data": [
      {
        "text": "want to know some further information?",
        "userDefined": false
      }
    ],
    "isTemplate": false,
    "count": 0,
    "updated": 1523537106
  },
  {
    "id": "a375e5c5-0080-4432-9642-18b582623e02",
    "data": [
      {
        "text": "participate",
        "userDefined": false
      }
    ],
    "isTemplate": false,
    "count": 0,
    "updated": 1523537106
  },
  {
    "id": "4b8bf94a-dc14-4dce-ba9f-c1b3c3746c46",
    "data": [
      {
        "text": "take part in ",
        "userDefined": false
      },
      {
        "text": "it",
        "meta": "@sys.ignore",
        "userDefined": false
      },
      {
        "text": "?",
        "userDefined": false
      }
    ],
    "isTemplate": false,
    "count": 0,
    "updated": 1523537106
  },
  {
    "id": "ca247e4a-b7cd-44fc-b13c-14509beff6b7",
    "data": [
      {
        "text": "more about ",
        "userDefined": false
      },
      {
        "text": "it",
        "meta": "@sys.ignore",
        "userDefined": false
      }
    ],
    "isTemplate": false,
    "count": 0,
    "updated": 1523537106
  },
  {
    "id": "52ee4b78-674f-4b6c-bf16-afe44eff3689",
    "data": [
      {
        "text": "mazor events of zarurat?",
        "userDefined": false
      }
    ],
    "isTemplate": false,
    "count": 0,
    "updated": 1523537106
  },
  {
    "id": "4f6615c7-d780-4d5c-9eab-58bd2361b6cf",
    "data": [
      {
        "text": "contact",
        "userDefined": false
      }
    ],
    "isTemplate": false,
    "count": 0,
    "updated": 1523537106
  },
  {
    "id": "fcecc8cf-fe9c-46c0-bbb4-d816089ec993",
    "data": [
      {
        "text": "a",
        "userDefined": false
      }
    ],
    "isTemplate": false,
    "count": 0,
    "updated": 1523608114
  },
  {
    "id": "6d7c2ab7-0dfc-4ce4-bc05-cc96473c7cfd",
    "data": [
      {
        "text": " i contact this ",
        "userDefined": false
      },
      {
        "text": "group",
        "alias": "the",
        "meta": "@the",
        "userDefined": false
      },
      {
        "text": "?",
        "userDefined": false
      }
    ],
    "isTemplate": false,
    "count": 0,
    "updated": 1523537106
  },
  {
    "id": "4ade1fdf-964f-4fba-bfff-c94d0ab7758d",
    "data": [
      {
        "text": "head",
        "userDefined": false
      }
    ],
    "isTemplate": false,
    "count": 0,
    "updated": 1523608114
  },
  {
    "id": "cffe9c76-bbd6-4498-8a85-fcb8b78e650a",
    "data": [
      {
        "text": "more information?",
        "userDefined": false
      }
    ],
    "isTemplate": false,
    "count": 0,
    "updated": 1523537106
  }
]