[
  {
    "id": "9d0cdb78-c02c-493f-89b5-1ed46f8b2f51",
    "data": [
      {
        "text": "more about ",
        "userDefined": false
      },
      {
        "text": "it",
        "meta": "@sys.ignore",
        "userDefined": false
      }
    ],
    "isTemplate": false,
    "count": 0,
    "updated": 1523537106
  },
  {
    "id": "36a100df-c488-481e-a4d1-5fa45ec2bc69",
    "data": [
      {
        "text": "number of students involved",
        "userDefined": false
      }
    ],
    "isTemplate": false,
    "count": 0,
    "updated": 1523608114
  },
  {
    "id": "3de8344c-d746-470a-8655-7854b357e900",
    "data": [
      {
        "text": "want to know some further information?",
        "userDefined": false
      }
    ],
    "isTemplate": false,
    "count": 0,
    "updated": 1523537106
  },
  {
    "id": "e8478fbc-bd6c-4b3c-9ce4-ed8e8af179d2",
    "data": [
      {
        "text": "take part in ",
        "userDefined": false
      },
      {
        "text": "it",
        "meta": "@sys.ignore",
        "userDefined": false
      },
      {
        "text": "?",
        "userDefined": false
      }
    ],
    "isTemplate": false,
    "count": 0,
    "updated": 1523537106
  },
  {
    "id": "353f0a0c-37d7-4ad7-a072-8487a2f3ee55",
    "data": [
      {
        "text": "mazor events of zarurat?",
        "userDefined": false
      }
    ],
    "isTemplate": false,
    "count": 0,
    "updated": 1523537106
  },
  {
    "id": "48ff580b-69ee-45cf-b829-3192fad48b46",
    "data": [
      {
        "text": "a",
        "userDefined": false
      }
    ],
    "isTemplate": false,
    "count": 0,
    "updated": 1523608114
  },
  {
    "id": "1a057ccb-6f73-43bd-8610-be3ff7f80211",
    "data": [
      {
        "text": "participate",
        "userDefined": false
      }
    ],
    "isTemplate": false,
    "count": 0,
    "updated": 1523537106
  },
  {
    "id": "f61f5cc7-188f-4472-af9f-ad5147492efb",
    "data": [
      {
        "text": " i contact this ",
        "userDefined": false
      },
      {
        "text": "group",
        "alias": "the",
        "meta": "@the",
        "userDefined": false
      },
      {
        "text": "?",
        "userDefined": false
      }
    ],
    "isTemplate": false,
    "count": 0,
    "updated": 1523537106
  },
  {
    "id": "6493df38-9b4a-4139-b51a-e4f7b3479616",
    "data": [
      {
        "text": "head",
        "userDefined": false
      }
    ],
    "isTemplate": false,
    "count": 0,
    "updated": 1523608114
  },
  {
    "id": "90f3a416-f82f-41bb-b9ab-208f49b8c454",
    "data": [
      {
        "text": "more information?",
        "userDefined": false
      }
    ],
    "isTemplate": false,
    "count": 0,
    "updated": 1523537106
  },
  {
    "id": "5f108a87-fd91-45f9-9c2b-9db4c3289f7b",
    "data": [
      {
        "text": "contact",
        "userDefined": false
      }
    ],
    "isTemplate": false,
    "count": 0,
    "updated": 1523537106
  }
]