[
  {
    "id": "31929d1b-447f-41f5-b830-bff66aa83cd8",
    "data": [
      {
        "text": "jarur",
        "userDefined": false
      }
    ],
    "isTemplate": false,
    "count": 0,
    "updated": 1532074159
  },
  {
    "id": "3218edd2-3ab3-4583-b260-6db8e65043fc",
    "data": [
      {
        "text": "jarrurat",
        "userDefined": false
      }
    ],
    "isTemplate": false,
    "count": 0,
    "updated": 1532074159
  },
  {
    "id": "53df57e5-9262-49f1-94bc-3339b1770d0a",
    "data": [
      {
        "text": "zarroorat",
        "userDefined": false
      }
    ],
    "isTemplate": false,
    "count": 0,
    "updated": 1532074159
  },
  {
    "id": "8e75796f-066f-4473-af35-1842a73db674",
    "data": [
      {
        "text": "zaruat",
        "userDefined": false
      }
    ],
    "isTemplate": false,
    "count": 0,
    "updated": 1532074159
  },
  {
    "id": "c4ebf82c-28d3-43a9-a1b6-1570c713bb63",
    "data": [
      {
        "text": "jaroorat",
        "userDefined": false
      }
    ],
    "isTemplate": false,
    "count": 0,
    "updated": 1532074159
  },
  {
    "id": "d7e8c350-4dfd-4c5e-8930-541ba474b9d2",
    "data": [
      {
        "text": "Zaroorat",
        "userDefined": false
      }
    ],
    "isTemplate": false,
    "count": 0,
    "updated": 1532074159
  },
  {
    "id": "c008f1eb-ee16-422e-a277-f84eccd90d66",
    "data": [
      {
        "text": "zarurat",
        "userDefined": false
      }
    ],
    "isTemplate": false,
    "count": 0,
    "updated": 1532074159
  },
  {
    "id": "0a37c250-2f70-459a-8d84-353268e7335f",
    "data": [
      {
        "text": "jarurat",
        "userDefined": false
      }
    ],
    "isTemplate": false,
    "count": 0,
    "updated": 1532074159
  }
]