[
  {
    "id": "bda413c2-cd64-4f2c-8a99-3d8d7f114788",
    "data": [
      {
        "text": "are student serious for their studies",
        "userDefined": false
      }
    ],
    "isTemplate": false,
    "count": 0,
    "updated": 1525073421
  },
  {
    "id": "c4c4a524-d2da-4265-b0d9-42a75b34a9f9",
    "data": [
      {
        "text": "dignities of ",
        "userDefined": false
      },
      {
        "text": "jecrc",
        "alias": "college",
        "meta": "@college",
        "userDefined": false
      }
    ],
    "isTemplate": false,
    "count": 0,
    "updated": 1525073421
  },
  {
    "id": "17a3daaa-d712-432d-a010-e700990da3c4",
    "data": [
      {
        "text": "seriousness about their studies",
        "userDefined": false
      }
    ],
    "isTemplate": false,
    "count": 0,
    "updated": 1525073421
  },
  {
    "id": "84bbdbf9-ce5c-42b4-8ab5-8c9ec87bf3a3",
    "data": [
      {
        "text": "dignitaries of jecrc",
        "userDefined": false
      }
    ],
    "isTemplate": false,
    "count": 0,
    "updated": 1525073421
  },
  {
    "id": "cc950643-5f06-4b74-8d8d-20b55dddb750",
    "data": [
      {
        "text": "great people at ",
        "userDefined": false
      },
      {
        "text": "jecrc",
        "alias": "college",
        "meta": "@college",
        "userDefined": false
      }
    ],
    "isTemplate": false,
    "count": 0,
    "updated": 1525073421
  },
  {
    "id": "fe540a44-0be3-4427-bedd-01693cc32ccf",
    "data": [
      {
        "text": "people appreciated at ",
        "userDefined": false
      },
      {
        "text": "jecrc",
        "alias": "college",
        "meta": "@college",
        "userDefined": false
      }
    ],
    "isTemplate": false,
    "count": 0,
    "updated": 1525073421
  },
  {
    "id": "06a8fabe-e6d5-44ab-9203-bd38051e61c7",
    "data": [
      {
        "text": "honourable students",
        "userDefined": false
      }
    ],
    "isTemplate": false,
    "count": 0,
    "updated": 1525073421
  }
]