[
  {
    "id": "3cf03bf9-47f0-42cc-83c6-e664a66f7789",
    "data": [
      {
        "text": "once again",
        "userDefined": false
      }
    ],
    "isTemplate": false,
    "count": 0,
    "updated": 1525073271
  },
  {
    "id": "54bd0917-3247-4211-a06e-ebb09cad0e3d",
    "data": [
      {
        "text": "repeat ",
        "userDefined": false
      },
      {
        "text": "it",
        "meta": "@sys.ignore",
        "userDefined": false
      }
    ],
    "isTemplate": false,
    "count": 0,
    "updated": 1525073271
  },
  {
    "id": "b7e4fa76-b5e7-4646-bd6a-eeb9a78f4ca5",
    "data": [
      {
        "text": "tell me again",
        "userDefined": false
      }
    ],
    "isTemplate": false,
    "count": 0,
    "updated": 1525073271
  },
  {
    "id": "d59c5273-ff29-44bb-acc0-d72b9c37b24f",
    "data": [
      {
        "text": "pardon",
        "userDefined": false
      }
    ],
    "isTemplate": false,
    "count": 0,
    "updated": 1525073271
  },
  {
    "id": "f1e54f89-5de5-4553-b44f-83952bdc2b72",
    "data": [
      {
        "text": "slowly please",
        "userDefined": false
      }
    ],
    "isTemplate": false,
    "count": 0,
    "updated": 1525073271
  },
  {
    "id": "04fa6f6f-1d4f-42ec-9603-2ed449be42e2",
    "data": [
      {
        "text": "again please",
        "userDefined": false
      }
    ],
    "isTemplate": false,
    "count": 0,
    "updated": 1525073271
  }
]