[
  {
    "id": "1929f149-0050-47c8-b389-3faf97aadf51",
    "data": [
      {
        "text": "intro of director",
        "userDefined": false
      }
    ],
    "isTemplate": false,
    "count": 0,
    "updated": 1523683409
  },
  {
    "id": "fdf194bb-62ff-4720-a54a-c75651ed626e",
    "data": [
      {
        "text": "intro of head",
        "userDefined": false
      }
    ],
    "isTemplate": false,
    "count": 0,
    "updated": 1523683409
  },
  {
    "id": "86342b18-be43-4af9-9300-ad3f3e2c6048",
    "data": [
      {
        "text": "director sir",
        "userDefined": false
      }
    ],
    "isTemplate": false,
    "count": 0,
    "updated": 1523683409
  },
  {
    "id": "5b523697-cfe3-4a48-8020-4c39c730f588",
    "data": [
      {
        "text": "director",
        "userDefined": false
      }
    ],
    "isTemplate": false,
    "count": 0,
    "updated": 1523683409
  }
]