[
  {
    "id": "ae344c27-b2db-418b-90a7-cdf8952f3540",
    "data": [
      {
        "text": "Breif details",
        "userDefined": false
      }
    ],
    "isTemplate": false,
    "count": 0,
    "updated": 1526784329
  },
  {
    "id": "50f6447a-f959-4a32-9411-8f6a335852af",
    "data": [
      {
        "text": "More",
        "userDefined": false
      }
    ],
    "isTemplate": false,
    "count": 0,
    "updated": 1526784329
  },
  {
    "id": "94444644-47b0-426a-8206-f76e8efa4c32",
    "data": [
      {
        "text": "Anything extra",
        "userDefined": false
      }
    ],
    "isTemplate": false,
    "count": 0,
    "updated": 1526784329
  },
  {
    "id": "be725a16-0f1b-4bff-a755-edd8e8c500f7",
    "data": [
      {
        "text": "Some more information about him",
        "userDefined": false
      }
    ],
    "isTemplate": false,
    "count": 0,
    "updated": 1526784329
  },
  {
    "id": "270d0919-179c-41d5-bada-db7a1a805a1d",
    "data": [
      {
        "text": "Can you tell me more about him",
        "userDefined": false
      }
    ],
    "isTemplate": false,
    "count": 0,
    "updated": 1526784329
  }
]