[
  {
    "id": "72497ffc-a70a-43a8-87a9-50e7c9b862c7",
    "data": [
      {
        "text": "pardon please",
        "userDefined": false
      }
    ],
    "isTemplate": false,
    "count": 0,
    "updated": 1523683477
  },
  {
    "id": "5676ef01-bbc9-4c58-bb11-7703c9dc22ff",
    "data": [
      {
        "text": "can you repeat ",
        "userDefined": false
      },
      {
        "text": "it",
        "meta": "@sys.ignore",
        "userDefined": false
      },
      {
        "text": " again",
        "userDefined": false
      }
    ],
    "isTemplate": false,
    "count": 0,
    "updated": 1523683477
  },
  {
    "id": "a9da0a3e-dfed-4145-9ec9-b47a85ac38fb",
    "data": [
      {
        "text": "repeat",
        "userDefined": false
      }
    ],
    "isTemplate": false,
    "count": 0,
    "updated": 1523683477
  },
  {
    "id": "9312a7c9-f219-4fd9-bd0f-4ab4036f1b9f",
    "data": [
      {
        "text": "sorry",
        "userDefined": false
      }
    ],
    "isTemplate": false,
    "count": 0,
    "updated": 1523683477
  }
]