[
  {
    "id": "1675e50f-15ed-4df2-9946-72a03a2394ec",
    "data": [
      {
        "text": "no i am asking about his room",
        "userDefined": false
      }
    ],
    "isTemplate": false,
    "count": 0,
    "updated": 1527927697
  },
  {
    "id": "b3278b34-55e4-409b-8f7f-14164e725a12",
    "data": [
      {
        "text": "directors office location",
        "userDefined": false
      }
    ],
    "isTemplate": false,
    "count": 0,
    "updated": 1527926065
  },
  {
    "id": "f5e08716-8daf-4032-b805-ab292d58c38c",
    "data": [
      {
        "text": "where is director sir office",
        "userDefined": false
      }
    ],
    "isTemplate": false,
    "count": 0,
    "updated": 1527926065
  },
  {
    "id": "157c1eb0-90c9-4ddf-a406-bb683936637f",
    "data": [
      {
        "text": "no i am asking about his location",
        "userDefined": false
      }
    ],
    "isTemplate": false,
    "count": 0,
    "updated": 1527927697
  },
  {
    "id": "972f1b0e-2aee-4b3a-9d8c-0603dddab080",
    "data": [
      {
        "text": "his location",
        "userDefined": false
      }
    ],
    "isTemplate": false,
    "count": 0,
    "updated": 1527927697
  },
  {
    "id": "179f37e8-49f6-4bbc-ba08-c955610705f8",
    "data": [
      {
        "text": "where is directors room",
        "userDefined": false
      }
    ],
    "isTemplate": false,
    "count": 0,
    "updated": 1527926065
  },
  {
    "id": "dd57c548-ce8f-4b7b-b77f-cca02ec32298",
    "data": [
      {
        "text": "location of office",
        "userDefined": false
      }
    ],
    "isTemplate": false,
    "count": 0,
    "updated": 1527926065
  },
  {
    "id": "eb4b454a-4e6a-429a-bc29-bde850e8cde3",
    "data": [
      {
        "text": "office",
        "userDefined": false
      }
    ],
    "isTemplate": false,
    "count": 0,
    "updated": 1527926065
  },
  {
    "id": "b642f275-7693-44ac-bb2a-f1169e3090d8",
    "data": [
      {
        "text": "no i am asking about his office",
        "userDefined": false
      }
    ],
    "isTemplate": false,
    "count": 0,
    "updated": 1527927697
  },
  {
    "id": "31212c94-a268-45b3-ba3e-b7c1fe42e3df",
    "data": [
      {
        "text": "room",
        "userDefined": false
      }
    ],
    "isTemplate": false,
    "count": 0,
    "updated": 1527926065
  }
]