[
  {
    "id": "8efceeaa-2204-4832-b5d0-99f1d181c8cf",
    "data": [
      {
        "text": "Speak properly",
        "userDefined": false
      }
    ],
    "isTemplate": false,
    "count": 0,
    "updated": 1526784131
  },
  {
    "id": "a79d63f7-decf-4604-b2a9-9526d09534f7",
    "data": [
      {
        "text": "I can\u0027t hear you",
        "userDefined": false
      }
    ],
    "isTemplate": false,
    "count": 0,
    "updated": 1526784131
  },
  {
    "id": "1e84f77f-a716-4a2e-92e6-9b5a1df22eb5",
    "data": [
      {
        "text": "Once again",
        "userDefined": false
      }
    ],
    "isTemplate": false,
    "count": 0,
    "updated": 1526784131
  },
  {
    "id": "7bd55a42-a9af-4ae5-b865-48602e5814e6",
    "data": [
      {
        "text": "repeat",
        "userDefined": false
      }
    ],
    "isTemplate": false,
    "count": 0,
    "updated": 1523683477
  },
  {
    "id": "1c179abb-2d78-443b-bb97-ec9ea7da122d",
    "data": [
      {
        "text": "can you repeat ",
        "userDefined": false
      },
      {
        "text": "it",
        "meta": "@sys.ignore",
        "userDefined": false
      },
      {
        "text": " again",
        "userDefined": false
      }
    ],
    "isTemplate": false,
    "count": 0,
    "updated": 1523683477
  },
  {
    "id": "d59726a3-fb15-4bd2-8a62-3502ca8c181f",
    "data": [
      {
        "text": "sorry",
        "userDefined": false
      }
    ],
    "isTemplate": false,
    "count": 0,
    "updated": 1523683477
  },
  {
    "id": "69943052-736b-49ca-867a-1f0f38c73c22",
    "data": [
      {
        "text": "pardon please",
        "userDefined": false
      }
    ],
    "isTemplate": false,
    "count": 0,
    "updated": 1523683477
  }
]