[
  {
    "id": "c5169926-ba9e-46a5-b158-b647f498f16a",
    "data": [
      {
        "text": "director sir",
        "userDefined": false
      }
    ],
    "isTemplate": false,
    "count": 0,
    "updated": 1523683409
  },
  {
    "id": "00e825e4-c70a-4c81-b78c-f649ba3d2792",
    "data": [
      {
        "text": "Can you please tell me about director of jecrc",
        "userDefined": false
      }
    ],
    "isTemplate": false,
    "count": 0,
    "updated": 1527954452
  },
  {
    "id": "0f0fd9e6-cbbc-49ca-9f78-1e3c6f5aa648",
    "data": [
      {
        "text": "intro of head",
        "userDefined": false
      }
    ],
    "isTemplate": false,
    "count": 0,
    "updated": 1523683409
  },
  {
    "id": "eb43213c-5000-4cc3-ad73-94d59b68eb28",
    "data": [
      {
        "text": "director",
        "userDefined": false
      }
    ],
    "isTemplate": false,
    "count": 0,
    "updated": 1523683409
  },
  {
    "id": "8c5264e9-1106-4509-91ec-7415db38a41c",
    "data": [
      {
        "text": "arpit aggarwal",
        "userDefined": false
      }
    ],
    "isTemplate": false,
    "count": 0,
    "updated": 1524562371
  },
  {
    "id": "68446496-950f-44f8-9a3a-551d952b8eea",
    "data": [
      {
        "text": "arpit agarwal",
        "userDefined": false
      }
    ],
    "isTemplate": false,
    "count": 0,
    "updated": 1524562371
  },
  {
    "id": "b530b73a-a851-4ecf-95fc-1601b4ad911e",
    "data": [
      {
        "text": "intro of director",
        "userDefined": false
      }
    ],
    "isTemplate": false,
    "count": 0,
    "updated": 1523683409
  },
  {
    "id": "e4fb4afb-0e9e-40d8-96d5-5606f9786670",
    "data": [
      {
        "text": "arpit sir",
        "userDefined": false
      }
    ],
    "isTemplate": false,
    "count": 0,
    "updated": 1524562371
  }
]