[
  {
    "id": "27bb048a-4f5e-47f9-afe8-a9af05f9af13",
    "data": [
      {
        "text": "Dr. Vinay Kumar Chandna, Principal",
        "userDefined": false
      }
    ],
    "isTemplate": false,
    "count": 0,
    "updated": 1523683881
  },
  {
    "id": "925d14bd-e580-46c7-9296-2797876a579b",
    "data": [
      {
        "text": "jecrc principal",
        "userDefined": false
      }
    ],
    "isTemplate": false,
    "count": 0,
    "updated": 1523683881
  },
  {
    "id": "a2d0daa3-f944-4387-83b3-bcbc087b9b06",
    "data": [
      {
        "text": "principle",
        "userDefined": false
      }
    ],
    "isTemplate": false,
    "count": 0,
    "updated": 1523683881
  },
  {
    "id": "8dc2baad-484b-40ad-b30b-373e61d6ae35",
    "data": [
      {
        "text": "principal",
        "userDefined": false
      }
    ],
    "isTemplate": false,
    "count": 0,
    "updated": 1523683881
  }
]