[
  {
    "id": "db2e7ba4-b974-488d-ab60-96dec2cbfcf8",
    "data": [
      {
        "text": "principal ",
        "userDefined": false
      },
      {
        "text": "jecrc",
        "alias": "college",
        "meta": "@college",
        "userDefined": false
      }
    ],
    "isTemplate": false,
    "count": 0,
    "updated": 1524562572
  },
  {
    "id": "5aa9b9a7-93c3-463f-bfc5-c1faa4ecfc89",
    "data": [
      {
        "text": "jecrc principal",
        "userDefined": false
      }
    ],
    "isTemplate": false,
    "count": 0,
    "updated": 1523683881
  },
  {
    "id": "b405d80c-d162-4c31-9e56-4afac5a272df",
    "data": [
      {
        "text": "principle",
        "userDefined": false
      }
    ],
    "isTemplate": false,
    "count": 0,
    "updated": 1523683881
  },
  {
    "id": "a1a2a62b-0ab9-4e90-9e7a-c62a56d1c9de",
    "data": [
      {
        "text": "principal",
        "userDefined": false
      }
    ],
    "isTemplate": false,
    "count": 0,
    "updated": 1523683881
  },
  {
    "id": "67da4876-bfdd-4ff2-9e83-1f08df0297c9",
    "data": [
      {
        "text": "Dr. Vinay Kumar Chandna, Principal",
        "userDefined": false
      }
    ],
    "isTemplate": false,
    "count": 0,
    "updated": 1523683881
  },
  {
    "id": "151db87d-7ebd-41e4-9f59-526023e914ed",
    "data": [
      {
        "text": "vk chandna",
        "userDefined": false
      }
    ],
    "isTemplate": false,
    "count": 0,
    "updated": 1524562572
  }
]