[
  {
    "id": "3f78df0a-3152-43e9-9e30-540970a6569c",
    "data": [
      {
        "text": "can you please repeat ",
        "userDefined": false
      },
      {
        "text": "it",
        "meta": "@sys.ignore",
        "userDefined": false
      }
    ],
    "isTemplate": false,
    "count": 0,
    "updated": 1523686833
  },
  {
    "id": "1e69c948-8afd-44cc-ad52-2cbfd74595f8",
    "data": [
      {
        "text": "repeat",
        "userDefined": false
      }
    ],
    "isTemplate": false,
    "count": 0,
    "updated": 1523686833
  },
  {
    "id": "45a97216-8e15-4cc4-b81e-dc517d81ace2",
    "data": [
      {
        "text": "sorry",
        "userDefined": false
      }
    ],
    "isTemplate": false,
    "count": 0,
    "updated": 1523686833
  },
  {
    "id": "fa858c73-d25c-4bc4-a194-6008c03af139",
    "data": [
      {
        "text": "pardon",
        "userDefined": false
      }
    ],
    "isTemplate": false,
    "count": 0,
    "updated": 1523686833
  },
  {
    "id": "2aefd3c1-d1a5-453c-9fd1-bf4d02a5786e",
    "data": [
      {
        "text": "again",
        "userDefined": false
      }
    ],
    "isTemplate": false,
    "count": 0,
    "updated": 1523686833
  }
]