[
  {
    "id": "eb1a5376-7c1b-4f57-9373-8ca392b87e9e",
    "data": [
      {
        "text": "sorry , i am not able to understand . plz repeat ",
        "userDefined": false
      },
      {
        "text": "it",
        "alias": "branches",
        "meta": "@branches",
        "userDefined": false
      },
      {
        "text": " again",
        "userDefined": false
      }
    ],
    "isTemplate": false,
    "count": 0,
    "updated": 1523686567
  },
  {
    "id": "814f9155-56e3-42d1-8510-cd0274551b61",
    "data": [
      {
        "text": "sorry",
        "userDefined": false
      }
    ],
    "isTemplate": false,
    "count": 0,
    "updated": 1523686567
  },
  {
    "id": "e9d986ea-0abf-4715-9690-500336f8a27c",
    "data": [
      {
        "text": "repeat ",
        "userDefined": false
      },
      {
        "text": "it",
        "alias": "branches",
        "meta": "@branches",
        "userDefined": false
      }
    ],
    "isTemplate": false,
    "count": 0,
    "updated": 1523686567
  },
  {
    "id": "9df6ed2f-6feb-432e-8d8d-7f485e1575cc",
    "data": [
      {
        "text": "again",
        "userDefined": false
      }
    ],
    "isTemplate": false,
    "count": 0,
    "updated": 1523686567
  },
  {
    "id": "27a4f7ca-f89b-4d48-9db3-a1a5a7626b8d",
    "data": [
      {
        "text": "repeat",
        "userDefined": false
      }
    ],
    "isTemplate": false,
    "count": 0,
    "updated": 1523686567
  }
]