[
  {
    "id": "d47fe48e-b489-470d-8560-7e4f873f9732",
    "data": [
      {
        "text": "anvision",
        "userDefined": false
      }
    ],
    "isTemplate": false,
    "count": 0,
    "updated": 1523684214
  },
  {
    "id": "ba592582-f5e6-4ac7-b27d-570f3a131f42",
    "data": [
      {
        "text": "a",
        "userDefined": false
      }
    ],
    "isTemplate": false,
    "count": 0,
    "updated": 1523684214
  },
  {
    "id": "8fa1e4f7-d7f1-4f0c-9774-d7e75361f72d",
    "data": [
      {
        "text": "envision",
        "userDefined": false
      }
    ],
    "isTemplate": false,
    "count": 0,
    "updated": 1523684214
  }
]