[
  {
    "id": "c1eebe62-fdc5-49af-98a5-aa9303f3222a",
    "data": [
      {
        "text": "envision",
        "userDefined": false
      }
    ],
    "isTemplate": false,
    "count": 0,
    "updated": 1523684214
  },
  {
    "id": "96c08095-7572-46cc-acd0-243cb7e2724f",
    "data": [
      {
        "text": "anvision",
        "userDefined": false
      }
    ],
    "isTemplate": false,
    "count": 0,
    "updated": 1523684214
  },
  {
    "id": "35914aea-4a5a-4bda-ae4b-c5a54ad105ea",
    "data": [
      {
        "text": "a",
        "userDefined": false
      }
    ],
    "isTemplate": false,
    "count": 0,
    "updated": 1523684214
  }
]