[
  {
    "id": "91f03adb-681e-44eb-9880-ae62b1387bc1",
    "data": [
      {
        "text": "information",
        "userDefined": false
      }
    ],
    "isTemplate": false,
    "count": 0,
    "updated": 1523684741
  },
  {
    "id": "01f929a0-90df-4eec-b6e8-c04cd223e82a",
    "data": [
      {
        "text": "more",
        "userDefined": false
      }
    ],
    "isTemplate": false,
    "count": 0,
    "updated": 1523684741
  },
  {
    "id": "69931aab-6ba9-4300-9596-4220af2d9bc8",
    "data": [
      {
        "text": "details",
        "userDefined": false
      }
    ],
    "isTemplate": false,
    "count": 0,
    "updated": 1523684741
  },
  {
    "id": "85792c2b-5eb3-44e2-a0d7-6c05cdeb9f82",
    "data": [
      {
        "text": "extra",
        "userDefined": false
      }
    ],
    "isTemplate": false,
    "count": 0,
    "updated": 1523684741
  },
  {
    "id": "88e02cbe-78da-428e-958f-aaf815a2df0b",
    "data": [
      {
        "text": "further information",
        "userDefined": false
      }
    ],
    "isTemplate": false,
    "count": 0,
    "updated": 1523684741
  }
]