[
  {
    "id": "91f29754-1daf-4909-9b66-69764738e485",
    "data": [
      {
        "text": "say ",
        "userDefined": false
      },
      {
        "text": "it",
        "meta": "@sys.ignore",
        "userDefined": false
      },
      {
        "text": " again",
        "userDefined": false
      }
    ],
    "isTemplate": false,
    "count": 0,
    "updated": 1524563666
  },
  {
    "id": "389e7c00-6e4f-4e51-9b60-c32a37d4c692",
    "data": [
      {
        "text": "again",
        "userDefined": false
      }
    ],
    "isTemplate": false,
    "count": 0,
    "updated": 1524563666
  },
  {
    "id": "7e102cf5-b392-49f1-b905-fbc57382f3ce",
    "data": [
      {
        "text": "once again",
        "userDefined": false
      }
    ],
    "isTemplate": false,
    "count": 0,
    "updated": 1524563666
  },
  {
    "id": "0d739838-d606-4885-8e00-1682f91f1733",
    "data": [
      {
        "text": "repeat ",
        "userDefined": false
      },
      {
        "text": "it",
        "meta": "@sys.ignore",
        "userDefined": false
      }
    ],
    "isTemplate": false,
    "count": 0,
    "updated": 1524563666
  },
  {
    "id": "3fbd5e5b-d031-453a-940e-f0989068adce",
    "data": [
      {
        "text": "can you please repeat it again?",
        "userDefined": false
      }
    ],
    "isTemplate": false,
    "count": 0,
    "updated": 1524563666
  }
]