[
  {
    "id": "7a32b5b0-ae04-4610-9e99-74b18a2650e0",
    "data": [
      {
        "text": "sorry",
        "userDefined": false
      }
    ],
    "isTemplate": false,
    "count": 0,
    "updated": 1523693849
  },
  {
    "id": "f30e1553-9f57-4667-b022-afb2ece831a9",
    "data": [
      {
        "text": "say ",
        "userDefined": false
      },
      {
        "text": "it",
        "meta": "@sys.ignore",
        "userDefined": false
      },
      {
        "text": " again",
        "userDefined": false
      }
    ],
    "isTemplate": false,
    "count": 0,
    "updated": 1523693849
  },
  {
    "id": "e7f96f4b-c15f-4a06-9bf4-88e7b6f06890",
    "data": [
      {
        "text": "what",
        "userDefined": false
      }
    ],
    "isTemplate": false,
    "count": 0,
    "updated": 1523693849
  },
  {
    "id": "9f17dd5d-6fdc-4311-ba59-edbaf02125b3",
    "data": [
      {
        "text": "pardon",
        "userDefined": false
      }
    ],
    "isTemplate": false,
    "count": 0,
    "updated": 1523693849
  },
  {
    "id": "750506d8-b8a4-4fa6-b507-80a447f788bd",
    "data": [
      {
        "text": "repeat ",
        "userDefined": false
      },
      {
        "text": "it",
        "meta": "@sys.ignore",
        "userDefined": false
      },
      {
        "text": " please",
        "userDefined": false
      }
    ],
    "isTemplate": false,
    "count": 0,
    "updated": 1523693849
  }
]