[
  {
    "id": "1884dd89-5306-4132-bc68-85ec1e931f4b",
    "data": [
      {
        "text": "your best movie",
        "userDefined": false
      }
    ],
    "isTemplate": false,
    "count": 0,
    "updated": 1528392168
  },
  {
    "id": "3efe8af6-15ad-4d82-9c1c-03b88298cb89",
    "data": [
      {
        "text": "which movie do you liked the most",
        "userDefined": false
      }
    ],
    "isTemplate": false,
    "count": 0,
    "updated": 1528392168
  },
  {
    "id": "45389857-04b6-408c-af7b-7900bb0ecb27",
    "data": [
      {
        "text": "can you tell me your favourite movie",
        "userDefined": false
      }
    ],
    "isTemplate": false,
    "count": 0,
    "updated": 1528391365
  },
  {
    "id": "c4074912-04ee-4836-add3-abeabfe715f8",
    "data": [
      {
        "text": "favourite movie",
        "userDefined": false
      }
    ],
    "isTemplate": false,
    "count": 0,
    "updated": 1528391365
  }
]