[
  {
    "id": "6ff3bc97-ac95-4ef9-82f6-2a12e65af55e",
    "data": [
      {
        "text": "what is that movie about",
        "userDefined": false
      }
    ],
    "isTemplate": false,
    "count": 0,
    "updated": 1528392470
  },
  {
    "id": "661658e1-8538-4dd5-a9ff-671ba1afe95f",
    "data": [
      {
        "text": "tell me something about that movie",
        "userDefined": false
      }
    ],
    "isTemplate": false,
    "count": 0,
    "updated": 1528392470
  },
  {
    "id": "cc638e23-da63-4891-a63b-44f84d279f95",
    "data": [
      {
        "text": "what do you know about that movie",
        "userDefined": false
      }
    ],
    "isTemplate": false,
    "count": 0,
    "updated": 1528392470
  },
  {
    "id": "c82dd0f3-58ec-466d-8ffe-6888abcd6554",
    "data": [
      {
        "text": "what you liked about that movie",
        "userDefined": false
      }
    ],
    "isTemplate": false,
    "count": 0,
    "updated": 1528392470
  },
  {
    "id": "bb93d101-1fc3-404d-91b6-3cebdac40c99",
    "data": [
      {
        "text": "story of the movie",
        "userDefined": false
      }
    ],
    "isTemplate": false,
    "count": 0,
    "updated": 1528392470
  },
  {
    "id": "8750cee1-29e9-4a90-9ac8-4a883fe1ef8a",
    "data": [
      {
        "text": "story",
        "userDefined": false
      }
    ],
    "isTemplate": false,
    "count": 0,
    "updated": 1528392470
  },
  {
    "id": "dc3bec67-9e6e-41ed-b41a-4eaf3fd4248d",
    "data": [
      {
        "text": "what is the movie about",
        "userDefined": false
      }
    ],
    "isTemplate": false,
    "count": 0,
    "updated": 1528392470
  }
]