[
  {
    "id": "c6b2d850-b1f1-4109-8de2-a9523f06401c",
    "data": [
      {
        "text": "semester fees",
        "userDefined": false
      }
    ],
    "isTemplate": false,
    "count": 0,
    "updated": 1524305245
  },
  {
    "id": "d40127c2-a5f9-4f6f-a896-f0aa82a06ccf",
    "data": [
      {
        "text": "installment of fees",
        "userDefined": false
      }
    ],
    "isTemplate": false,
    "count": 0,
    "updated": 1524305245
  },
  {
    "id": "eba727e0-397d-42d0-abcc-91dfa3435c95",
    "data": [
      {
        "text": "will the fee for ",
        "userDefined": false
      },
      {
        "text": "all the four years",
        "alias": "date-period",
        "meta": "@sys.date-period",
        "userDefined": false
      },
      {
        "text": " will be same?",
        "userDefined": false
      }
    ],
    "isTemplate": false,
    "count": 0,
    "updated": 1525074096
  },
  {
    "id": "083a5d00-29f5-46c9-abdb-7b536ad7054e",
    "data": [
      {
        "text": "fees",
        "userDefined": false
      }
    ],
    "isTemplate": false,
    "count": 0,
    "updated": 1524305245
  },
  {
    "id": "735a937e-7fe7-4947-a67f-6f856933a75c",
    "data": [
      {
        "text": "fee refund",
        "userDefined": false
      }
    ],
    "isTemplate": false,
    "count": 0,
    "updated": 1524305245
  },
  {
    "id": "1f8f9c2f-490e-4c9e-b5d8-e76adfde79f9",
    "data": [
      {
        "text": "will fees for ",
        "userDefined": false
      },
      {
        "text": "all four year",
        "alias": "date-period",
        "meta": "@sys.date-period",
        "userDefined": false
      }
    ],
    "isTemplate": false,
    "count": 0,
    "updated": 1525074096
  },
  {
    "id": "988f841d-d2fc-4735-a9c2-de27aaaa20a7",
    "data": [
      {
        "text": "status of fees",
        "userDefined": false
      }
    ],
    "isTemplate": false,
    "count": 0,
    "updated": 1524305245
  },
  {
    "id": "e4a31aca-04ef-46b5-b34f-c50def336bf7",
    "data": [
      {
        "text": "jecrc",
        "alias": "college",
        "meta": "@college",
        "userDefined": false
      },
      {
        "text": " fees",
        "userDefined": false
      }
    ],
    "isTemplate": false,
    "count": 0,
    "updated": 1524305245
  }
]