[
  {
    "id": "71008286-5d19-42a6-8749-ef0ba783a710",
    "data": [
      {
        "text": "fest",
        "userDefined": false
      }
    ],
    "isTemplate": false,
    "count": 0,
    "updated": 1523779551
  },
  {
    "id": "e06b2cde-bd79-40a7-8b20-9f6cdbe79d0a",
    "data": [
      {
        "text": "renaissance",
        "userDefined": false
      }
    ],
    "isTemplate": false,
    "count": 0,
    "updated": 1523779551
  },
  {
    "id": "1331baaf-95df-4038-bf94-201fbab069ed",
    "data": [
      {
        "text": "college fest",
        "userDefined": false
      }
    ],
    "isTemplate": false,
    "count": 0,
    "updated": 1524303726
  },
  {
    "id": "5edcb977-55fa-42ae-9060-49d781445e7d",
    "data": [
      {
        "text": "renisa",
        "userDefined": false
      }
    ],
    "isTemplate": false,
    "count": 0,
    "updated": 1523779551
  },
  {
    "id": "2ededd92-2590-4ec2-a2d3-bc9b990c2696",
    "data": [
      {
        "text": "cultural fest",
        "userDefined": false
      }
    ],
    "isTemplate": false,
    "count": 0,
    "updated": 1523779551
  },
  {
    "id": "fb9ada10-01d1-4009-9db6-34c79fca6d06",
    "data": [
      {
        "text": "renaisa",
        "userDefined": false
      }
    ],
    "isTemplate": false,
    "count": 0,
    "updated": 1523779551
  }
]