[
  {
    "id": "67fc079a-c267-4d16-be19-a139aa72b669",
    "data": [
      {
        "text": "once more",
        "userDefined": false
      }
    ],
    "isTemplate": false,
    "count": 0,
    "updated": 1524566195
  },
  {
    "id": "1f215e2a-200f-43a6-aba5-158b945a761f",
    "data": [
      {
        "text": "one more time please",
        "userDefined": false
      }
    ],
    "isTemplate": false,
    "count": 0,
    "updated": 1524566195
  },
  {
    "id": "c2a8db0d-671b-4ad6-b8f5-985da8f3059b",
    "data": [
      {
        "text": "can you repeat ",
        "userDefined": false
      },
      {
        "text": "it",
        "meta": "@sys.ignore",
        "userDefined": false
      },
      {
        "text": " again",
        "userDefined": false
      }
    ],
    "isTemplate": false,
    "count": 0,
    "updated": 1524566195
  },
  {
    "id": "e7ee2645-19e6-4c1c-ac39-50c2f618adb1",
    "data": [
      {
        "text": "say ",
        "userDefined": false
      },
      {
        "text": "it",
        "alias": "branches",
        "meta": "@branches",
        "userDefined": false
      },
      {
        "text": " again",
        "userDefined": false
      }
    ],
    "isTemplate": false,
    "count": 0,
    "updated": 1524566195
  },
  {
    "id": "270ad1be-baeb-4744-b731-a33742e6fcf4",
    "data": [
      {
        "text": "again please",
        "userDefined": false
      }
    ],
    "isTemplate": false,
    "count": 0,
    "updated": 1524566195
  },
  {
    "id": "893d13ef-b27e-4970-86bf-941e1c1c6a8c",
    "data": [
      {
        "text": "repeat ",
        "userDefined": false
      },
      {
        "text": "it",
        "alias": "branches",
        "meta": "@branches",
        "userDefined": false
      }
    ],
    "isTemplate": false,
    "count": 0,
    "updated": 1524566195
  },
  {
    "id": "7c12defc-c54a-43d4-ace9-51277232c806",
    "data": [
      {
        "text": "can you please tell that  again",
        "userDefined": false
      }
    ],
    "isTemplate": false,
    "count": 0,
    "updated": 1524566195
  }
]