[
  {
    "id": "7f2fd0a5-e68c-44dd-9ee7-12dab20850ed",
    "data": [
      {
        "text": "say ",
        "userDefined": false
      },
      {
        "text": "it",
        "meta": "@sys.ignore",
        "userDefined": false
      },
      {
        "text": " again",
        "userDefined": false
      }
    ],
    "isTemplate": false,
    "count": 0,
    "updated": 1527162960
  },
  {
    "id": "c79cc82c-bcdb-41f6-813e-d28c6e611e12",
    "data": [
      {
        "text": "can you say ",
        "userDefined": false
      },
      {
        "text": "it",
        "meta": "@sys.ignore",
        "userDefined": false
      },
      {
        "text": " again",
        "userDefined": false
      }
    ],
    "isTemplate": false,
    "count": 0,
    "updated": 1527162960
  },
  {
    "id": "58c67826-4408-4c8a-b6a9-94fb704cda1d",
    "data": [
      {
        "text": "sorry",
        "userDefined": false
      }
    ],
    "isTemplate": false,
    "count": 0,
    "updated": 1527162960
  },
  {
    "id": "786db0cf-39a1-4954-affa-ab4dad2c9a1a",
    "data": [
      {
        "text": "repeat ",
        "userDefined": false
      },
      {
        "text": "it",
        "meta": "@sys.ignore",
        "userDefined": false
      }
    ],
    "isTemplate": false,
    "count": 0,
    "updated": 1527162960
  }
]