[
  {
    "id": "6f5e8c83-d593-43e4-a934-20d8e78da0b2",
    "data": [
      {
        "text": "fun activities",
        "userDefined": false
      }
    ],
    "isTemplate": false,
    "count": 0,
    "updated": 1523718472
  },
  {
    "id": "ee3d3a77-a7d8-46f9-a927-1b88a42947a7",
    "data": [
      {
        "text": "extra activity",
        "userDefined": false
      }
    ],
    "isTemplate": false,
    "count": 0,
    "updated": 1525076351
  },
  {
    "id": "018482ec-1312-4632-b916-035d15422549",
    "data": [
      {
        "text": "activities",
        "userDefined": false
      }
    ],
    "isTemplate": false,
    "count": 0,
    "updated": 1523718472
  },
  {
    "id": "f9dd7851-bfcb-4e15-8610-ceb409d4c429",
    "data": [
      {
        "text": "academics",
        "userDefined": false
      }
    ],
    "isTemplate": false,
    "count": 0,
    "updated": 1525073531
  },
  {
    "id": "8e746d86-0564-4a42-b08c-719eceeaeb92",
    "data": [
      {
        "text": "extra co curricular",
        "userDefined": false
      }
    ],
    "isTemplate": false,
    "count": 0,
    "updated": 1523718472
  },
  {
    "id": "1df614e8-4289-42f3-9ade-4aab59cfebec",
    "data": [
      {
        "text": "social activities",
        "userDefined": false
      }
    ],
    "isTemplate": false,
    "count": 0,
    "updated": 1523792083
  },
  {
    "id": "89874af5-c822-4ec9-adac-e65eda8a709b",
    "data": [
      {
        "text": "events and workshops",
        "userDefined": false
      }
    ],
    "isTemplate": false,
    "count": 0,
    "updated": 1523875417
  }
]