[
  {
    "id": "ead9e02c-4969-4386-935e-11d067fba314",
    "data": [
      {
        "text": "mail of ",
        "userDefined": false
      },
      {
        "text": "college",
        "alias": "college",
        "meta": "@college",
        "userDefined": false
      }
    ],
    "isTemplate": false,
    "count": 0,
    "updated": 1524565806
  },
  {
    "id": "e9a30e97-c02d-45ac-8b92-bc7646d2e7e5",
    "data": [
      {
        "text": "g mail of ",
        "userDefined": false
      },
      {
        "text": "college",
        "alias": "college",
        "meta": "@college",
        "userDefined": false
      }
    ],
    "isTemplate": false,
    "count": 0,
    "updated": 1524565806
  },
  {
    "id": "996e3849-1053-4aa6-bbac-721e16bbd90c",
    "data": [
      {
        "text": "e mail of ",
        "userDefined": false
      },
      {
        "text": "college",
        "alias": "college",
        "meta": "@college",
        "userDefined": false
      }
    ],
    "isTemplate": false,
    "count": 0,
    "updated": 1524565806
  },
  {
    "id": "910d4737-8b6b-4497-8947-4d72d6fb22fe",
    "data": [
      {
        "text": "email id",
        "userDefined": false
      }
    ],
    "isTemplate": false,
    "count": 0,
    "updated": 1524565806
  }
]