[
  {
    "id": "98ee7e9e-3708-46e1-a7bd-139c2c83f674",
    "data": [
      {
        "text": "sports played in jecrc",
        "userDefined": false
      }
    ],
    "isTemplate": false,
    "count": 0,
    "updated": 1527359249
  },
  {
    "id": "6c64170c-030b-4dd6-a612-21388a23e495",
    "data": [
      {
        "text": "sports facility in jecrc",
        "userDefined": false
      }
    ],
    "isTemplate": false,
    "count": 0,
    "updated": 1527359196
  },
  {
    "id": "78a6d7d7-ff5d-4c6d-8233-ce81143c8a4c",
    "data": [
      {
        "text": "games",
        "userDefined": false
      }
    ],
    "isTemplate": false,
    "count": 0,
    "updated": 1527359196
  },
  {
    "id": "c809fdaf-e053-4179-884c-5fac7cff53c7",
    "data": [
      {
        "text": "sports",
        "userDefined": false
      }
    ],
    "isTemplate": false,
    "count": 0,
    "updated": 1527359196
  },
  {
    "id": "855bd5d8-23a3-47a8-b5db-6657e68f71da",
    "data": [
      {
        "text": "games played at jecrc",
        "userDefined": false
      }
    ],
    "isTemplate": false,
    "count": 0,
    "updated": 1527359249
  }
]