[
  {
    "id": "c187ec2f-530a-499a-ac84-f32d0dc4f120",
    "data": [
      {
        "text": "one more time",
        "userDefined": false
      }
    ],
    "isTemplate": false,
    "count": 0,
    "updated": 1524565871
  },
  {
    "id": "b9c94747-60de-4d35-9c65-678d596a6820",
    "data": [
      {
        "text": "repeat ",
        "userDefined": false
      },
      {
        "text": "it",
        "meta": "@sys.ignore",
        "userDefined": false
      }
    ],
    "isTemplate": false,
    "count": 0,
    "updated": 1524565871
  },
  {
    "id": "1a2a8fb3-7e54-4acd-8d85-7e4f209149c3",
    "data": [
      {
        "text": "can you  please repeat ",
        "userDefined": false
      },
      {
        "text": "it",
        "meta": "@sys.ignore",
        "userDefined": false
      },
      {
        "text": " again",
        "userDefined": false
      }
    ],
    "isTemplate": false,
    "count": 0,
    "updated": 1524565871
  },
  {
    "id": "bd408c64-bd27-453a-b2f2-167c45995112",
    "data": [
      {
        "text": "once more",
        "userDefined": false
      }
    ],
    "isTemplate": false,
    "count": 0,
    "updated": 1524565871
  },
  {
    "id": "8622645b-8f22-4a4a-a1e6-cb2e083cd88f",
    "data": [
      {
        "text": "pardon",
        "userDefined": false
      }
    ],
    "isTemplate": false,
    "count": 0,
    "updated": 1524565871
  },
  {
    "id": "601dc1b2-5a9b-417d-8d74-2cadafa7e64f",
    "data": [
      {
        "text": "say ",
        "userDefined": false
      },
      {
        "text": "it",
        "meta": "@sys.ignore",
        "userDefined": false
      },
      {
        "text": " again",
        "userDefined": false
      }
    ],
    "isTemplate": false,
    "count": 0,
    "updated": 1524565871
  },
  {
    "id": "6c01d353-83c8-497f-9f98-d90c75e935fb",
    "data": [
      {
        "text": "again",
        "userDefined": false
      }
    ],
    "isTemplate": false,
    "count": 0,
    "updated": 1524565871
  }
]