[
  {
    "id": "8eb3f41c-3eaa-4991-9fa0-c009e5925792",
    "data": [
      {
        "text": "gate",
        "userDefined": false
      }
    ],
    "isTemplate": false,
    "count": 0,
    "updated": 1524840603
  },
  {
    "id": "537065df-373e-4e86-97be-c6a2c4365bd3",
    "data": [
      {
        "text": "gate qualifiers from ",
        "userDefined": false
      },
      {
        "text": "jecrc",
        "alias": "college",
        "meta": "@college",
        "userDefined": false
      },
      {
        "text": "?",
        "userDefined": false
      }
    ],
    "isTemplate": false,
    "count": 0,
    "updated": 1524840603
  },
  {
    "id": "86eae932-2668-4117-9cf1-4315c8bc4d3b",
    "data": [
      {
        "text": "gate qualifying",
        "userDefined": false
      }
    ],
    "isTemplate": false,
    "count": 0,
    "updated": 1524840603
  }
]