[
  {
    "id": "70cd23ec-94da-42e7-bc36-ffb8859fe83f",
    "data": [
      {
        "text": "again",
        "userDefined": false
      }
    ],
    "isTemplate": false,
    "count": 0,
    "updated": 1524845046
  },
  {
    "id": "89a70474-29b8-4bdc-ad1d-ee50d899f5e1",
    "data": [
      {
        "text": "pardon",
        "userDefined": false
      }
    ],
    "isTemplate": false,
    "count": 0,
    "updated": 1524845046
  },
  {
    "id": "b0851b25-65bf-4001-9957-3b87ab44e787",
    "data": [
      {
        "text": "repeat",
        "userDefined": false
      }
    ],
    "isTemplate": false,
    "count": 0,
    "updated": 1524845046
  },
  {
    "id": "6ad82f83-4333-4453-9788-4d2dd229f466",
    "data": [
      {
        "text": "sorry",
        "userDefined": false
      }
    ],
    "isTemplate": false,
    "count": 0,
    "updated": 1524845046
  },
  {
    "id": "4de9de5b-c1d0-4dee-ad0c-a98d6c4a86cd",
    "data": [
      {
        "text": "repeat ",
        "userDefined": false
      },
      {
        "text": "it",
        "meta": "@sys.ignore",
        "userDefined": false
      },
      {
        "text": " again",
        "userDefined": false
      }
    ],
    "isTemplate": false,
    "count": 0,
    "updated": 1524845046
  }
]