[
  {
    "id": "89402aea-d0e0-444f-a9ea-0f06654ac0ac",
    "data": [
      {
        "text": "Geeks and Guttons",
        "userDefined": false
      }
    ],
    "isTemplate": false,
    "count": 0,
    "updated": 1524845585
  },
  {
    "id": "09149dc3-5670-41d5-80af-2cdbe3536c96",
    "data": [
      {
        "text": "G and G",
        "userDefined": false
      }
    ],
    "isTemplate": false,
    "count": 0,
    "updated": 1524845585
  },
  {
    "id": "de0a3bdb-bb5d-4b9d-8bcc-f8306e75fe62",
    "data": [
      {
        "text": "food facility at ",
        "userDefined": false
      },
      {
        "text": "jecrc",
        "alias": "college",
        "meta": "@college",
        "userDefined": false
      }
    ],
    "isTemplate": false,
    "count": 0,
    "updated": 1524845585
  },
  {
    "id": "ea586785-db3c-47e8-a5cf-5d76a7bf11a1",
    "data": [
      {
        "text": "food court",
        "meta": "@sys.ignore",
        "userDefined": false
      }
    ],
    "isTemplate": false,
    "count": 0,
    "updated": 1524845585
  },
  {
    "id": "4c00bdb7-f220-444a-acc4-ed19d0ba46e7",
    "data": [
      {
        "text": "food facility in campus",
        "userDefined": false
      }
    ],
    "isTemplate": false,
    "count": 0,
    "updated": 1524845585
  },
  {
    "id": "dc451e14-ac95-45f6-81c7-0d7070d308ac",
    "data": [
      {
        "text": "food stall",
        "userDefined": false
      }
    ],
    "isTemplate": false,
    "count": 0,
    "updated": 1524845585
  },
  {
    "id": "692d3609-570f-48ed-bdc5-7dfd8f9c37c0",
    "data": [
      {
        "text": "g n g",
        "userDefined": false
      }
    ],
    "isTemplate": false,
    "count": 0,
    "updated": 1524845585
  }
]