[
  {
    "id": "9cca0543-1305-47d2-9a4d-07a6f94edb1b",
    "data": [
      {
        "text": "sorry",
        "userDefined": false
      }
    ],
    "isTemplate": false,
    "count": 0,
    "updated": 1523683711
  },
  {
    "id": "f1ec2d4f-74cd-407a-9dba-b15d18dc7c89",
    "data": [
      {
        "text": "repeat ",
        "userDefined": false
      },
      {
        "text": "it",
        "meta": "@sys.ignore",
        "userDefined": false
      },
      {
        "text": " again",
        "userDefined": false
      }
    ],
    "isTemplate": false,
    "count": 0,
    "updated": 1523683711
  },
  {
    "id": "6da43ec0-0c4d-4d0a-a7fd-cb60fc58ed4b",
    "data": [
      {
        "text": "pardon",
        "userDefined": false
      }
    ],
    "isTemplate": false,
    "count": 0,
    "updated": 1523683711
  },
  {
    "id": "1212c8a6-d05c-460a-bb8a-adfc009253e2",
    "data": [
      {
        "text": "again",
        "userDefined": false
      }
    ],
    "isTemplate": false,
    "count": 0,
    "updated": 1523683711
  },
  {
    "id": "83f882c3-1711-4a3a-8920-cbcf5cd2d585",
    "data": [
      {
        "text": "repeat",
        "userDefined": false
      }
    ],
    "isTemplate": false,
    "count": 0,
    "updated": 1523683711
  }
]