[
  {
    "id": "df5b67f4-cd71-470b-99df-eccc8282aa90",
    "data": [
      {
        "text": "food stall",
        "userDefined": false
      }
    ],
    "isTemplate": false,
    "count": 0,
    "updated": 1523683630
  },
  {
    "id": "f4ca9b55-fd79-4cf8-b3f5-2e663576e6ff",
    "data": [
      {
        "text": "g n g",
        "userDefined": false
      }
    ],
    "isTemplate": false,
    "count": 0,
    "updated": 1523683630
  },
  {
    "id": "ba22f02d-9098-401f-a9c2-48f6be636ce8",
    "data": [
      {
        "text": "food court",
        "meta": "@sys.ignore",
        "userDefined": false
      }
    ],
    "isTemplate": false,
    "count": 0,
    "updated": 1523683630
  },
  {
    "id": "7e92bdc4-0da3-48f9-9bbd-2714cf7918d6",
    "data": [
      {
        "text": "Geeks and Guttons",
        "userDefined": false
      }
    ],
    "isTemplate": false,
    "count": 0,
    "updated": 1523683630
  },
  {
    "id": "61a79c82-9b87-4daa-a8cf-0c7819f8d5b1",
    "data": [
      {
        "text": "G and G",
        "userDefined": false
      }
    ],
    "isTemplate": false,
    "count": 0,
    "updated": 1523683630
  }
]