[
  {
    "id": "dd78a2a7-c6b1-41d8-ac07-9f4ea54c5464",
    "data": [
      {
        "text": "Good morning",
        "userDefined": false
      }
    ],
    "isTemplate": false,
    "count": 0,
    "updated": 1527953588
  },
  {
    "id": "ee64fbdc-4954-4a3f-ab20-e8fbbcb46f2e",
    "data": [
      {
        "text": "Gyani good morning",
        "userDefined": false
      }
    ],
    "isTemplate": false,
    "count": 0,
    "updated": 1527953995
  },
  {
    "id": "5921f3e6-5245-443a-9cde-005bf8e4855a",
    "data": [
      {
        "text": "Gyaniji good morning",
        "userDefined": false
      }
    ],
    "isTemplate": false,
    "count": 0,
    "updated": 1527953995
  },
  {
    "id": "52801ffe-4e61-40f5-94d0-f71aa86b0438",
    "data": [
      {
        "text": "Gyani ",
        "userDefined": false
      },
      {
        "text": "1.0",
        "meta": "@sys.ignore",
        "userDefined": false
      },
      {
        "text": " good morning",
        "userDefined": false
      }
    ],
    "isTemplate": false,
    "count": 0,
    "updated": 1527953995
  }
]