[
  {
    "id": "d90bed73-3053-4a48-9beb-74cecaef223e",
    "data": [
      {
        "text": "repeat ",
        "userDefined": false
      },
      {
        "text": "it",
        "meta": "@sys.ignore",
        "userDefined": false
      }
    ],
    "isTemplate": false,
    "count": 0,
    "updated": 1524564314
  },
  {
    "id": "694c32ff-8fe1-46ea-bc9a-c11e2b13340b",
    "data": [
      {
        "text": "again please",
        "userDefined": false
      }
    ],
    "isTemplate": false,
    "count": 0,
    "updated": 1524564314
  },
  {
    "id": "0fd84dbe-5256-4d4b-8400-bd2cf5c01f45",
    "data": [
      {
        "text": "one more time",
        "userDefined": false
      }
    ],
    "isTemplate": false,
    "count": 0,
    "updated": 1524564314
  },
  {
    "id": "ca3650a8-fc08-4b41-88e5-bdcaac629212",
    "data": [
      {
        "text": "once again",
        "userDefined": false
      }
    ],
    "isTemplate": false,
    "count": 0,
    "updated": 1524564314
  },
  {
    "id": "612598fb-9417-4e3d-a9d0-acb1b85c3264",
    "data": [
      {
        "text": "say ",
        "userDefined": false
      },
      {
        "text": "it",
        "meta": "@sys.ignore",
        "userDefined": false
      },
      {
        "text": " again",
        "userDefined": false
      }
    ],
    "isTemplate": false,
    "count": 0,
    "updated": 1524564314
  }
]