[
  {
    "id": "240eb07e-c08f-45f6-b538-8b8b43b28f12",
    "data": [
      {
        "text": "pardon",
        "userDefined": false
      }
    ],
    "isTemplate": false,
    "count": 0,
    "updated": 1527158655
  },
  {
    "id": "07f0fa64-8b75-45ae-abb5-f4e07629aa49",
    "data": [
      {
        "text": "sorry repeat ",
        "userDefined": false
      },
      {
        "text": "it",
        "meta": "@sys.ignore",
        "userDefined": false
      },
      {
        "text": " again",
        "userDefined": false
      }
    ],
    "isTemplate": false,
    "count": 0,
    "updated": 1527158655
  },
  {
    "id": "6060c8b3-4af5-447e-a517-d93b01c4b67a",
    "data": [
      {
        "text": "please once more",
        "userDefined": false
      }
    ],
    "isTemplate": false,
    "count": 0,
    "updated": 1527158655
  },
  {
    "id": "ee5d4b06-2bb4-4562-b98e-440c8e558e4e",
    "data": [
      {
        "text": "can you speak slowly",
        "userDefined": false
      }
    ],
    "isTemplate": false,
    "count": 0,
    "updated": 1527158655
  },
  {
    "id": "bbf8357f-96fb-4146-a2ef-093db02e89db",
    "data": [
      {
        "text": "repeat ",
        "userDefined": false
      },
      {
        "text": "it",
        "meta": "@sys.ignore",
        "userDefined": false
      }
    ],
    "isTemplate": false,
    "count": 0,
    "updated": 1527158655
  },
  {
    "id": "694654c8-5c01-4b51-aec0-94d36ad66ae1",
    "data": [
      {
        "text": "say ",
        "userDefined": false
      },
      {
        "text": "it",
        "meta": "@sys.ignore",
        "userDefined": false
      },
      {
        "text": " again",
        "userDefined": false
      }
    ],
    "isTemplate": false,
    "count": 0,
    "updated": 1527158655
  },
  {
    "id": "da1426aa-f93f-4f2c-aada-1f2a2e3c2306",
    "data": [
      {
        "text": "what",
        "userDefined": false
      }
    ],
    "isTemplate": false,
    "count": 0,
    "updated": 1527158655
  },
  {
    "id": "93822ad4-5283-4fc5-8880-31b799864faa",
    "data": [
      {
        "text": "say ",
        "userDefined": false
      },
      {
        "text": "it",
        "meta": "@sys.ignore",
        "userDefined": false
      },
      {
        "text": " once more",
        "userDefined": false
      }
    ],
    "isTemplate": false,
    "count": 0,
    "updated": 1527158655
  }
]