[
  {
    "id": "86588aaf-50f3-4e6f-8509-47701b9b193e",
    "data": [
      {
        "text": "grounds",
        "alias": "ground",
        "meta": "@ground",
        "userDefined": false
      }
    ],
    "isTemplate": false,
    "count": 0,
    "updated": 1523458415
  },
  {
    "id": "c64d89f5-37cb-4a00-aa59-e2ef104fed20",
    "data": [
      {
        "text": "courts",
        "userDefined": false
      }
    ],
    "isTemplate": false,
    "count": 0,
    "updated": 1523458415
  },
  {
    "id": "25dda888-0b04-47ad-976d-e4d14e50feb0",
    "data": [
      {
        "text": "ground",
        "userDefined": false
      }
    ],
    "isTemplate": false,
    "count": 0,
    "updated": 1523457350
  },
  {
    "id": "ced8a667-1a67-4c4e-9d15-65f18296aa0c",
    "data": [
      {
        "text": "court",
        "userDefined": false
      }
    ],
    "isTemplate": false,
    "count": 0,
    "updated": 1523458415
  }
]