[
  {
    "id": "850447c1-1abb-47a9-9036-ceae378426b0",
    "data": [
      {
        "text": "sorry repeat ",
        "userDefined": false
      },
      {
        "text": "it",
        "meta": "@sys.ignore",
        "userDefined": false
      },
      {
        "text": " again",
        "userDefined": false
      }
    ],
    "isTemplate": false,
    "count": 0,
    "updated": 1523683789
  },
  {
    "id": "56cbe79b-ddad-45a9-81a9-e53fa50436ea",
    "data": [
      {
        "text": "repeat",
        "userDefined": false
      }
    ],
    "isTemplate": false,
    "count": 0,
    "updated": 1523456628
  },
  {
    "id": "15f19d46-7b1f-4aa9-8bc7-a63b9c288b75",
    "data": [
      {
        "text": "pardon",
        "userDefined": false
      }
    ],
    "isTemplate": false,
    "count": 0,
    "updated": 1523456628
  }
]