[
  {
    "id": "60d2b1e8-49b8-48c5-bb9a-f130b19e9b2a",
    "data": [
      {
        "text": "groups",
        "userDefined": false
      }
    ],
    "isTemplate": false,
    "count": 0,
    "updated": 1524846149
  },
  {
    "id": "dcf68008-b3eb-4442-b601-939b16f96405",
    "data": [
      {
        "text": "cultural groups",
        "userDefined": false
      }
    ],
    "isTemplate": false,
    "count": 0,
    "updated": 1525076052
  },
  {
    "id": "edc22cd3-5374-4c26-9e73-f9f0d5edc68a",
    "data": [
      {
        "text": "something about different cultural groups of ",
        "userDefined": false
      },
      {
        "text": "this college",
        "alias": "college",
        "meta": "@college",
        "userDefined": false
      }
    ],
    "isTemplate": false,
    "count": 0,
    "updated": 1525076052
  },
  {
    "id": "fffb331a-79a9-48d2-92f8-1f9da73ce3d3",
    "data": [
      {
        "text": "clubs",
        "userDefined": false
      }
    ],
    "isTemplate": false,
    "count": 0,
    "updated": 1524846149
  }
]