[
  {
    "id": "fe8e7197-bd39-4d54-9adf-cd70a474cc40",
    "data": [
      {
        "text": "repeat",
        "userDefined": false
      }
    ],
    "isTemplate": false,
    "count": 0,
    "updated": 1523456628
  },
  {
    "id": "f5a56b37-3a20-4b9a-b14c-e96181fd05ba",
    "data": [
      {
        "text": "sorry repeat ",
        "userDefined": false
      },
      {
        "text": "it",
        "meta": "@sys.ignore",
        "userDefined": false
      },
      {
        "text": " again",
        "userDefined": false
      }
    ],
    "isTemplate": false,
    "count": 0,
    "updated": 1523683789
  },
  {
    "id": "98d1a516-9c9b-4b4d-ae74-3573ba45b668",
    "data": [
      {
        "text": "pardon",
        "userDefined": false
      }
    ],
    "isTemplate": false,
    "count": 0,
    "updated": 1523456628
  }
]