[
  {
    "id": "ceaa0734-c0db-4d22-a866-04859ce8c986",
    "data": [
      {
        "text": "courts",
        "userDefined": false
      }
    ],
    "isTemplate": false,
    "count": 0,
    "updated": 1523458415
  },
  {
    "id": "0c102251-164b-4a75-81d1-2976d31c9da5",
    "data": [
      {
        "text": "ground",
        "userDefined": false
      }
    ],
    "isTemplate": false,
    "count": 0,
    "updated": 1523457350
  },
  {
    "id": "81538db9-2bef-4a1d-9405-043d94f50e72",
    "data": [
      {
        "text": "court",
        "userDefined": false
      }
    ],
    "isTemplate": false,
    "count": 0,
    "updated": 1523458415
  },
  {
    "id": "804345b3-7c01-46cb-ba50-3b7281edc4c4",
    "data": [
      {
        "text": "grounds",
        "alias": "ground",
        "meta": "@ground",
        "userDefined": false
      }
    ],
    "isTemplate": false,
    "count": 0,
    "updated": 1523458415
  }
]