[
  {
    "id": "faefe443-db4b-490f-a78d-74bc642b669d",
    "data": [
      {
        "text": "gyani ji good ",
        "userDefined": false
      },
      {
        "text": "afternoon",
        "meta": "@sys.ignore",
        "userDefined": false
      }
    ],
    "isTemplate": false,
    "count": 0,
    "updated": 1528224691
  },
  {
    "id": "9a87644b-e574-4665-b97f-15ceff42990f",
    "data": [
      {
        "text": "gyani ",
        "userDefined": false
      },
      {
        "text": "1.0",
        "meta": "@sys.ignore",
        "userDefined": false
      },
      {
        "text": " good ",
        "userDefined": false
      },
      {
        "text": "afternoon",
        "meta": "@sys.ignore",
        "userDefined": false
      }
    ],
    "isTemplate": false,
    "count": 0,
    "updated": 1528224464
  },
  {
    "id": "d20453ce-dcc3-488f-8b39-335039f7ba43",
    "data": [
      {
        "text": "good ",
        "userDefined": false
      },
      {
        "text": "afternoon",
        "meta": "@sys.ignore",
        "userDefined": false
      }
    ],
    "isTemplate": false,
    "count": 0,
    "updated": 1528224464
  }
]