[
  {
    "id": "654d0d2c-25c6-46d6-aac2-ed3d18a2e43d",
    "data": [
      {
        "text": "Good evening",
        "userDefined": false
      }
    ],
    "isTemplate": false,
    "count": 0,
    "updated": 1527954557
  },
  {
    "id": "abc8d606-446a-45a4-8eae-256f91ece0f7",
    "data": [
      {
        "text": "Gyani ",
        "userDefined": false
      },
      {
        "text": "1.0",
        "meta": "@sys.ignore",
        "userDefined": false
      },
      {
        "text": " good evening",
        "userDefined": false
      }
    ],
    "isTemplate": false,
    "count": 0,
    "updated": 1527954557
  }
]