[
  {
    "id": "7ff2df00-ad75-44c3-b4c2-bac42442e126",
    "data": [
      {
        "text": "sih",
        "userDefined": false
      }
    ],
    "isTemplate": false,
    "count": 0,
    "updated": 1524846544
  },
  {
    "id": "c85919a0-7797-4a6e-8dbb-93e03bfa4487",
    "data": [
      {
        "text": "smart ",
        "userDefined": false
      },
      {
        "text": "india",
        "meta": "@sys.ignore",
        "userDefined": false
      },
      {
        "text": " hackathon",
        "userDefined": false
      }
    ],
    "isTemplate": false,
    "count": 0,
    "updated": 1524846544
  },
  {
    "id": "3d1587c6-37e7-43e6-b7f5-971679ad00a9",
    "data": [
      {
        "text": "hackathon",
        "meta": "@sys.ignore",
        "userDefined": false
      }
    ],
    "isTemplate": false,
    "count": 0,
    "updated": 1524846544
  }
]