[
  {
    "id": "f8c744bb-bfa6-41f3-b8c8-892470d289c2",
    "data": [
      {
        "text": "hostel fee",
        "userDefined": false
      }
    ],
    "isTemplate": false,
    "count": 0,
    "updated": 1524309570
  },
  {
    "id": "6beefb55-7336-4b3d-b447-0ccd982f1733",
    "data": [
      {
        "text": "food facility at hostel",
        "userDefined": false
      }
    ],
    "isTemplate": false,
    "count": 0,
    "updated": 1524309570
  },
  {
    "id": "62a337eb-5c39-4e10-b0d2-f92dd3f3835b",
    "data": [
      {
        "text": "contact no. of hostel",
        "userDefined": false
      }
    ],
    "isTemplate": false,
    "count": 0,
    "updated": 1524309570
  },
  {
    "id": "55c6c083-2d0f-4c6d-9a57-605980df22eb",
    "data": [
      {
        "text": "hostel food",
        "userDefined": false
      }
    ],
    "isTemplate": false,
    "count": 0,
    "updated": 1524309570
  },
  {
    "id": "3a6d30d5-95a3-4bc0-b89b-fb1c1190da35",
    "data": [
      {
        "text": "food at jecrc hostel",
        "userDefined": false
      }
    ],
    "isTemplate": false,
    "count": 0,
    "updated": 1524309570
  },
  {
    "id": "d2cba697-cc3a-404b-9057-d7e2ba6f29b7",
    "data": [
      {
        "text": "menu of mess",
        "userDefined": false
      }
    ],
    "isTemplate": false,
    "count": 0,
    "updated": 1524309570
  },
  {
    "id": "b84420f3-2815-42a3-8ac1-4a7bf36be3a4",
    "data": [
      {
        "text": "head hostel",
        "userDefined": false
      }
    ],
    "isTemplate": false,
    "count": 0,
    "updated": 1524309570
  },
  {
    "id": "aa8837f1-5a7b-4ddc-a3a0-0652d6c64a96",
    "data": [
      {
        "text": "hostel",
        "userDefined": false
      }
    ],
    "isTemplate": false,
    "count": 0,
    "updated": 1524309570
  }
]