[
  {
    "id": "929c89d1-ba68-4a85-803a-4c15aa56f907",
    "data": [
      {
        "text": "sorry",
        "userDefined": false
      }
    ],
    "isTemplate": false,
    "count": 0,
    "updated": 1523693196
  },
  {
    "id": "c0b30030-2f6d-4d1f-93c9-e4c959b0e658",
    "data": [
      {
        "text": "can you say ",
        "userDefined": false
      },
      {
        "text": "it",
        "meta": "@sys.ignore",
        "userDefined": false
      },
      {
        "text": " again",
        "userDefined": false
      }
    ],
    "isTemplate": false,
    "count": 0,
    "updated": 1523693196
  },
  {
    "id": "f827ef8c-1aa8-453b-9bef-e6ee1ee65399",
    "data": [
      {
        "text": "pardon",
        "userDefined": false
      }
    ],
    "isTemplate": false,
    "count": 1,
    "updated": 1523693196
  },
  {
    "id": "67389392-1d71-45b5-965e-151ebbfb943c",
    "data": [
      {
        "text": "repeat",
        "userDefined": false
      }
    ],
    "isTemplate": false,
    "count": 0,
    "updated": 1523693196
  },
  {
    "id": "4dacd464-0909-4f52-b78c-bf1be39782aa",
    "data": [
      {
        "text": "what",
        "userDefined": false
      }
    ],
    "isTemplate": false,
    "count": 0,
    "updated": 1523693196
  }
]