[
  {
    "id": "0e77feaa-7ec5-4b39-b794-15d2f390b384",
    "data": [
      {
        "text": "hostel",
        "userDefined": false
      }
    ],
    "isTemplate": false,
    "count": 0,
    "updated": 1523633036
  },
  {
    "id": "dc7b1896-fd7b-40fa-8e1e-c8135dc3682a",
    "data": [
      {
        "text": "hostel fee",
        "userDefined": false
      }
    ],
    "isTemplate": false,
    "count": 0,
    "updated": 1523633036
  },
  {
    "id": "012ee3d8-a618-440c-957a-d7fe8393ed07",
    "data": [
      {
        "text": "head hostel",
        "userDefined": false
      }
    ],
    "isTemplate": false,
    "count": 0,
    "updated": 1523633036
  },
  {
    "id": "7c283008-d3eb-478e-8ee2-1678651a703f",
    "data": [
      {
        "text": "contact no. of hostel",
        "userDefined": false
      }
    ],
    "isTemplate": false,
    "count": 0,
    "updated": 1523633036
  }
]