[
  {
    "id": "af6bc47d-6ef1-4cd1-a5b2-62569fc29748",
    "data": [
      {
        "text": "contact us",
        "userDefined": false
      }
    ],
    "isTemplate": false,
    "count": 0,
    "updated": 1523612248
  },
  {
    "id": "c981f407-65b0-4cf1-96b0-519b655c1262",
    "data": [
      {
        "text": "fax",
        "userDefined": false
      }
    ],
    "isTemplate": false,
    "count": 0,
    "updated": 1523612248
  },
  {
    "id": "d14d7b5a-d828-4b7d-803d-8a2ca6219946",
    "data": [
      {
        "text": "contact jecrc",
        "userDefined": false
      }
    ],
    "isTemplate": false,
    "count": 0,
    "updated": 1523612248
  },
  {
    "id": "c9fcfbc3-69c2-478c-b61d-77cbc2b56a5b",
    "data": [
      {
        "text": "jecrc contact",
        "userDefined": false
      }
    ],
    "isTemplate": false,
    "count": 0,
    "updated": 1523612248
  },
  {
    "id": "13a50717-8ab6-4dd7-8657-7d7182c541c1",
    "data": [
      {
        "text": "admission helpline",
        "userDefined": false
      }
    ],
    "isTemplate": false,
    "count": 0,
    "updated": 1523612248
  },
  {
    "id": "e3981a3e-7f8c-4b3e-b14a-9cfa1808d726",
    "data": [
      {
        "text": " suprintendent contact no.",
        "userDefined": false
      }
    ],
    "isTemplate": false,
    "count": 0,
    "updated": 1523612248
  },
  {
    "id": "545f8c56-51cb-46d5-bfe8-534789c1e001",
    "data": [
      {
        "text": "contact",
        "userDefined": false
      }
    ],
    "isTemplate": false,
    "count": 0,
    "updated": 1523612248
  }
]