[
  {
    "id": "fcd405ed-2c9c-44b6-a7c4-296ce7932066",
    "data": [
      {
        "text": "please repeat it again",
        "userDefined": false
      }
    ],
    "isTemplate": false,
    "count": 0,
    "updated": 1524896930
  },
  {
    "id": "a0d8eb93-bf2e-4eb7-8c04-3eba3e9597ee",
    "data": [
      {
        "text": "again",
        "userDefined": false
      }
    ],
    "isTemplate": false,
    "count": 0,
    "updated": 1524896930
  },
  {
    "id": "62d20976-c49c-4554-a8e0-c5fa46205d66",
    "data": [
      {
        "text": "repeat",
        "userDefined": false
      }
    ],
    "isTemplate": false,
    "count": 0,
    "updated": 1524896930
  },
  {
    "id": "65309e06-014e-457d-8333-9563fccd2569",
    "data": [
      {
        "text": "sorry",
        "userDefined": false
      }
    ],
    "isTemplate": false,
    "count": 0,
    "updated": 1524896930
  }
]