[
  {
    "id": "e27615ff-ba8a-472f-802a-704b0769e0ea",
    "data": [
      {
        "text": "admission helpline",
        "userDefined": false
      }
    ],
    "isTemplate": false,
    "count": 0,
    "updated": 1523612248
  },
  {
    "id": "0baa5994-3f0c-4137-a461-64db82823eba",
    "data": [
      {
        "text": "contact jecrc",
        "userDefined": false
      }
    ],
    "isTemplate": false,
    "count": 0,
    "updated": 1523612248
  },
  {
    "id": "c180cb48-906f-4f28-9de3-baa919808e2b",
    "data": [
      {
        "text": "jecrc contact",
        "userDefined": false
      }
    ],
    "isTemplate": false,
    "count": 0,
    "updated": 1523612248
  },
  {
    "id": "c26a2347-fd30-422f-935c-a1350b59f689",
    "data": [
      {
        "text": "contact",
        "userDefined": false
      }
    ],
    "isTemplate": false,
    "count": 0,
    "updated": 1523612248
  },
  {
    "id": "947edaeb-f1c6-4446-97ab-7099582dbcbd",
    "data": [
      {
        "text": " suprintendent contact no.",
        "userDefined": false
      }
    ],
    "isTemplate": false,
    "count": 0,
    "updated": 1523612248
  },
  {
    "id": "5027863a-63ca-4643-b70f-89307345fefa",
    "data": [
      {
        "text": "fax",
        "userDefined": false
      }
    ],
    "isTemplate": false,
    "count": 0,
    "updated": 1523612248
  },
  {
    "id": "a73b3de9-6714-4bab-b4aa-cc4710bdd926",
    "data": [
      {
        "text": "contact us",
        "userDefined": false
      }
    ],
    "isTemplate": false,
    "count": 0,
    "updated": 1523612248
  }
]