[
  {
    "id": "64e154e9-2e34-48cd-87ad-248b8ea9a2f3",
    "data": [
      {
        "text": "राम राम",
        "userDefined": false
      }
    ],
    "isTemplate": false,
    "count": 0,
    "updated": 0
  },
  {
    "id": "7b044114-668c-418e-be36-845cdb1d720e",
    "data": [
      {
        "text": "हल्लो",
        "userDefined": false
      }
    ],
    "isTemplate": false,
    "count": 0,
    "updated": 0
  },
  {
    "id": "b17d7846-9f32-4bea-af51-59d36f8e365d",
    "data": [
      {
        "text": "हैल्लो",
        "userDefined": false
      }
    ],
    "isTemplate": false,
    "count": 0,
    "updated": 0
  },
  {
    "id": "fcc66065-9f6c-4305-846d-7c38b58739ed",
    "data": [
      {
        "text": "नमस्कार",
        "userDefined": false
      }
    ],
    "isTemplate": false,
    "count": 0,
    "updated": 0
  },
  {
    "id": "eac1e892-ae06-4808-b7af-dcee93917627",
    "data": [
      {
        "text": "हे",
        "meta": "@sys.ignore",
        "userDefined": false
      }
    ],
    "isTemplate": false,
    "count": 0,
    "updated": 0
  },
  {
    "id": "252dd595-0f82-45d4-9240-ce96a0120654",
    "data": [
      {
        "text": "राधे  राधे",
        "userDefined": false
      }
    ],
    "isTemplate": false,
    "count": 0,
    "updated": 0
  },
  {
    "id": "4413b88c-2890-4146-ab7e-01ac8ae0c3d5",
    "data": [
      {
        "text": "hey",
        "userDefined": false
      }
    ],
    "isTemplate": false,
    "count": 0
  },
  {
    "id": "6df113d5-0daf-452b-89e4-ea9384f712ad",
    "data": [
      {
        "text": "नमस्ते",
        "userDefined": false
      }
    ],
    "isTemplate": false,
    "count": 0,
    "updated": 0
  }
]