[
  {
    "id": "5251ef2a-86b5-4339-b8fe-f5135a364abc",
    "data": [
      {
        "text": "Well done",
        "userDefined": false
      }
    ],
    "isTemplate": false,
    "count": 0,
    "updated": 1527964311
  },
  {
    "id": "dbcce436-3494-4438-9b8d-ed1b01f6af2c",
    "data": [
      {
        "text": "Hold on",
        "userDefined": false
      }
    ],
    "isTemplate": false,
    "count": 0,
    "updated": 1527964311
  },
  {
    "id": "d51b58bc-6cdf-48bb-a945-bbcda468f309",
    "data": [
      {
        "text": "Cancel",
        "userDefined": false
      }
    ],
    "isTemplate": false,
    "count": 0,
    "updated": 1527964311
  },
  {
    "id": "db351bbf-81ca-43ed-b795-e8ec32bcff0a",
    "data": [
      {
        "text": "Yes",
        "userDefined": false
      }
    ],
    "isTemplate": false,
    "count": 0,
    "updated": 1527964311
  },
  {
    "id": "42d8fbdc-8f3b-40c7-8fc3-8cf945b9dde8",
    "data": [
      {
        "text": "Welcome",
        "userDefined": false
      }
    ],
    "isTemplate": false,
    "count": 0,
    "updated": 1527964311
  },
  {
    "id": "f4351b3b-b739-41dc-a712-69dec33b5e4e",
    "data": [
      {
        "text": "Your welcome",
        "userDefined": false
      }
    ],
    "isTemplate": false,
    "count": 0,
    "updated": 1527964311
  }
]