[
  {
    "id": "b05f9f04-5a3b-477a-b2eb-74f41246719a",
    "data": [
      {
        "text": "Do you love humans",
        "userDefined": false
      }
    ],
    "isTemplate": false,
    "count": 0,
    "updated": 1527964988
  },
  {
    "id": "9514296d-8a67-4856-9b9a-8a788f7bb73d",
    "data": [
      {
        "text": "How do you feel about us",
        "userDefined": false
      }
    ],
    "isTemplate": false,
    "count": 0,
    "updated": 1527964988
  },
  {
    "id": "db89b423-3285-484b-b42c-0dc0576bbf8b",
    "data": [
      {
        "text": "How do you feel about humans",
        "userDefined": false
      }
    ],
    "isTemplate": false,
    "count": 0,
    "updated": 1527964988
  },
  {
    "id": "1fdd5bef-5d18-403c-aedf-938863bfa6fb",
    "data": [
      {
        "text": "You like humans?",
        "userDefined": false
      }
    ],
    "isTemplate": false,
    "count": 0,
    "updated": 1527964988
  },
  {
    "id": "2afe0314-bafd-4e2b-af94-a2f093c6a087",
    "data": [
      {
        "text": "How are humans",
        "userDefined": false
      }
    ],
    "isTemplate": false,
    "count": 0,
    "updated": 1527964988
  }
]