[
  {
    "id": "bcd01881-05d3-4e01-928e-9c2a387f4a9c",
    "data": [
      {
        "text": "What is your work",
        "userDefined": false
      }
    ],
    "isTemplate": false,
    "count": 0,
    "updated": 1532075013
  },
  {
    "id": "303674e6-5a66-4c48-b8b6-efdf3d5f0343",
    "data": [
      {
        "text": "How can you solve my problem",
        "userDefined": false
      }
    ],
    "isTemplate": false,
    "count": 0,
    "updated": 1532075013
  },
  {
    "id": "2226ecc5-459e-480a-82c1-9317c3773c8f",
    "data": [
      {
        "text": "What can you do?",
        "userDefined": false
      }
    ],
    "isTemplate": false,
    "count": 0,
    "updated": 1532075013
  },
  {
    "id": "2706fd9b-04d3-4d31-aefb-ff5175b73675",
    "data": [
      {
        "text": "Your job",
        "userDefined": false
      }
    ],
    "isTemplate": false,
    "count": 0,
    "updated": 1532075013
  },
  {
    "id": "f0d74c72-f4bf-4e69-b371-598f489ca0ab",
    "data": [
      {
        "text": "How you can help ",
        "userDefined": false
      },
      {
        "text": "me",
        "meta": "@sys.ignore",
        "userDefined": false
      },
      {
        "text": "?",
        "userDefined": false
      }
    ],
    "isTemplate": false,
    "count": 0,
    "updated": 1532075013
  },
  {
    "id": "d2878581-0e6c-46e8-9205-c91c8c32faa7",
    "data": [
      {
        "text": "What do you do",
        "userDefined": false
      }
    ],
    "isTemplate": false,
    "count": 0,
    "updated": 1532075013
  },
  {
    "id": "f56432a2-edc3-40da-82ec-62e563829ead",
    "data": [
      {
        "text": "What should I ask you",
        "userDefined": false
      }
    ],
    "isTemplate": false,
    "count": 0,
    "updated": 1532075013
  },
  {
    "id": "c4ef4063-669f-4dab-ad41-5126a98dabb6",
    "data": [
      {
        "text": "Your mission",
        "userDefined": false
      }
    ],
    "isTemplate": false,
    "count": 0,
    "updated": 1532075013
  },
  {
    "id": "3348a195-930c-4e80-a537-55d654278055",
    "data": [
      {
        "text": "How you can help?",
        "userDefined": false
      }
    ],
    "isTemplate": false,
    "count": 0,
    "updated": 1532075013
  },
  {
    "id": "d889c22c-9d1d-4d37-8f21-4af7f8256179",
    "data": [
      {
        "text": "Your main aim",
        "userDefined": false
      }
    ],
    "isTemplate": false,
    "count": 0,
    "updated": 1532075013
  },
  {
    "id": "7c127dc8-d029-4470-881d-fbc9e2f4ebbe",
    "data": [
      {
        "text": "What do you know.",
        "userDefined": false
      }
    ],
    "isTemplate": false,
    "count": 0,
    "updated": 1532075013
  }
]