[
  {
    "id": "3234554f-7647-42cf-88b9-4321abd7117c",
    "data": [
      {
        "text": "how to take admission in jecrc ",
        "userDefined": false
      },
      {
        "text": "college",
        "alias": "college",
        "meta": "@college",
        "userDefined": false
      }
    ],
    "isTemplate": false,
    "count": 0,
    "updated": 1527164027
  },
  {
    "id": "2e680064-83e9-474f-beaa-d008b88f78b2",
    "data": [
      {
        "text": "admission",
        "userDefined": false
      }
    ],
    "isTemplate": false,
    "count": 0,
    "updated": 1527164027
  },
  {
    "id": "b66fddc2-2d4e-403b-883e-8193daa0ab44",
    "data": [
      {
        "text": "how admission in jecrc",
        "userDefined": false
      }
    ],
    "isTemplate": false,
    "count": 0,
    "updated": 1527164027
  }
]