[
  {
    "id": "4f4840fb-5d48-4e55-9f7f-252a17298875",
    "data": [
      {
        "text": "again",
        "userDefined": false
      }
    ],
    "isTemplate": false,
    "count": 0,
    "updated": 1527164352
  },
  {
    "id": "0eb557c6-a59c-4576-92c0-9bcaa0608716",
    "data": [
      {
        "text": "pardon",
        "userDefined": false
      }
    ],
    "isTemplate": false,
    "count": 0,
    "updated": 1527164352
  },
  {
    "id": "f4a0a649-29dd-49ec-9ca7-3c7fdc8764c6",
    "data": [
      {
        "text": "sorry",
        "userDefined": false
      }
    ],
    "isTemplate": false,
    "count": 0,
    "updated": 1527164352
  },
  {
    "id": "fa344324-11c3-47e9-9a10-8251299a27b5",
    "data": [
      {
        "text": "another",
        "meta": "@sys.ignore",
        "userDefined": false
      },
      {
        "text": " time",
        "userDefined": false
      }
    ],
    "isTemplate": false,
    "count": 0,
    "updated": 1527164352
  },
  {
    "id": "c361da13-5dbf-4913-a86b-e196a11409f3",
    "data": [
      {
        "text": "one more time",
        "userDefined": false
      }
    ],
    "isTemplate": false,
    "count": 0,
    "updated": 1527164352
  },
  {
    "id": "1d0238ef-6cf7-4b46-b1d7-a416f3a483c0",
    "data": [
      {
        "text": "please",
        "userDefined": false
      }
    ],
    "isTemplate": false,
    "count": 0,
    "updated": 1527164352
  },
  {
    "id": "36a34565-18b3-41c4-9bcc-f22c758da3c2",
    "data": [
      {
        "text": "say ",
        "userDefined": false
      },
      {
        "text": "it",
        "alias": "branches",
        "meta": "@branches",
        "userDefined": false
      },
      {
        "text": " again",
        "userDefined": false
      }
    ],
    "isTemplate": false,
    "count": 0,
    "updated": 1527164352
  },
  {
    "id": "c7651e1c-8d3f-4913-bf3c-a77d6274087f",
    "data": [
      {
        "text": "can you repeat",
        "userDefined": false
      }
    ],
    "isTemplate": false,
    "count": 0,
    "updated": 1527164352
  },
  {
    "id": "e32344d0-b4e1-4c2b-a004-15ec09f53346",
    "data": [
      {
        "text": "once more",
        "userDefined": false
      }
    ],
    "isTemplate": false,
    "count": 0,
    "updated": 1527164352
  }
]