[
  {
    "id": "350e71dc-cc95-4b1e-95eb-d2352cac8d28",
    "data": [
      {
        "text": "I am angry right know",
        "userDefined": false
      }
    ],
    "isTemplate": false,
    "count": 0,
    "updated": 1527960178
  },
  {
    "id": "ea9c500f-472f-41c1-abf1-f19745cc8824",
    "data": [
      {
        "text": "Gyani i am angry right now",
        "userDefined": false
      }
    ],
    "isTemplate": false,
    "count": 0,
    "updated": 1527960451
  },
  {
    "id": "d364c356-40f8-4b8a-9af1-7eeaf1d8f28a",
    "data": [
      {
        "text": "I am angry",
        "userDefined": false
      }
    ],
    "isTemplate": false,
    "count": 0,
    "updated": 1527960178
  }
]