[
  {
    "id": "7517c8ce-24d8-4795-bcc3-72d747c01687",
    "data": [
      {
        "text": "I love you",
        "userDefined": false
      }
    ],
    "isTemplate": false,
    "count": 0,
    "updated": 1527964192
  },
  {
    "id": "e844a888-77aa-48e9-9400-1744147831e3",
    "data": [
      {
        "text": "I am in love with you",
        "userDefined": false
      }
    ],
    "isTemplate": false,
    "count": 0,
    "updated": 1527964192
  },
  {
    "id": "ecfa2ef5-2a86-48ed-be84-2b0b2e2b26f8",
    "data": [
      {
        "text": "I like you",
        "userDefined": false
      }
    ],
    "isTemplate": false,
    "count": 0,
    "updated": 1527964192
  },
  {
    "id": "dd308cca-9c30-4150-bfa0-cdd258058b8a",
    "data": [
      {
        "text": "I want you",
        "userDefined": false
      }
    ],
    "isTemplate": false,
    "count": 0,
    "updated": 1527964192
  }
]