[
  {
    "id": "eaf1165b-9cc8-4dfd-92f2-93738d158197",
    "data": [
      {
        "text": "pre",
        "userDefined": false
      }
    ],
    "isTemplate": false,
    "count": 0,
    "updated": 1529823700
  },
  {
    "id": "da286653-2b3d-4ca4-b860-66820e7fda73",
    "data": [
      {
        "text": "internship",
        "userDefined": false
      }
    ],
    "isTemplate": false,
    "count": 0,
    "updated": 1529823700
  },
  {
    "id": "cff88cdf-bf5f-4276-a377-13fb56ed0fbf",
    "data": [
      {
        "text": "internship in foreign",
        "userDefined": false
      }
    ],
    "isTemplate": false,
    "count": 0,
    "updated": 1529823700
  },
  {
    "id": "31927a5d-eee4-4160-adb7-7f8e1f710c10",
    "data": [
      {
        "text": "training",
        "userDefined": false
      }
    ],
    "isTemplate": false,
    "count": 0,
    "updated": 1529823700
  },
  {
    "id": "aa87832f-5946-4813-89a9-aa03340726d7",
    "data": [
      {
        "text": "study abroad",
        "userDefined": false
      }
    ],
    "isTemplate": false,
    "count": 0,
    "updated": 1529823700
  },
  {
    "id": "774d3353-ec29-471e-b780-a5147798bb49",
    "data": [
      {
        "text": "college provide foreign internship?",
        "userDefined": false
      }
    ],
    "isTemplate": false,
    "count": 0,
    "updated": 1529823700
  },
  {
    "id": "a2b98fed-9a8c-4ebb-9976-e3aeeaa72c4a",
    "data": [
      {
        "text": "college provide abroad internship",
        "userDefined": false
      }
    ],
    "isTemplate": false,
    "count": 0,
    "updated": 1529823700
  },
  {
    "id": "1b52b38d-15a9-49ea-9cbf-35745abd76cb",
    "data": [
      {
        "text": "internship in abroad",
        "userDefined": false
      }
    ],
    "isTemplate": false,
    "count": 0,
    "updated": 1529823700
  },
  {
    "id": "c25696a9-e2e8-443f-a3b4-f1315a415395",
    "data": [
      {
        "text": "support for internship",
        "userDefined": false
      }
    ],
    "isTemplate": false,
    "count": 0,
    "updated": 1529823700
  },
  {
    "id": "f59402d6-45c7-4e73-891c-6289cc94663e",
    "data": [
      {
        "text": "opportunity for internship",
        "userDefined": false
      }
    ],
    "isTemplate": false,
    "count": 0,
    "updated": 1529823700
  },
  {
    "id": "46ec8533-1f9e-4698-b4de-5e7c985dc8e3",
    "data": [
      {
        "text": "internship opportunity",
        "userDefined": false
      }
    ],
    "isTemplate": false,
    "count": 0,
    "updated": 1529823700
  },
  {
    "id": "e8f0d146-5f8e-4b1c-82ef-6bb0a4fc6aed",
    "data": [
      {
        "text": "study abroad program",
        "userDefined": false
      }
    ],
    "isTemplate": false,
    "count": 0,
    "updated": 1529823700
  },
  {
    "id": "d575a133-f8c8-40f0-b131-9e1bb4b9b125",
    "data": [
      {
        "text": "intern",
        "userDefined": false
      }
    ],
    "isTemplate": false,
    "count": 0,
    "updated": 1529823700
  },
  {
    "id": "e3fd14fd-82e8-4af3-9e6a-ff40d935a987",
    "data": [
      {
        "text": "abroad internship",
        "userDefined": false
      }
    ],
    "isTemplate": false,
    "count": 0,
    "updated": 1529823700
  }
]