[
  {
    "id": "1be4f6a4-1a1b-4b92-adf7-f31af18b4f6b",
    "data": [
      {
        "text": "please once more",
        "userDefined": false
      }
    ],
    "isTemplate": false,
    "count": 0,
    "updated": 1524897569
  },
  {
    "id": "183222c8-2866-4653-b695-f866dbab1dc1",
    "data": [
      {
        "text": "sorry",
        "userDefined": false
      }
    ],
    "isTemplate": false,
    "count": 0,
    "updated": 1524897569
  },
  {
    "id": "ca2b4652-4626-4cc8-b5d8-f52029553e39",
    "data": [
      {
        "text": "once more",
        "userDefined": false
      }
    ],
    "isTemplate": false,
    "count": 0,
    "updated": 1524897569
  },
  {
    "id": "936a6c6a-e9cc-439d-a5a9-9d375d05efd7",
    "data": [
      {
        "text": "pardon",
        "userDefined": false
      }
    ],
    "isTemplate": false,
    "count": 0,
    "updated": 1524897569
  },
  {
    "id": "29161019-dee1-4096-8776-510b3efbf9d8",
    "data": [
      {
        "text": "repeat ",
        "userDefined": false
      },
      {
        "text": "it",
        "meta": "@sys.ignore",
        "userDefined": false
      }
    ],
    "isTemplate": false,
    "count": 0,
    "updated": 1524897569
  },
  {
    "id": "1f08b261-3003-4bf9-be64-6458f8def92e",
    "data": [
      {
        "text": "can you say that again",
        "userDefined": false
      }
    ],
    "isTemplate": false,
    "count": 0,
    "updated": 1524897569
  },
  {
    "id": "812f741b-349c-44b1-b92a-0048484c088f",
    "data": [
      {
        "text": "again",
        "userDefined": false
      }
    ],
    "isTemplate": false,
    "count": 0,
    "updated": 1524897569
  },
  {
    "id": "c06d4c0d-09e6-45c4-aca5-d20afdc54b8b",
    "data": [
      {
        "text": "say ",
        "userDefined": false
      },
      {
        "text": "it",
        "meta": "@sys.ignore",
        "userDefined": false
      },
      {
        "text": " again",
        "userDefined": false
      }
    ],
    "isTemplate": false,
    "count": 0,
    "updated": 1524897569
  }
]