[
  {
    "id": "2dd64b9b-449f-4fbd-ba7f-b30ac86ab29f",
    "data": [
      {
        "text": "say ",
        "userDefined": false
      },
      {
        "text": "it",
        "meta": "@sys.ignore",
        "userDefined": false
      },
      {
        "text": " again",
        "userDefined": false
      }
    ],
    "isTemplate": false,
    "count": 0,
    "updated": 1523695218
  },
  {
    "id": "8d20cbdb-74ea-48b0-ad53-fe93ddd316e2",
    "data": [
      {
        "text": "please say ",
        "userDefined": false
      },
      {
        "text": "it",
        "meta": "@sys.ignore",
        "userDefined": false
      },
      {
        "text": " again",
        "userDefined": false
      }
    ],
    "isTemplate": false,
    "count": 0,
    "updated": 1523695218
  },
  {
    "id": "6c36a112-d294-4948-b7b0-fe222e07cf9a",
    "data": [
      {
        "text": "please repeat ",
        "userDefined": false
      },
      {
        "text": "it",
        "meta": "@sys.ignore",
        "userDefined": false
      },
      {
        "text": " again",
        "userDefined": false
      }
    ],
    "isTemplate": false,
    "count": 0,
    "updated": 1523695218
  },
  {
    "id": "a0a158e3-f4f5-4228-bac8-68d42d9b939b",
    "data": [
      {
        "text": "again",
        "userDefined": false
      }
    ],
    "isTemplate": false,
    "count": 0,
    "updated": 1523695218
  },
  {
    "id": "669639df-d096-4d79-b05a-81eef003bb89",
    "data": [
      {
        "text": "repeat",
        "userDefined": false
      }
    ],
    "isTemplate": false,
    "count": 0,
    "updated": 1523695218
  }
]