[
  {
    "id": "3ef805af-24aa-43cd-92fd-95f3070a533c",
    "data": [
      {
        "text": "Jaipur engineering college and research centre",
        "userDefined": false
      }
    ],
    "isTemplate": false,
    "count": 0,
    "updated": 1523608871
  },
  {
    "id": "2786433f-4df7-4df7-8e17-d84ef1a65c04",
    "data": [
      {
        "text": "jecrc",
        "userDefined": false
      }
    ],
    "isTemplate": false,
    "count": 0,
    "updated": 1523608871
  },
  {
    "id": "7e850174-cfc4-427b-a031-7153a8cd64fd",
    "data": [
      {
        "text": "introduction of jecrc",
        "userDefined": false
      }
    ],
    "isTemplate": false,
    "count": 0,
    "updated": 1523608871
  },
  {
    "id": "bf5aea05-ae70-4bc4-a4f5-8a139a890568",
    "data": [
      {
        "text": "what is the jecrc?",
        "userDefined": false
      }
    ],
    "isTemplate": false,
    "count": 0,
    "updated": 1523608871
  }
]