[
  {
    "id": "aa0e4ebd-dbb0-4218-b2fd-8899dca210dc",
    "data": [
      {
        "text": "introduction of jecrc",
        "userDefined": false
      }
    ],
    "isTemplate": false,
    "count": 0,
    "updated": 1526018063
  },
  {
    "id": "58abcf18-11b1-439b-b238-82ee5c22deea",
    "data": [
      {
        "text": "jecrc",
        "userDefined": false
      }
    ],
    "isTemplate": false,
    "count": 0,
    "updated": 1526018063
  },
  {
    "id": "5e452bf6-3711-4c1f-b370-cc5e31fc4bf8",
    "data": [
      {
        "text": "Jaipur engineering college and research centre",
        "userDefined": false
      }
    ],
    "isTemplate": false,
    "count": 0,
    "updated": 1526018063
  },
  {
    "id": "445cdc09-35cf-4e31-831d-218c70bd3439",
    "data": [
      {
        "text": "What can you tell me about jecrc",
        "userDefined": false
      }
    ],
    "isTemplate": false,
    "count": 0,
    "updated": 1526018063
  },
  {
    "id": "7dbdc6f6-52c6-459b-9185-b2d5467d5106",
    "data": [
      {
        "text": "what is the jecrc?",
        "userDefined": false
      }
    ],
    "isTemplate": false,
    "count": 0,
    "updated": 1526018063
  },
  {
    "id": "e5cfe843-646c-4b24-9bfd-a43bd3054f89",
    "data": [
      {
        "text": "can you give ",
        "userDefined": false
      },
      {
        "text": "me",
        "alias": "branches",
        "meta": "@branches",
        "userDefined": false
      },
      {
        "text": " intro about ",
        "userDefined": false
      },
      {
        "text": "this college",
        "alias": "college",
        "meta": "@college",
        "userDefined": false
      }
    ],
    "isTemplate": false,
    "count": 0,
    "updated": 1526018063
  },
  {
    "id": "d8e669b4-0d7a-4daf-b66f-e5f97b864d17",
    "data": [
      {
        "text": "can you tell me about ",
        "userDefined": false
      },
      {
        "text": "this college",
        "alias": "college",
        "meta": "@college",
        "userDefined": false
      }
    ],
    "isTemplate": false,
    "count": 0,
    "updated": 1526018063
  }
]