[
  {
    "id": "05fdb1f5-d912-4519-bf21-df8adefc44ff",
    "data": [
      {
        "text": "j mag",
        "userDefined": false
      }
    ],
    "isTemplate": false,
    "count": 0,
    "updated": 1523544036
  },
  {
    "id": "e205d1fb-745d-4fef-a62e-731b4921603a",
    "data": [
      {
        "text": "jecrc mag",
        "userDefined": false
      }
    ],
    "isTemplate": false,
    "count": 0,
    "updated": 1523544036
  },
  {
    "id": "235b9d7e-ca33-40af-b0c5-e4677c071912",
    "data": [
      {
        "text": "j magajine",
        "userDefined": false
      }
    ],
    "isTemplate": false,
    "count": 0,
    "updated": 1523544036
  },
  {
    "id": "0b3784e8-a640-4ea2-8f16-4b3774f41033",
    "data": [
      {
        "text": "jecrc magazine?",
        "userDefined": false
      }
    ],
    "isTemplate": false,
    "count": 0,
    "updated": 1523544036
  }
]