[
  {
    "id": "65cd7838-4caf-4ddf-ad9c-764eb146cc06",
    "data": [
      {
        "text": "jecrc",
        "alias": "college",
        "meta": "@college",
        "userDefined": false
      },
      {
        "text": " research",
        "userDefined": false
      }
    ],
    "isTemplate": false,
    "count": 0,
    "updated": 1523875328
  },
  {
    "id": "05b282d3-a948-4e04-be96-93896714b976",
    "data": [
      {
        "text": "research paper",
        "userDefined": false
      }
    ],
    "isTemplate": false,
    "count": 0,
    "updated": 1523875328
  },
  {
    "id": "9853687a-a7d1-4e64-ba7f-ccf707671b45",
    "data": [
      {
        "text": "research papers at jecrcre",
        "userDefined": false
      }
    ],
    "isTemplate": false,
    "count": 0,
    "updated": 1523875328
  }
]