[
  {
    "id": "b4a3079c-1666-44be-b9e4-3daf112bb4ea",
    "data": [
      {
        "text": "scholarship provisions",
        "userDefined": false
      }
    ],
    "isTemplate": false,
    "count": 0,
    "updated": 1524898004
  },
  {
    "id": "87cf4af2-4677-4b67-b15d-15aab9d729e8",
    "data": [
      {
        "text": "jecrc",
        "alias": "college",
        "meta": "@college",
        "userDefined": false
      },
      {
        "text": " scholarship",
        "userDefined": false
      }
    ],
    "isTemplate": false,
    "count": 0,
    "updated": 1524898004
  },
  {
    "id": "4120429c-33c9-4759-aabd-be999b0702e2",
    "data": [
      {
        "text": "scholarship at ",
        "userDefined": false
      },
      {
        "text": "jecrc",
        "alias": "college",
        "meta": "@college",
        "userDefined": false
      }
    ],
    "isTemplate": false,
    "count": 0,
    "updated": 1524898004
  },
  {
    "id": "642c81ac-2f5d-4765-94ee-feb5274f7b0a",
    "data": [
      {
        "text": "scholarship",
        "userDefined": false
      }
    ],
    "isTemplate": false,
    "count": 0,
    "updated": 1524898004
  }
]