[
  {
    "id": "af6ce280-c82c-47f7-a199-fea2892ff364",
    "data": [
      {
        "text": "one more time",
        "userDefined": false
      }
    ],
    "isTemplate": false,
    "count": 0,
    "updated": 1524565408
  },
  {
    "id": "a40a5916-5674-4c31-a7c2-39d0dd58d6cd",
    "data": [
      {
        "text": "say ",
        "userDefined": false
      },
      {
        "text": "it",
        "meta": "@sys.ignore",
        "userDefined": false
      },
      {
        "text": " again",
        "userDefined": false
      }
    ],
    "isTemplate": false,
    "count": 0,
    "updated": 1524565408
  },
  {
    "id": "f5b31363-d7f2-4f65-af30-517689f60dd1",
    "data": [
      {
        "text": "repeat",
        "userDefined": false
      }
    ],
    "isTemplate": false,
    "count": 0,
    "updated": 1524565408
  },
  {
    "id": "5ef33feb-7199-4d46-bd2e-865cad52dd5f",
    "data": [
      {
        "text": "again",
        "userDefined": false
      }
    ],
    "isTemplate": false,
    "count": 0,
    "updated": 1524565408
  },
  {
    "id": "ea0ac2a6-4734-4d7f-a6fc-3965f2bb32cb",
    "data": [
      {
        "text": "pardon",
        "userDefined": false
      }
    ],
    "isTemplate": false,
    "count": 0,
    "updated": 1524565408
  }
]