[
  {
    "id": "e73e64ff-028f-47f3-b40c-0b26506e58ac",
    "data": [
      {
        "text": "sorry",
        "userDefined": false
      }
    ],
    "isTemplate": false,
    "count": 0,
    "updated": 1523695579
  },
  {
    "id": "9b9ce1a2-6d28-40cc-b2f6-210f38740df5",
    "data": [
      {
        "text": "repeat",
        "userDefined": false
      }
    ],
    "isTemplate": false,
    "count": 0,
    "updated": 1523695579
  },
  {
    "id": "365586bf-366b-4977-9f7d-fa1d0c28d135",
    "data": [
      {
        "text": "again",
        "userDefined": false
      }
    ],
    "isTemplate": false,
    "count": 0,
    "updated": 1523695579
  },
  {
    "id": "be0f5614-7069-4097-ac3b-ee684050c6fb",
    "data": [
      {
        "text": "say ",
        "userDefined": false
      },
      {
        "text": "it",
        "meta": "@sys.ignore",
        "userDefined": false
      },
      {
        "text": " again",
        "userDefined": false
      }
    ],
    "isTemplate": false,
    "count": 0,
    "updated": 1523695579
  },
  {
    "id": "0818ecc7-ea35-4abe-bda1-fdfe388c1f5f",
    "data": [
      {
        "text": "pardon",
        "userDefined": false
      }
    ],
    "isTemplate": false,
    "count": 0,
    "updated": 1523695579
  },
  {
    "id": "f3d32f37-49f0-4e87-b677-3c92833e6ff8",
    "data": [
      {
        "text": "repeat ",
        "userDefined": false
      },
      {
        "text": "it",
        "meta": "@sys.ignore",
        "userDefined": false
      },
      {
        "text": " again",
        "userDefined": false
      }
    ],
    "isTemplate": false,
    "count": 0,
    "updated": 1523695579
  }
]