[
  {
    "id": "18922960-1335-41a8-9089-7ce48dc95fbb",
    "data": [
      {
        "text": "jecrc mag",
        "userDefined": false
      }
    ],
    "isTemplate": false,
    "count": 0,
    "updated": 1523544036
  },
  {
    "id": "68d6da67-6343-42df-b3c6-f3686cf32df9",
    "data": [
      {
        "text": "j mag",
        "userDefined": false
      }
    ],
    "isTemplate": false,
    "count": 0,
    "updated": 1523544036
  },
  {
    "id": "b0edc7f1-b1fe-404f-a6bc-ef8805707974",
    "data": [
      {
        "text": "jecrc magazine?",
        "userDefined": false
      }
    ],
    "isTemplate": false,
    "count": 0,
    "updated": 1523544036
  },
  {
    "id": "6d237f7b-1623-4496-95c9-6d3c6c2bb96c",
    "data": [
      {
        "text": "j magajine",
        "userDefined": false
      }
    ],
    "isTemplate": false,
    "count": 0,
    "updated": 1523544036
  }
]