[
  {
    "id": "6879a4f5-23a7-4088-b7b2-80e4c7d427f7",
    "data": [
      {
        "text": "can you tell me ",
        "userDefined": false
      },
      {
        "text": "a",
        "alias": "indian_names",
        "meta": "@indian_names",
        "userDefined": false
      },
      {
        "text": " joke",
        "userDefined": false
      }
    ],
    "isTemplate": false,
    "count": 0,
    "updated": 1525963335
  },
  {
    "id": "822fbad3-8965-4ce4-9a02-93e828558f5f",
    "data": [
      {
        "text": "i cant understand",
        "userDefined": false
      }
    ],
    "isTemplate": false,
    "count": 0,
    "updated": 1525963335
  },
  {
    "id": "1d278623-215a-4f46-a25c-aba986dfdd4f",
    "data": [
      {
        "text": "please repeat",
        "userDefined": false
      }
    ],
    "isTemplate": false,
    "count": 0,
    "updated": 1525963335
  },
  {
    "id": "a5f83f4f-2237-4cba-b4f1-a0987ee8f5ac",
    "data": [
      {
        "text": "some more",
        "userDefined": false
      }
    ],
    "isTemplate": false,
    "count": 0,
    "updated": 1525963335
  },
  {
    "id": "6a7d672f-8743-4816-9f1a-f3cff0dcd417",
    "data": [
      {
        "text": "can you tell another one",
        "userDefined": false
      }
    ],
    "isTemplate": false,
    "count": 0,
    "updated": 1525963335
  },
  {
    "id": "48c88ebe-02e1-4691-9f76-2dc0075bbdd3",
    "data": [
      {
        "text": "another please",
        "userDefined": false
      }
    ],
    "isTemplate": false,
    "count": 0,
    "updated": 1525963335
  },
  {
    "id": "c0e98bfd-ae1d-4f0a-8bc5-df6b968c97c9",
    "data": [
      {
        "text": "one more",
        "userDefined": false
      }
    ],
    "isTemplate": false,
    "count": 0,
    "updated": 1525963335
  }
]