[
  {
    "id": "60ea72e4-38c4-4cc6-b9b3-7873689914d8",
    "data": [
      {
        "text": "funny thing",
        "userDefined": false
      }
    ],
    "isTemplate": false,
    "count": 0,
    "updated": 1525962608
  },
  {
    "id": "0733dfe0-4c5b-401a-9398-3687d886b128",
    "data": [
      {
        "text": "fun fact",
        "userDefined": false
      }
    ],
    "isTemplate": false,
    "count": 0,
    "updated": 1525962608
  },
  {
    "id": "ed65d731-c95f-4bd0-8ce4-774ec33cd3a7",
    "data": [
      {
        "text": "make ",
        "userDefined": false
      },
      {
        "text": "me",
        "alias": "branches",
        "meta": "@branches",
        "userDefined": false
      },
      {
        "text": " laugh",
        "userDefined": false
      }
    ],
    "isTemplate": false,
    "count": 0,
    "updated": 1525962608
  },
  {
    "id": "c9e63bcf-819e-4292-a4e9-5bcb0cc32489",
    "data": [
      {
        "text": "glum",
        "userDefined": false
      }
    ],
    "isTemplate": false,
    "count": 0,
    "updated": 1525962608
  },
  {
    "id": "dd452487-cffe-41a7-a745-56371dee0d28",
    "data": [
      {
        "text": "tell me something funny",
        "userDefined": false
      }
    ],
    "isTemplate": false,
    "count": 0,
    "updated": 1525962608
  },
  {
    "id": "873b3598-b7fc-45f9-a682-4d9c4ab3b353",
    "data": [
      {
        "text": "funny sayings",
        "userDefined": false
      }
    ],
    "isTemplate": false,
    "count": 0,
    "updated": 1525962608
  },
  {
    "id": "e78af82b-9554-43e5-8de7-4e6a4b9576d4",
    "data": [
      {
        "text": "tell me ",
        "userDefined": false
      },
      {
        "text": "your",
        "meta": "@sys.ignore",
        "userDefined": true
      },
      {
        "text": " ",
        "userDefined": false
      },
      {
        "text": "funniest",
        "meta": "@sys.ignore",
        "userDefined": true
      },
      {
        "text": " joke",
        "userDefined": false
      }
    ],
    "isTemplate": false,
    "count": 0,
    "updated": 1525962608
  },
  {
    "id": "bdba88b9-0d64-4474-b742-dff0f1026d0e",
    "data": [
      {
        "text": " ",
        "userDefined": false
      },
      {
        "text": "silly",
        "meta": "@sys.ignore",
        "userDefined": true
      },
      {
        "text": " joke",
        "userDefined": false
      }
    ],
    "isTemplate": false,
    "count": 1,
    "updated": 1525962608
  },
  {
    "id": "5d97aae4-aed0-4b6b-b211-76dbaadb7436",
    "data": [
      {
        "text": " joke",
        "userDefined": false
      }
    ],
    "isTemplate": false,
    "count": 0,
    "updated": 1525962608
  },
  {
    "id": "0d038324-cbe5-4a6e-ac83-182d3b8e681d",
    "data": [
      {
        "text": "I",
        "meta": "@sys.ignore",
        "userDefined": true
      },
      {
        "text": "\u0027",
        "userDefined": false
      },
      {
        "text": "m",
        "meta": "@sys.ignore",
        "userDefined": true
      },
      {
        "text": " feeling glum make ",
        "userDefined": false
      },
      {
        "text": "me",
        "meta": "@sys.ignore",
        "userDefined": true
      },
      {
        "text": " laugh",
        "userDefined": false
      }
    ],
    "isTemplate": false,
    "count": 0,
    "updated": 1525962608
  }
]