[
  {
    "id": "61a4cd66-b7fb-4047-a19a-102c1be79350",
    "data": [
      {
        "text": "kalsha bhangra crew",
        "userDefined": false
      }
    ],
    "isTemplate": false,
    "count": 0,
    "updated": 1523698004
  },
  {
    "id": "a325d41d-aa64-4a65-957e-e957fdc35822",
    "data": [
      {
        "text": "khalas bhangara",
        "userDefined": false
      }
    ],
    "isTemplate": false,
    "count": 0,
    "updated": 1523698004
  },
  {
    "id": "2a226e19-3615-4da6-95c1-ff4f2c26e106",
    "data": [
      {
        "text": "khalas bhangra crew",
        "userDefined": false
      }
    ],
    "isTemplate": false,
    "count": 0,
    "updated": 1523698004
  },
  {
    "id": "c48be0d9-2adf-49f2-978d-61968dfe8511",
    "data": [
      {
        "text": "bhangra group",
        "userDefined": false
      }
    ],
    "isTemplate": false,
    "count": 0,
    "updated": 1523698004
  },
  {
    "id": "2f353f78-d3b8-4d5e-b3ae-dadec3003b59",
    "data": [
      {
        "text": "khalsa bhangra",
        "userDefined": false
      }
    ],
    "isTemplate": false,
    "count": 0,
    "updated": 1523698004
  },
  {
    "id": "422f0ea2-97c0-4fa7-9b88-944c75c93c71",
    "data": [
      {
        "text": "khalas bhanghra crew",
        "userDefined": false
      }
    ],
    "isTemplate": false,
    "count": 0,
    "updated": 1523698004
  },
  {
    "id": "0f35b790-1f97-4594-8fec-8363f7d5dcdb",
    "data": [
      {
        "text": "KBC",
        "userDefined": false
      }
    ],
    "isTemplate": false,
    "count": 0,
    "updated": 1523698004
  }
]