[
  {
    "id": "71869765-e617-46f9-aa00-d4d8cb393383",
    "data": [
      {
        "text": "pardon please",
        "userDefined": false
      }
    ],
    "isTemplate": false,
    "count": 0,
    "updated": 1523703248
  },
  {
    "id": "41c549de-e0e9-46eb-b4db-0db1f368896f",
    "data": [
      {
        "text": "repeat",
        "userDefined": false
      }
    ],
    "isTemplate": false,
    "count": 0,
    "updated": 1523703248
  },
  {
    "id": "aa364f6a-7c72-4a0c-90a4-117438f35bff",
    "data": [
      {
        "text": "what?",
        "userDefined": false
      }
    ],
    "isTemplate": false,
    "count": 0,
    "updated": 1523703248
  },
  {
    "id": "861caac4-6328-4c0c-a928-51b91f4d7a7c",
    "data": [
      {
        "text": "sorry",
        "userDefined": false
      }
    ],
    "isTemplate": false,
    "count": 0,
    "updated": 1523703248
  },
  {
    "id": "af749919-0d85-4b10-9f73-897b9fd7b155",
    "data": [
      {
        "text": "once again",
        "userDefined": false
      }
    ],
    "isTemplate": false,
    "count": 0,
    "updated": 1523703248
  },
  {
    "id": "97307a04-702b-42ab-a3c1-e85b8d687528",
    "data": [
      {
        "text": "say ",
        "userDefined": false
      },
      {
        "text": "it",
        "meta": "@sys.ignore",
        "userDefined": false
      },
      {
        "text": " again",
        "userDefined": false
      }
    ],
    "isTemplate": false,
    "count": 0,
    "updated": 1523703248
  }
]