[
  {
    "id": "61b5fe45-b2aa-4365-af1e-7fda5266712a",
    "data": [
      {
        "text": "more information",
        "userDefined": false
      }
    ],
    "isTemplate": false,
    "count": 0,
    "updated": 1523537469
  },
  {
    "id": "2126fde8-6546-4aec-874d-436cb6a3b50f",
    "data": [
      {
        "text": "participate",
        "userDefined": false
      }
    ],
    "isTemplate": false,
    "count": 1,
    "updated": 1523537469
  },
  {
    "id": "0c959af0-7333-4102-8bdb-0a3e922b8018",
    "data": [
      {
        "text": "major",
        "meta": "@sys.ignore",
        "userDefined": false
      },
      {
        "text": " events of this ",
        "userDefined": false
      },
      {
        "text": "group",
        "alias": "the",
        "meta": "@the",
        "userDefined": false
      }
    ],
    "isTemplate": false,
    "count": 0,
    "updated": 1523537469
  },
  {
    "id": "0f9bdff0-857d-47d6-83d6-31c247bd8dd5",
    "data": [
      {
        "text": "major events of khalas bhangara ",
        "userDefined": false
      },
      {
        "text": "group",
        "alias": "the",
        "meta": "@the",
        "userDefined": false
      }
    ],
    "isTemplate": false,
    "count": 0,
    "updated": 1523537469
  },
  {
    "id": "c08e5eba-b119-47f7-a251-32e91557c38a",
    "data": [
      {
        "text": "head",
        "userDefined": false
      }
    ],
    "isTemplate": false,
    "count": 0,
    "updated": 1523608200
  },
  {
    "id": "22ee4c37-b687-4ff0-b201-47d498607d9e",
    "data": [
      {
        "text": "more about ",
        "userDefined": false
      },
      {
        "text": "it",
        "meta": "@sys.ignore",
        "userDefined": false
      }
    ],
    "isTemplate": false,
    "count": 0,
    "updated": 1523537469
  },
  {
    "id": "836cd328-f9d9-4069-8d99-a1dfd00a8432",
    "data": [
      {
        "text": "a",
        "userDefined": false
      }
    ],
    "isTemplate": false,
    "count": 0,
    "updated": 1523608200
  },
  {
    "id": "18e7f9c1-499a-46d1-b353-e75d02f0d998",
    "data": [
      {
        "text": "number of students involved",
        "userDefined": false
      }
    ],
    "isTemplate": false,
    "count": 0,
    "updated": 1523608200
  }
]