[
  {
    "id": "59fcdafd-60a5-4f83-a319-de9e0e50bf98",
    "data": [
      {
        "text": "number of students involved",
        "userDefined": false
      }
    ],
    "isTemplate": false,
    "count": 0,
    "updated": 1523608200
  },
  {
    "id": "3f4a7fe5-4d17-4729-881a-352305bb1887",
    "data": [
      {
        "text": "a",
        "userDefined": false
      }
    ],
    "isTemplate": false,
    "count": 0,
    "updated": 1523608200
  },
  {
    "id": "a1e38625-c883-4aaf-a6ff-abc17dad4d2d",
    "data": [
      {
        "text": "participate",
        "userDefined": false
      }
    ],
    "isTemplate": false,
    "count": 1,
    "updated": 1523537469
  },
  {
    "id": "fdb5730c-9e49-4fd8-b0ab-17238cc97db1",
    "data": [
      {
        "text": "major",
        "meta": "@sys.ignore",
        "userDefined": false
      },
      {
        "text": " events of this ",
        "userDefined": false
      },
      {
        "text": "group",
        "meta": "@sys.ignore",
        "userDefined": false
      }
    ],
    "isTemplate": false,
    "count": 0,
    "updated": 1523695436
  },
  {
    "id": "b3fd13b0-a9a0-4290-a4c3-94b759bb90a2",
    "data": [
      {
        "text": "major events of khalas bhangara ",
        "userDefined": false
      },
      {
        "text": "group",
        "meta": "@sys.ignore",
        "userDefined": false
      }
    ],
    "isTemplate": false,
    "count": 0,
    "updated": 1523695436
  },
  {
    "id": "fe1c918c-afb7-4b6d-a3aa-212f54c39ba3",
    "data": [
      {
        "text": "head",
        "userDefined": false
      }
    ],
    "isTemplate": false,
    "count": 0,
    "updated": 1523608200
  },
  {
    "id": "45f13245-f847-4bdf-8d77-3e60ca0d2f73",
    "data": [
      {
        "text": "more about ",
        "userDefined": false
      },
      {
        "text": "it",
        "meta": "@sys.ignore",
        "userDefined": false
      }
    ],
    "isTemplate": false,
    "count": 0,
    "updated": 1523537469
  },
  {
    "id": "8acb70cb-083f-46cf-9575-9d8b4d810952",
    "data": [
      {
        "text": "more information",
        "userDefined": false
      }
    ],
    "isTemplate": false,
    "count": 0,
    "updated": 1523537469
  }
]