[
  {
    "id": "12b27df2-f31c-4869-adf9-80986076002f",
    "data": [
      {
        "text": "bhangra group",
        "userDefined": false
      }
    ],
    "isTemplate": false,
    "count": 0,
    "updated": 1523531279
  },
  {
    "id": "1a83feb3-b532-489b-aec1-1f514c2e2011",
    "data": [
      {
        "text": "khalas bhanghra crew",
        "userDefined": false
      }
    ],
    "isTemplate": false,
    "count": 0,
    "updated": 1523531279
  },
  {
    "id": "7114dce7-7121-4d8d-9894-49cc0c48c83c",
    "data": [
      {
        "text": "kalsha bhangra crew",
        "userDefined": false
      }
    ],
    "isTemplate": false,
    "count": 0,
    "updated": 1523531279
  },
  {
    "id": "6c7dae30-aa1b-4d09-87f8-d5f80abd1ec4",
    "data": [
      {
        "text": "khalas bhangara",
        "userDefined": false
      }
    ],
    "isTemplate": false,
    "count": 0,
    "updated": 1523531279
  },
  {
    "id": "aa796ce6-7023-4bac-bd50-390633f9449c",
    "data": [
      {
        "text": "KBC",
        "userDefined": false
      }
    ],
    "isTemplate": false,
    "count": 0,
    "updated": 1523531279
  },
  {
    "id": "dd372273-0614-4363-96ca-d924f59d248d",
    "data": [
      {
        "text": "khalas bhangra crew",
        "userDefined": false
      }
    ],
    "isTemplate": false,
    "count": 0,
    "updated": 1523531279
  }
]