[
  {
    "id": "5542ab15-78a5-450b-805a-fca22311d711",
    "data": [
      {
        "text": "will you please repeat ",
        "userDefined": false
      },
      {
        "text": "it",
        "meta": "@sys.ignore",
        "userDefined": false
      }
    ],
    "isTemplate": false,
    "count": 0,
    "updated": 1523695909
  },
  {
    "id": "95beffdc-38ad-4daf-97a0-6f1b4d460a61",
    "data": [
      {
        "text": "again please",
        "userDefined": false
      }
    ],
    "isTemplate": false,
    "count": 0,
    "updated": 1523695909
  },
  {
    "id": "9062ba4d-d146-41f0-a99c-133aa938335d",
    "data": [
      {
        "text": "sorry",
        "userDefined": false
      }
    ],
    "isTemplate": false,
    "count": 0,
    "updated": 1523695909
  },
  {
    "id": "97ff6d39-45e5-4f2e-b68f-bea73cbb9d8a",
    "data": [
      {
        "text": "repeat",
        "userDefined": false
      }
    ],
    "isTemplate": false,
    "count": 0,
    "updated": 1523695909
  }
]