[
  {
    "id": "ebb29b63-2d2b-4f6a-ad82-18478979ffbf",
    "data": [
      {
        "text": "leep",
        "userDefined": false
      }
    ],
    "isTemplate": false,
    "count": 0,
    "updated": 1524400552
  },
  {
    "id": "1c1ce9ba-60d3-40e1-aaaf-75f83d0ea695",
    "data": [
      {
        "text": "admission ",
        "userDefined": false
      },
      {
        "text": "in 2nd year",
        "meta": "@sys.ignore",
        "userDefined": false
      }
    ],
    "isTemplate": false,
    "count": 0,
    "updated": 1524400552
  },
  {
    "id": "7e1926c8-ee9f-447d-a142-2ef150216151",
    "data": [
      {
        "text": "leep admission",
        "userDefined": false
      }
    ],
    "isTemplate": false,
    "count": 0,
    "updated": 1524400552
  },
  {
    "id": "bf3354a3-85ed-4fda-88b6-a4f6d54d704b",
    "data": [
      {
        "text": "leep btech admission",
        "userDefined": false
      }
    ],
    "isTemplate": false,
    "count": 0,
    "updated": 1524400552
  },
  {
    "id": "de9d48a6-f857-4c02-b081-8ab9c52ba299",
    "data": [
      {
        "text": "direct admission ",
        "userDefined": false
      },
      {
        "text": "in 2nd year",
        "meta": "@sys.ignore",
        "userDefined": false
      }
    ],
    "isTemplate": false,
    "count": 0,
    "updated": 1524400552
  },
  {
    "id": "e4d748d9-b54c-4e3c-9e0c-02f48c4018be",
    "data": [
      {
        "text": "leap admission",
        "userDefined": false
      }
    ],
    "isTemplate": false,
    "count": 0,
    "updated": 1524400552
  },
  {
    "id": "34a219e6-2f3d-4cef-8879-270ce0e80744",
    "data": [
      {
        "text": "2nd",
        "meta": "@sys.ignore",
        "userDefined": false
      },
      {
        "text": " year admission in this college",
        "userDefined": false
      }
    ],
    "isTemplate": false,
    "count": 0,
    "updated": 1524400552
  },
  {
    "id": "d7848343-bab3-4d6a-9c94-f38cf9cd2b17",
    "data": [
      {
        "text": "leap",
        "userDefined": false
      }
    ],
    "isTemplate": false,
    "count": 0,
    "updated": 1524400552
  },
  {
    "id": "fc81cd1f-759d-4087-a113-109275daed14",
    "data": [
      {
        "text": "is leep btech admission is available in your college",
        "userDefined": false
      }
    ],
    "isTemplate": false,
    "count": 0,
    "updated": 1524400770
  },
  {
    "id": "32088642-c2a8-4de1-8d84-93718861bc78",
    "data": [
      {
        "text": "leep admission in ",
        "userDefined": false
      },
      {
        "text": "jecrc",
        "alias": "college",
        "meta": "@college",
        "userDefined": false
      }
    ],
    "isTemplate": false,
    "count": 1,
    "updated": 1524400552
  }
]