[
  {
    "id": "5bf6b51d-02c4-4ee6-b885-a3c68738b299",
    "data": [
      {
        "text": "timing of lib",
        "userDefined": false
      }
    ],
    "isTemplate": false,
    "count": 0,
    "updated": 1524379699
  },
  {
    "id": "8786aeb1-370c-44f0-9413-3429d8e62ce4",
    "data": [
      {
        "text": "time of lib",
        "userDefined": false
      }
    ],
    "isTemplate": false,
    "count": 0,
    "updated": 1524379699
  },
  {
    "id": "8f9d4144-6c20-4cc0-8ffb-ea8f1f133592",
    "data": [
      {
        "text": "library",
        "userDefined": false
      }
    ],
    "isTemplate": false,
    "count": 0,
    "updated": 1523549267
  },
  {
    "id": "9adce24b-fac0-4951-904a-fb657c6eb3a1",
    "data": [
      {
        "text": "time of library",
        "userDefined": false
      }
    ],
    "isTemplate": false,
    "count": 0,
    "updated": 1524379699
  },
  {
    "id": "a5c13925-01ed-4f7d-ae9b-95429e533f04",
    "data": [
      {
        "text": "timing of library",
        "userDefined": false
      }
    ],
    "isTemplate": false,
    "count": 0,
    "updated": 1524379699
  },
  {
    "id": "37b57eb0-59c1-4a76-a169-36593f435720",
    "data": [
      {
        "text": "lib",
        "userDefined": false
      }
    ],
    "isTemplate": false,
    "count": 0,
    "updated": 1524379699
  }
]