[
  {
    "id": "6575df6a-a8af-40a9-b8d6-fa7a58f58712",
    "data": [
      {
        "text": "where books are kept",
        "userDefined": false
      }
    ],
    "isTemplate": false,
    "count": 0,
    "updated": 1523549267
  },
  {
    "id": "a94e3c2e-3a90-4406-9e2c-33b3fceaf46b",
    "data": [
      {
        "text": "reading materials?",
        "userDefined": false
      }
    ],
    "isTemplate": false,
    "count": 0,
    "updated": 1523549267
  },
  {
    "id": "9b1db677-1f29-46e3-993a-bb1321d6bba2",
    "data": [
      {
        "text": "library",
        "userDefined": false
      }
    ],
    "isTemplate": false,
    "count": 0,
    "updated": 1523549267
  }
]