[
  {
    "id": "2faba31b-309a-4489-95f0-ed99859830e5",
    "data": [
      {
        "text": "again",
        "userDefined": false
      }
    ],
    "isTemplate": false,
    "count": 0,
    "updated": 1524380060
  },
  {
    "id": "a2563a47-ca5b-467c-8f4a-c60415828e0f",
    "data": [
      {
        "text": "sorry",
        "userDefined": false
      }
    ],
    "isTemplate": false,
    "count": 0,
    "updated": 1524380060
  },
  {
    "id": "6aa98c33-8ee2-4087-aedc-40752da73d69",
    "data": [
      {
        "text": "repeat",
        "userDefined": false
      }
    ],
    "isTemplate": false,
    "count": 0,
    "updated": 1524380060
  },
  {
    "id": "8625123f-1088-47b9-a951-e70bc6ec19a7",
    "data": [
      {
        "text": "repeat ",
        "userDefined": false
      },
      {
        "text": "it",
        "meta": "@sys.ignore",
        "userDefined": false
      },
      {
        "text": " again",
        "userDefined": false
      }
    ],
    "isTemplate": false,
    "count": 0,
    "updated": 1524380060
  },
  {
    "id": "f8d75345-348d-405c-a99e-a4afd95b3494",
    "data": [
      {
        "text": "again please",
        "userDefined": false
      }
    ],
    "isTemplate": false,
    "count": 0,
    "updated": 1524380060
  },
  {
    "id": "0399b26c-eb32-4c58-a627-fc83653c2839",
    "data": [
      {
        "text": "can you speak slowly",
        "userDefined": false
      }
    ],
    "isTemplate": false,
    "count": 0,
    "updated": 1524380060
  },
  {
    "id": "dc4356ed-2f0a-4d96-9eaf-10ce19f3e060",
    "data": [
      {
        "text": "say ",
        "userDefined": false
      },
      {
        "text": "it",
        "meta": "@sys.ignore",
        "userDefined": false
      },
      {
        "text": " again",
        "userDefined": false
      }
    ],
    "isTemplate": false,
    "count": 0,
    "updated": 1524380060
  },
  {
    "id": "e690eecc-a4be-4b4f-8b12-8868936ed488",
    "data": [
      {
        "text": "sorry again please",
        "userDefined": false
      }
    ],
    "isTemplate": false,
    "count": 0,
    "updated": 1524380060
  },
  {
    "id": "62c42777-a451-4e21-9d5f-cbe1cb38a527",
    "data": [
      {
        "text": "pardon please",
        "userDefined": false
      }
    ],
    "isTemplate": false,
    "count": 0,
    "updated": 1524380060
  },
  {
    "id": "58137fc6-bfcf-48bd-8f6b-7c7027ec9e7b",
    "data": [
      {
        "text": "please repeat ",
        "userDefined": false
      },
      {
        "text": "it",
        "meta": "@sys.ignore",
        "userDefined": false
      }
    ],
    "isTemplate": false,
    "count": 0,
    "updated": 1524380060
  }
]