[
  {
    "id": "4a82f441-d60f-4eee-b7c5-a1b2c4084420",
    "data": [
      {
        "text": "college",
        "alias": "college",
        "meta": "@college",
        "userDefined": false
      },
      {
        "text": " life",
        "userDefined": false
      }
    ],
    "isTemplate": false,
    "count": 0,
    "updated": 1525430882
  },
  {
    "id": "546950df-5303-416c-965f-ea5027c8c812",
    "data": [
      {
        "text": "life at ",
        "userDefined": false
      },
      {
        "text": "college",
        "alias": "college",
        "meta": "@college",
        "userDefined": false
      }
    ],
    "isTemplate": false,
    "count": 0,
    "updated": 1525430882
  },
  {
    "id": "b4fda6c2-92a1-49cb-8b53-28090769ddef",
    "data": [
      {
        "text": "jecrc life",
        "userDefined": false
      }
    ],
    "isTemplate": false,
    "count": 0,
    "updated": 1525430882
  },
  {
    "id": "4b957c7f-9d25-4fe3-b96c-c431dc8f6f3b",
    "data": [
      {
        "text": "life at jecrc",
        "userDefined": false
      }
    ],
    "isTemplate": false,
    "count": 0,
    "updated": 1525430768
  }
]