[
  {
    "id": "e19f3efa-afc7-42f9-acf4-71f1438d1dd3",
    "data": [
      {
        "text": "live location",
        "userDefined": false
      }
    ],
    "isTemplate": false,
    "count": 0,
    "updated": 1535487508
  },
  {
    "id": "917ecc22-e231-406c-86aa-c4717a4addfc",
    "data": [
      {
        "text": "Where are you standing",
        "userDefined": false
      }
    ],
    "isTemplate": false,
    "count": 0,
    "updated": 1535487508
  },
  {
    "id": "2e61c8eb-eab9-4e42-87b4-487540fb3cd6",
    "data": [
      {
        "text": "what is this place",
        "userDefined": false
      }
    ],
    "isTemplate": false,
    "count": 0,
    "updated": 1535487508
  },
  {
    "id": "1e6f23b5-7c29-45bc-a525-b74d5602fb21",
    "data": [
      {
        "text": "location",
        "userDefined": false
      }
    ],
    "isTemplate": false,
    "count": 0,
    "updated": 1535487508
  },
  {
    "id": "4ea03122-d492-4007-969e-93fbe26a3c9b",
    "data": [
      {
        "text": "can you tell me our location",
        "userDefined": false
      }
    ],
    "isTemplate": false,
    "count": 0,
    "updated": 1535487508
  },
  {
    "id": "a9c5fb63-80ef-49a7-9c6c-616d4dcc0cc0",
    "data": [
      {
        "text": "Gyani ",
        "userDefined": false
      },
      {
        "text": "1.0",
        "meta": "@sys.ignore",
        "userDefined": false
      },
      {
        "text": " can you tell me our location",
        "userDefined": false
      }
    ],
    "isTemplate": false,
    "count": 0,
    "updated": 1535487508
  },
  {
    "id": "8a3f1861-eee8-4d0c-ac59-013987dd6100",
    "data": [
      {
        "text": "we are at what place",
        "userDefined": false
      }
    ],
    "isTemplate": false,
    "count": 0,
    "updated": 1535487508
  },
  {
    "id": "aa0abb87-1b9a-4c91-a3da-56b0306f0016",
    "data": [
      {
        "text": "where i am",
        "userDefined": false
      }
    ],
    "isTemplate": false,
    "count": 0,
    "updated": 1535487508
  }
]