[
  {
    "id": "6e5cd2b3-f2c4-4223-acde-7d9a2190b562",
    "data": [
      {
        "text": "mun",
        "userDefined": false
      }
    ],
    "isTemplate": false,
    "count": 0,
    "updated": 1523808041
  },
  {
    "id": "e8cb5b99-11f7-4cab-8d2f-17567cc88ab3",
    "data": [
      {
        "text": "jecrc",
        "alias": "college",
        "meta": "@college",
        "userDefined": false
      },
      {
        "text": " mun",
        "userDefined": false
      }
    ],
    "isTemplate": false,
    "count": 0,
    "updated": 1523808041
  },
  {
    "id": "935fd7c5-ea0b-4a0a-9c51-8bd2bba12b7c",
    "data": [
      {
        "text": "model united nations",
        "userDefined": false
      }
    ],
    "isTemplate": false,
    "count": 0,
    "updated": 1523808041
  }
]