[
  {
    "id": "bfc82dde-7771-4805-a396-b58377f73488",
    "data": [
      {
        "text": "global collaboration",
        "userDefined": false
      }
    ],
    "isTemplate": false,
    "count": 0,
    "updated": 1523856556
  },
  {
    "id": "b90d1ee5-4691-4180-b877-f8de01e093aa",
    "data": [
      {
        "text": "more about iaeste",
        "userDefined": false
      }
    ],
    "isTemplate": false,
    "count": 0,
    "updated": 1523856556
  },
  {
    "id": "8b94b484-f0c8-4581-b568-07314c927c74",
    "data": [
      {
        "text": "outside country",
        "userDefined": false
      }
    ],
    "isTemplate": false,
    "count": 0,
    "updated": 1523856556
  },
  {
    "id": "99c48b49-6e78-44c8-885e-264b7bb2835f",
    "data": [
      {
        "text": "exchange of students",
        "userDefined": false
      }
    ],
    "isTemplate": false,
    "count": 0,
    "updated": 1523856556
  },
  {
    "id": "1d119649-f6f7-4566-a980-e9fea1795f78",
    "data": [
      {
        "text": "foreign",
        "userDefined": false
      }
    ],
    "isTemplate": false,
    "count": 0,
    "updated": 1523856556
  },
  {
    "id": "3ec8b637-7ade-4c5d-b23f-b490e88787a3",
    "data": [
      {
        "text": "Iaeste",
        "userDefined": false
      }
    ],
    "isTemplate": false,
    "count": 0,
    "updated": 1523856556
  },
  {
    "id": "190a81c4-1548-4a0d-946f-eeddf7a6ff0d",
    "data": [
      {
        "text": "foreign exchange",
        "userDefined": false
      }
    ],
    "isTemplate": false,
    "count": 0,
    "updated": 1523856556
  }
]