[
  {
    "id": "dc8a91c2-8ad1-4d39-a52a-2adde29bcc99",
    "data": [
      {
        "text": "say ",
        "userDefined": false
      },
      {
        "text": "it",
        "meta": "@sys.ignore",
        "userDefined": false
      },
      {
        "text": " again",
        "userDefined": false
      }
    ],
    "isTemplate": false,
    "count": 0,
    "updated": 1523463326
  },
  {
    "id": "a8fdff87-54a3-496a-a124-44e06d2b64a1",
    "data": [
      {
        "text": "please say ",
        "userDefined": false
      },
      {
        "text": "it",
        "meta": "@sys.ignore",
        "userDefined": false
      },
      {
        "text": " again?",
        "userDefined": false
      }
    ],
    "isTemplate": false,
    "count": 0,
    "updated": 1523463326
  },
  {
    "id": "e6a11321-6971-44fd-8e41-fda0adaf8a43",
    "data": [
      {
        "text": "please  repeat",
        "userDefined": false
      }
    ],
    "isTemplate": false,
    "count": 0,
    "updated": 1523463326
  },
  {
    "id": "cb128172-e13d-4b2d-9536-6b989df767d9",
    "data": [
      {
        "text": "can you repeat?",
        "userDefined": false
      }
    ],
    "isTemplate": false,
    "count": 0,
    "updated": 1523463326
  },
  {
    "id": "17b8d3b0-4c9b-4f3b-b996-49d477c0c7ae",
    "data": [
      {
        "text": "sorry, pardon please",
        "userDefined": false
      }
    ],
    "isTemplate": false,
    "count": 0,
    "updated": 1523463326
  }
]