[
  {
    "id": "80bf7017-67ce-4566-8856-d7a4bc9ea2cc",
    "data": [
      {
        "text": "vision",
        "userDefined": false
      }
    ],
    "isTemplate": false,
    "count": 0,
    "updated": 1523463040
  },
  {
    "id": "0fb9e015-d34a-4ef0-b2ba-ee1e0bd24496",
    "data": [
      {
        "text": "motto",
        "userDefined": false
      }
    ],
    "isTemplate": false,
    "count": 0,
    "updated": 1523463040
  },
  {
    "id": "97f37aba-4eb3-4700-8999-52b44882e31d",
    "data": [
      {
        "text": "aim of your college",
        "userDefined": false
      }
    ],
    "isTemplate": false,
    "count": 0,
    "updated": 1523789355
  },
  {
    "id": "9594e4e2-800f-44e1-aafa-aa1a6bccd7c1",
    "data": [
      {
        "text": "aim of jecrc",
        "userDefined": false
      }
    ],
    "isTemplate": false,
    "count": 0,
    "updated": 1523789355
  }
]