[
  {
    "id": "8a1ef51a-f929-458b-ac53-76eda17b9461",
    "data": [
      {
        "text": "motto",
        "userDefined": false
      }
    ],
    "isTemplate": false,
    "count": 0,
    "updated": 1523463040
  },
  {
    "id": "d873f25f-4062-49ec-b048-50ad947db781",
    "data": [
      {
        "text": "aim",
        "userDefined": false
      }
    ],
    "isTemplate": false,
    "count": 0,
    "updated": 1523463040
  },
  {
    "id": "586c6d16-808e-4b41-813d-38ec67f1d05d",
    "data": [
      {
        "text": "vision",
        "userDefined": false
      }
    ],
    "isTemplate": false,
    "count": 0,
    "updated": 1523463040
  }
]