[
  {
    "id": "443b5832-db08-4154-9f9c-9cb40dcea4bc",
    "data": [
      {
        "text": "please  repeat",
        "userDefined": false
      }
    ],
    "isTemplate": false,
    "count": 0,
    "updated": 1523463326
  },
  {
    "id": "92010c67-04a2-4943-93f9-686e28dee7dc",
    "data": [
      {
        "text": "sorry, pardon please",
        "userDefined": false
      }
    ],
    "isTemplate": false,
    "count": 0,
    "updated": 1523463326
  },
  {
    "id": "68e76490-3330-49e9-8e7e-7f723e6a397d",
    "data": [
      {
        "text": "please say ",
        "userDefined": false
      },
      {
        "text": "it",
        "meta": "@sys.ignore",
        "userDefined": false
      },
      {
        "text": " again?",
        "userDefined": false
      }
    ],
    "isTemplate": false,
    "count": 0,
    "updated": 1523463326
  },
  {
    "id": "c02a66d0-0e67-43f3-84a2-fe7b796e32f8",
    "data": [
      {
        "text": "say ",
        "userDefined": false
      },
      {
        "text": "it",
        "meta": "@sys.ignore",
        "userDefined": false
      },
      {
        "text": " again",
        "userDefined": false
      }
    ],
    "isTemplate": false,
    "count": 0,
    "updated": 1523463326
  },
  {
    "id": "61e87288-b128-449a-a0b7-065d1a0c50e3",
    "data": [
      {
        "text": "can you repeat?",
        "userDefined": false
      }
    ],
    "isTemplate": false,
    "count": 0,
    "updated": 1523463326
  }
]