[
  {
    "id": "9d53e944-2bbb-4e35-89e2-c888f775dc55",
    "data": [
      {
        "text": "i am sorry",
        "userDefined": false
      }
    ],
    "isTemplate": false,
    "count": 0,
    "updated": 1528389489
  },
  {
    "id": "533644ba-6b22-4a7e-8b21-866575e043fd",
    "data": [
      {
        "text": "i was wrong",
        "userDefined": false
      }
    ],
    "isTemplate": false,
    "count": 0,
    "updated": 1528274417
  },
  {
    "id": "0998fda6-d1a3-458c-b2f9-a5438d79be6b",
    "data": [
      {
        "text": "my mistake",
        "userDefined": false
      }
    ],
    "isTemplate": false,
    "count": 0,
    "updated": 1528274417
  },
  {
    "id": "2c0f2903-1304-46e9-8266-61eeb17657d9",
    "data": [
      {
        "text": "my fault",
        "userDefined": false
      }
    ],
    "isTemplate": false,
    "count": 0,
    "updated": 1528274417
  },
  {
    "id": "469d660b-daa8-4ce7-a97e-a84db3a41468",
    "data": [
      {
        "text": "i apologize",
        "userDefined": false
      }
    ],
    "isTemplate": false,
    "count": 0,
    "updated": 1528274417
  },
  {
    "id": "146f2492-b79d-4dcd-8db7-0db661a5d943",
    "data": [
      {
        "text": "i apologies",
        "userDefined": false
      }
    ],
    "isTemplate": false,
    "count": 0,
    "updated": 1528274417
  },
  {
    "id": "971c4ad2-0df8-4ec4-8147-41798278db08",
    "data": [
      {
        "text": "sorry",
        "userDefined": false
      }
    ],
    "isTemplate": false,
    "count": 0,
    "updated": 1528274417
  }
]