[
  {
    "id": "130366f2-30f2-4820-99d9-0c583910f182",
    "data": [
      {
        "text": "I would like to see you again",
        "userDefined": false
      }
    ],
    "isTemplate": false,
    "count": 0,
    "updated": 1527960834
  },
  {
    "id": "33bf34eb-cd24-4add-ac75-46111917ab4d",
    "data": [
      {
        "text": "nice to see you",
        "userDefined": false
      }
    ],
    "isTemplate": false,
    "count": 0,
    "updated": 1527952486
  },
  {
    "id": "b4c014a5-7e9b-41f2-ad87-92dfa82f23e1",
    "data": [
      {
        "text": "nice to talk to you",
        "userDefined": false
      }
    ],
    "isTemplate": false,
    "count": 0,
    "updated": 1527952486
  },
  {
    "id": "c2022a17-89ae-4545-b49d-d8d31cd0f370",
    "data": [
      {
        "text": "nice to meet you",
        "userDefined": false
      }
    ],
    "isTemplate": false,
    "count": 0,
    "updated": 1527952486
  }
]