[
  {
    "id": "31d98b79-4500-4e0c-aced-71c8486dae37",
    "data": [
      {
        "text": "I don\u0027t have any friend",
        "userDefined": false
      }
    ],
    "isTemplate": false,
    "count": 0,
    "updated": 1527964575
  },
  {
    "id": "3f351b74-ddd6-4db0-a58a-25a46c3f51dd",
    "data": [
      {
        "text": "No one understands ",
        "userDefined": false
      },
      {
        "text": "me",
        "meta": "@sys.ignore",
        "userDefined": false
      }
    ],
    "isTemplate": false,
    "count": 0,
    "updated": 1527964575
  },
  {
    "id": "0786707e-f3f0-4f6d-9f0b-70d6dd4f6a94",
    "data": [
      {
        "text": "No one understands my feelings",
        "userDefined": false
      }
    ],
    "isTemplate": false,
    "count": 0,
    "updated": 1527964575
  },
  {
    "id": "6606aa6f-9bf7-4cce-aa99-41ed10c62f1c",
    "data": [
      {
        "text": "No one likes me",
        "userDefined": false
      }
    ],
    "isTemplate": false,
    "count": 0,
    "updated": 1527964575
  },
  {
    "id": "e68f62a2-8d11-4449-974e-4533e8bcc3cc",
    "data": [
      {
        "text": "I am so lonely",
        "userDefined": false
      }
    ],
    "isTemplate": false,
    "count": 0,
    "updated": 1527964575
  },
  {
    "id": "431cb796-8b7c-4433-adbd-66065eb0f4a6",
    "data": [
      {
        "text": "I am alone",
        "userDefined": false
      }
    ],
    "isTemplate": false,
    "count": 0,
    "updated": 1527964575
  }
]