[
  {
    "id": "a2ef7bcd-6923-416f-92b0-09fa4f83c3ae",
    "data": [
      {
        "text": "how many seats are there in ",
        "userDefined": false
      },
      {
        "text": "this college",
        "alias": "college",
        "meta": "@college",
        "userDefined": false
      },
      {
        "text": "?",
        "userDefined": false
      }
    ],
    "isTemplate": false,
    "count": 0,
    "updated": 1526018202
  },
  {
    "id": "c6467b1d-abd7-4b1d-8c6a-8908adb4cfc1",
    "data": [
      {
        "text": "seats for 1st year",
        "userDefined": false
      }
    ],
    "isTemplate": false,
    "count": 0,
    "updated": 1523857420
  },
  {
    "id": "e18bd6e2-8ec5-41a2-a555-6e8b8d8aab84",
    "data": [
      {
        "text": "seats in ",
        "userDefined": false
      },
      {
        "text": "jecrc",
        "alias": "college",
        "meta": "@college",
        "userDefined": false
      }
    ],
    "isTemplate": false,
    "count": 0,
    "updated": 1523857420
  },
  {
    "id": "7853a5c4-50a4-4aaa-9f48-e04f44e87dc6",
    "data": [
      {
        "text": "seats",
        "userDefined": false
      }
    ],
    "isTemplate": false,
    "count": 0,
    "updated": 1523457897
  }
]