[
  {
    "id": "2df4fbca-a80d-49c8-bdc0-9cf2af0450f7",
    "data": [
      {
        "text": "sorry can u repeat ",
        "userDefined": false
      },
      {
        "text": "it",
        "meta": "@sys.ignore",
        "userDefined": false
      },
      {
        "text": " again",
        "userDefined": false
      }
    ],
    "isTemplate": false,
    "count": 0,
    "updated": 1523453823
  },
  {
    "id": "5a193b75-1259-404f-8b3c-237414d6ae1b",
    "data": [
      {
        "text": "please repeat",
        "userDefined": false
      }
    ],
    "isTemplate": false,
    "count": 0,
    "updated": 1523453823
  },
  {
    "id": "88b60a8d-2213-4d04-a632-f2f609d02148",
    "data": [
      {
        "text": "repeat ",
        "userDefined": false
      },
      {
        "text": "it",
        "meta": "@sys.ignore",
        "userDefined": false
      },
      {
        "text": " please",
        "userDefined": false
      }
    ],
    "isTemplate": false,
    "count": 0,
    "updated": 1523453823
  },
  {
    "id": "ddb4d20f-3359-4770-8cd9-cfb7da160a48",
    "data": [
      {
        "text": "pardon please",
        "userDefined": false
      }
    ],
    "isTemplate": false,
    "count": 0,
    "updated": 1523453823
  }
]