[
  {
    "id": "5fdbe831-5014-48f8-9a82-e4395fb8ab12",
    "data": [
      {
        "text": "repeat ",
        "userDefined": false
      },
      {
        "text": "it",
        "meta": "@sys.ignore",
        "userDefined": false
      },
      {
        "text": " please",
        "userDefined": false
      }
    ],
    "isTemplate": false,
    "count": 0,
    "updated": 1523453823
  },
  {
    "id": "65286b23-ba56-4faf-b51a-817b5280c755",
    "data": [
      {
        "text": "sorry can u repeat ",
        "userDefined": false
      },
      {
        "text": "it",
        "meta": "@sys.ignore",
        "userDefined": false
      },
      {
        "text": " again",
        "userDefined": false
      }
    ],
    "isTemplate": false,
    "count": 0,
    "updated": 1523453823
  },
  {
    "id": "ddb8caad-d9ff-43f4-93ad-b241acf097bf",
    "data": [
      {
        "text": "please repeat",
        "userDefined": false
      }
    ],
    "isTemplate": false,
    "count": 0,
    "updated": 1523453823
  },
  {
    "id": "312e4a06-7d8e-4911-b89e-85e580bdaa46",
    "data": [
      {
        "text": "pardon please",
        "userDefined": false
      }
    ],
    "isTemplate": false,
    "count": 0,
    "updated": 1523453823
  }
]