[
  {
    "id": "b1b2ee1d-f07a-4f8d-91c9-72bf0f5ec07d",
    "data": [
      {
        "text": "Ok good",
        "userDefined": false
      }
    ],
    "isTemplate": false,
    "count": 0,
    "updated": 1527874382
  },
  {
    "id": "d7f46558-d239-428f-845f-6ed7f8b824d7",
    "data": [
      {
        "text": "Good",
        "userDefined": false
      }
    ],
    "isTemplate": false,
    "count": 0,
    "updated": 1527874382
  },
  {
    "id": "83b0c2e3-e35a-410a-be5d-1fb43a679c08",
    "data": [
      {
        "text": "Nice",
        "userDefined": false
      }
    ],
    "isTemplate": false,
    "count": 0,
    "updated": 1527874638
  },
  {
    "id": "7cf7f2b4-7917-4ec0-9f2f-1ba2db9725f6",
    "data": [
      {
        "text": "Ok",
        "userDefined": false
      }
    ],
    "isTemplate": false,
    "count": 0,
    "updated": 1527874382
  }
]