[
  {
    "id": "d541d566-1acf-48f3-b40e-608a2fbf6749",
    "data": [
      {
        "text": "fotogra freaks",
        "userDefined": false
      }
    ],
    "isTemplate": false,
    "count": 0,
    "updated": 1523542453
  },
  {
    "id": "a681c385-e66e-402c-a1a2-40584e77fd7e",
    "data": [
      {
        "text": "photo",
        "userDefined": false
      }
    ],
    "isTemplate": false,
    "count": 0,
    "updated": 1523542453
  },
  {
    "id": "80f18d1b-e3fb-4c1e-8142-4f1a7c5881f7",
    "data": [
      {
        "text": "photogra freaks",
        "userDefined": false
      }
    ],
    "isTemplate": false,
    "count": 0,
    "updated": 1523542453
  },
  {
    "id": "7291965d-315b-4ebe-b051-60e9af43a429",
    "data": [
      {
        "text": "photography",
        "userDefined": false
      }
    ],
    "isTemplate": false,
    "count": 0,
    "updated": 1523542453
  }
]