[
  {
    "id": "536c7b2d-aed2-4972-8977-826b540143c4",
    "data": [
      {
        "text": "how can i take part in it",
        "userDefined": false
      }
    ],
    "isTemplate": false,
    "count": 0,
    "updated": 1523608283
  },
  {
    "id": "7d8ee31b-6110-4ebd-b0ae-de1981044ab9",
    "data": [
      {
        "text": "number of students involved",
        "userDefined": false
      }
    ],
    "isTemplate": false,
    "count": 0,
    "updated": 1523608283
  },
  {
    "id": "8d0830b6-ba9a-49ce-9458-bd206511bac0",
    "data": [
      {
        "text": "participate",
        "userDefined": false
      }
    ],
    "isTemplate": false,
    "count": 0,
    "updated": 1523608283
  },
  {
    "id": "51534cce-ed83-4390-97b4-a14c858ad57c",
    "data": [
      {
        "text": "contact number",
        "userDefined": false
      }
    ],
    "isTemplate": false,
    "count": 0,
    "updated": 1523608283
  },
  {
    "id": "57bdefe1-ff6b-4dc0-a539-d0572b30aa77",
    "data": [
      {
        "text": "contact",
        "userDefined": false
      }
    ],
    "isTemplate": false,
    "count": 0,
    "updated": 1523608283
  },
  {
    "id": "9e92fd9a-e2cb-47e4-b2f4-c36f93e8c391",
    "data": [
      {
        "text": "head",
        "userDefined": false
      }
    ],
    "isTemplate": false,
    "count": 0,
    "updated": 1523608283
  },
  {
    "id": "ff5fe805-1a3d-40b5-8da3-767092b77e71",
    "data": [
      {
        "text": "more information",
        "userDefined": false
      }
    ],
    "isTemplate": false,
    "count": 0,
    "updated": 1523608283
  },
  {
    "id": "8e0a6c82-e9e8-4866-b0d8-93f3697cb88c",
    "data": [
      {
        "text": "information",
        "userDefined": false
      }
    ],
    "isTemplate": false,
    "count": 0,
    "updated": 1523608283
  },
  {
    "id": "066b6b7f-707b-455b-bd4c-1b5d8337a13f",
    "data": [
      {
        "text": "a",
        "userDefined": false
      }
    ],
    "isTemplate": false,
    "count": 0,
    "updated": 1523608283
  },
  {
    "id": "66a04eaa-febc-4ece-88f6-b7433d3da386",
    "data": [
      {
        "text": "major events of photogra",
        "userDefined": false
      }
    ],
    "isTemplate": false,
    "count": 0,
    "updated": 1523608283
  },
  {
    "id": "20da1bfd-5602-480d-9fe9-542296408149",
    "data": [
      {
        "text": "is",
        "userDefined": false
      }
    ],
    "isTemplate": false,
    "count": 0,
    "updated": 1523608283
  },
  {
    "id": "a78facbc-a6e5-4dda-8ef7-0914ff833142",
    "data": [
      {
        "text": "more about ",
        "userDefined": false
      },
      {
        "text": "it",
        "meta": "@sys.ignore",
        "userDefined": false
      }
    ],
    "isTemplate": false,
    "count": 0,
    "updated": 1523608283
  },
  {
    "id": "99f2af7e-ef4c-4dc2-8d4c-9b9d238ea88d",
    "data": [
      {
        "text": "major events of fotogra freaks",
        "userDefined": false
      }
    ],
    "isTemplate": false,
    "count": 0,
    "updated": 1523608283
  }
]