[
  {
    "id": "540fc482-3035-4d14-bebf-96f1260e98bf",
    "data": [
      {
        "text": "say ",
        "userDefined": false
      },
      {
        "text": "it",
        "meta": "@sys.ignore",
        "userDefined": false
      },
      {
        "text": " again",
        "userDefined": false
      }
    ],
    "isTemplate": false,
    "count": 0,
    "updated": 1523696388
  },
  {
    "id": "9d482c7d-c482-46f2-9521-b9cead8eb026",
    "data": [
      {
        "text": "sorry",
        "userDefined": false
      }
    ],
    "isTemplate": false,
    "count": 0,
    "updated": 1523696388
  },
  {
    "id": "b1a61100-81b2-49f7-98e6-5273b7339fdd",
    "data": [
      {
        "text": "repeat it",
        "userDefined": false
      }
    ],
    "isTemplate": false,
    "count": 0,
    "updated": 1523696388
  },
  {
    "id": "fc746541-ba08-48d9-8cb6-f25226b8aadf",
    "data": [
      {
        "text": "again",
        "userDefined": false
      }
    ],
    "isTemplate": false,
    "count": 0,
    "updated": 1523696388
  }
]