[
  {
    "id": "ddf17d9a-de30-4c7d-a887-dd49dc5a492d",
    "data": [
      {
        "text": "photography",
        "userDefined": false
      }
    ],
    "isTemplate": false,
    "count": 0,
    "updated": 1523542453
  },
  {
    "id": "d665c9ab-1f5e-491b-814f-4a18c8de9230",
    "data": [
      {
        "text": "photogra freaks",
        "userDefined": false
      }
    ],
    "isTemplate": false,
    "count": 0,
    "updated": 1523542453
  },
  {
    "id": "a4f3bf46-c801-40ae-99f0-fbd041928f9b",
    "data": [
      {
        "text": "photo",
        "userDefined": false
      }
    ],
    "isTemplate": false,
    "count": 0,
    "updated": 1523542453
  },
  {
    "id": "3eca2be8-5378-4bfe-98c1-2fc6e4256c55",
    "data": [
      {
        "text": "fotogra freaks",
        "userDefined": false
      }
    ],
    "isTemplate": false,
    "count": 0,
    "updated": 1523542453
  }
]