[
  {
    "id": "ef1aeb80-92d5-4f17-9833-2cc2d88746e4",
    "data": [
      {
        "text": "more information",
        "userDefined": false
      }
    ],
    "isTemplate": false,
    "count": 0,
    "updated": 1523608283
  },
  {
    "id": "b6d29783-77dc-4f62-812b-2aa8ea10aa2e",
    "data": [
      {
        "text": "how can i take part in it",
        "userDefined": false
      }
    ],
    "isTemplate": false,
    "count": 0,
    "updated": 1523608283
  },
  {
    "id": "19465ec4-c168-474c-b221-1997771c8276",
    "data": [
      {
        "text": "a",
        "userDefined": false
      }
    ],
    "isTemplate": false,
    "count": 0,
    "updated": 1523608283
  },
  {
    "id": "a1aff174-f85c-48a6-bb33-b0daa3c2f238",
    "data": [
      {
        "text": "major events of fotogra freaks",
        "userDefined": false
      }
    ],
    "isTemplate": false,
    "count": 0,
    "updated": 1523608283
  },
  {
    "id": "6c03d3ff-3345-4813-b54d-890951406154",
    "data": [
      {
        "text": "information",
        "userDefined": false
      }
    ],
    "isTemplate": false,
    "count": 0,
    "updated": 1523608283
  },
  {
    "id": "f3c5c6da-af62-4119-97d7-9ed67de81b22",
    "data": [
      {
        "text": "more about ",
        "userDefined": false
      },
      {
        "text": "it",
        "meta": "@sys.ignore",
        "userDefined": false
      }
    ],
    "isTemplate": false,
    "count": 0,
    "updated": 1523608283
  },
  {
    "id": "1ded7caf-4fe9-4c4f-8877-7c8899c218b6",
    "data": [
      {
        "text": "major events of photogra",
        "userDefined": false
      }
    ],
    "isTemplate": false,
    "count": 0,
    "updated": 1523608283
  },
  {
    "id": "ca2f37fb-efc7-4b1b-b74a-c2addac91920",
    "data": [
      {
        "text": "is",
        "userDefined": false
      }
    ],
    "isTemplate": false,
    "count": 0,
    "updated": 1523608283
  },
  {
    "id": "313f7a38-dbe0-4666-8e12-7571f700f30d",
    "data": [
      {
        "text": "number of students involved",
        "userDefined": false
      }
    ],
    "isTemplate": false,
    "count": 0,
    "updated": 1523608283
  },
  {
    "id": "4ce61239-60f6-41a3-93a7-db5b9faf4bb2",
    "data": [
      {
        "text": "participate",
        "userDefined": false
      }
    ],
    "isTemplate": false,
    "count": 0,
    "updated": 1523608283
  },
  {
    "id": "725a25c4-a458-4779-bcca-4b6869c1f81d",
    "data": [
      {
        "text": "head",
        "userDefined": false
      }
    ],
    "isTemplate": false,
    "count": 0,
    "updated": 1523608283
  },
  {
    "id": "aad2ba44-79d0-4078-9264-3c618275aa10",
    "data": [
      {
        "text": "contact number",
        "userDefined": false
      }
    ],
    "isTemplate": false,
    "count": 0,
    "updated": 1523608283
  },
  {
    "id": "ecb95fbe-02a7-40fd-a506-e342ac41c3be",
    "data": [
      {
        "text": "contact",
        "userDefined": false
      }
    ],
    "isTemplate": false,
    "count": 0,
    "updated": 1523608283
  }
]