[
  {
    "id": "6b953a2c-918b-4d20-a0ae-f5b2df66a36e",
    "data": [
      {
        "text": "say ",
        "userDefined": false
      },
      {
        "text": "it",
        "meta": "@sys.ignore",
        "userDefined": false
      },
      {
        "text": " again",
        "userDefined": false
      }
    ],
    "isTemplate": false,
    "count": 0,
    "updated": 1524376996
  },
  {
    "id": "964a77f4-e4b5-4088-8cab-1e2e1bffa1fb",
    "data": [
      {
        "text": "again",
        "userDefined": false
      }
    ],
    "isTemplate": false,
    "count": 0,
    "updated": 1524376996
  },
  {
    "id": "71575f21-610d-4a3a-882e-ccea0e43124c",
    "data": [
      {
        "text": "repeat ",
        "userDefined": false
      },
      {
        "text": "it",
        "meta": "@sys.ignore",
        "userDefined": false
      }
    ],
    "isTemplate": false,
    "count": 0,
    "updated": 1524376996
  },
  {
    "id": "b8b12bfa-54b8-4e3f-8826-5727638f1314",
    "data": [
      {
        "text": "can you please repeat ",
        "userDefined": false
      },
      {
        "text": "it",
        "meta": "@sys.ignore",
        "userDefined": false
      },
      {
        "text": " again",
        "userDefined": false
      }
    ],
    "isTemplate": false,
    "count": 0,
    "updated": 1524376996
  },
  {
    "id": "6ab2156d-a95a-49c7-adca-71025940b064",
    "data": [
      {
        "text": "sorry",
        "userDefined": false
      }
    ],
    "isTemplate": false,
    "count": 0,
    "updated": 1524376996
  }
]