[
  {
    "id": "e2ef9fef-8186-4203-8657-dcdeb87b8285",
    "data": [
      {
        "text": "how can i get higher salary",
        "userDefined": false
      }
    ],
    "isTemplate": false,
    "count": 0,
    "updated": 1527927189
  },
  {
    "id": "338dbb40-fd8b-4ef1-90c4-76726504c523",
    "data": [
      {
        "text": "how can i get good placement",
        "userDefined": false
      }
    ],
    "isTemplate": false,
    "count": 0,
    "updated": 1527927189
  },
  {
    "id": "5531d28e-9aba-4013-8bdf-e7b506d0df99",
    "data": [
      {
        "text": "better placement oppurtunity",
        "userDefined": false
      }
    ],
    "isTemplate": false,
    "count": 0,
    "updated": 1527927189
  },
  {
    "id": "154d49aa-d78b-4ace-af5e-2153b98791f7",
    "data": [
      {
        "text": "how can i do well",
        "userDefined": false
      }
    ],
    "isTemplate": false,
    "count": 0,
    "updated": 1527927189
  }
]