[
  {
    "id": "09f9918f-3923-4324-9874-810a93eb4dd7",
    "data": [
      {
        "text": "highest package",
        "userDefined": false
      }
    ],
    "isTemplate": false,
    "count": 0,
    "updated": 1527926599
  },
  {
    "id": "5e00c7d6-0079-497b-a574-a4f06de4c7f9",
    "data": [
      {
        "text": "placement ratio in ",
        "userDefined": false
      },
      {
        "text": "jecrc",
        "alias": "college",
        "meta": "@college",
        "userDefined": false
      },
      {
        "text": "?",
        "userDefined": false
      }
    ],
    "isTemplate": false,
    "count": 0,
    "updated": 1527926599
  },
  {
    "id": "8c266128-7ba4-4f20-b04a-550e4cbc0dc9",
    "data": [
      {
        "text": "average package",
        "userDefined": false
      }
    ],
    "isTemplate": false,
    "count": 0,
    "updated": 1527926599
  },
  {
    "id": "a43b0039-d8e2-44b8-83a5-75f2d68185a1",
    "data": [
      {
        "text": "last year",
        "meta": "@sys.ignore",
        "userDefined": false
      },
      {
        "text": " placements",
        "userDefined": false
      }
    ],
    "isTemplate": false,
    "count": 0,
    "updated": 1527926599
  },
  {
    "id": "6daf0997-51d9-49b4-837d-86d15be4f339",
    "data": [
      {
        "text": "placements",
        "userDefined": false
      }
    ],
    "isTemplate": false,
    "count": 0,
    "updated": 1527926599
  },
  {
    "id": "d3b64e74-a596-4732-891d-350ada593b77",
    "data": [
      {
        "text": "student placed in campus?",
        "userDefined": false
      }
    ],
    "isTemplate": false,
    "count": 0,
    "updated": 1527926599
  },
  {
    "id": "b4d7fdc0-ef6d-4265-adf9-6178d3127d5d",
    "data": [
      {
        "text": "recruiter",
        "userDefined": false
      }
    ],
    "isTemplate": false,
    "count": 0,
    "updated": 1527926599
  },
  {
    "id": "7707988d-6ded-4f2c-ba12-785b614d2214",
    "data": [
      {
        "text": "companies",
        "userDefined": false
      }
    ],
    "isTemplate": false,
    "count": 0,
    "updated": 1527926599
  },
  {
    "id": "df6db1b0-0cc9-4c9d-84b8-dfa7ac79978b",
    "data": [
      {
        "text": "job oppurtunity",
        "userDefined": false
      }
    ],
    "isTemplate": false,
    "count": 0,
    "updated": 1527926599
  },
  {
    "id": "99049a95-5f2e-452c-a43f-0e838b271030",
    "data": [
      {
        "text": "total students placed?",
        "userDefined": false
      }
    ],
    "isTemplate": false,
    "count": 0,
    "updated": 1527926599
  },
  {
    "id": "3546ecd7-5cb7-47c0-bdb9-b6ba0d741bbd",
    "data": [
      {
        "text": "campus recruitment",
        "userDefined": false
      }
    ],
    "isTemplate": false,
    "count": 0,
    "updated": 1527926599
  },
  {
    "id": "4583a0bc-aac1-4214-9233-c38d4b5e00f2",
    "data": [
      {
        "text": "placements at jecrc",
        "userDefined": false
      }
    ],
    "isTemplate": false,
    "count": 0,
    "updated": 1527926599
  },
  {
    "id": "0dfe2822-78c8-4a57-91e3-eb3daceec89e",
    "data": [
      {
        "text": "overall placement scenario",
        "userDefined": false
      }
    ],
    "isTemplate": false,
    "count": 0,
    "updated": 1527926599
  },
  {
    "id": "c3a1eae1-00c7-42fa-9b20-01bb5675d763",
    "data": [
      {
        "text": "total number of offers",
        "userDefined": false
      }
    ],
    "isTemplate": false,
    "count": 0,
    "updated": 1527926599
  },
  {
    "id": "f4adfb32-dbfd-4461-9785-730292911af2",
    "data": [
      {
        "text": "placement track record",
        "userDefined": false
      }
    ],
    "isTemplate": false,
    "count": 0,
    "updated": 1527926599
  },
  {
    "id": "77810437-b660-4cbf-9941-0e351297e87a",
    "data": [
      {
        "text": "jobs",
        "userDefined": false
      }
    ],
    "isTemplate": false,
    "count": 0,
    "updated": 1527926599
  },
  {
    "id": "3a50257e-0747-4fdb-8b73-b5c92ec00c21",
    "data": [
      {
        "text": "ratio of student placed",
        "userDefined": false
      }
    ],
    "isTemplate": false,
    "count": 0,
    "updated": 1527926599
  }
]