[
  {
    "id": "03f72eff-3d50-4182-81cc-67fdc4b69738",
    "data": [
      {
        "text": "total students placed?",
        "userDefined": false
      }
    ],
    "isTemplate": false,
    "count": 0,
    "updated": 1523548424
  },
  {
    "id": "a5aca269-91f5-4108-892d-282874c7cd71",
    "data": [
      {
        "text": "average package",
        "userDefined": false
      }
    ],
    "isTemplate": false,
    "count": 0,
    "updated": 1523548424
  },
  {
    "id": "a3bf29b5-09b0-487b-a485-eaded2295acc",
    "data": [
      {
        "text": "last year",
        "meta": "@sys.ignore",
        "userDefined": false
      },
      {
        "text": " placements",
        "userDefined": false
      }
    ],
    "isTemplate": false,
    "count": 0,
    "updated": 1523548424
  },
  {
    "id": "f8fc24f2-0d9a-4197-b5d3-9a6600cbd9e2",
    "data": [
      {
        "text": "companies",
        "userDefined": false
      }
    ],
    "isTemplate": false,
    "count": 0,
    "updated": 1523548424
  },
  {
    "id": "b6368a99-b742-409c-ae05-3adaa443748d",
    "data": [
      {
        "text": "placements at jecrc",
        "userDefined": false
      }
    ],
    "isTemplate": false,
    "count": 0,
    "updated": 1523548424
  },
  {
    "id": "c61190ea-389e-4a81-acf0-b57d5b5c28f5",
    "data": [
      {
        "text": "total number of offers",
        "userDefined": false
      }
    ],
    "isTemplate": false,
    "count": 0,
    "updated": 1523548424
  },
  {
    "id": "3c5e422b-029d-4711-bf09-e39e1f8d81be",
    "data": [
      {
        "text": "placements",
        "userDefined": false
      }
    ],
    "isTemplate": false,
    "count": 0,
    "updated": 1523548424
  },
  {
    "id": "1a85781f-dc71-42de-848c-c86c8b2de5ab",
    "data": [
      {
        "text": "highest package",
        "userDefined": false
      }
    ],
    "isTemplate": false,
    "count": 0,
    "updated": 1523548424
  }
]