[
  {
    "id": "22f7d2e5-1239-4ada-86ee-176ef0ae3f21",
    "data": [
      {
        "text": "ragging commitee",
        "userDefined": false
      }
    ],
    "isTemplate": false,
    "count": 0,
    "updated": 1524140683
  },
  {
    "id": "d2bb8e77-989d-4cc6-b794-9aadfef64e07",
    "data": [
      {
        "text": "anti ragging",
        "userDefined": false
      }
    ],
    "isTemplate": false,
    "count": 0,
    "updated": 1524140683
  },
  {
    "id": "60346439-9fd8-4c76-937a-6150ca9ae7f2",
    "data": [
      {
        "text": "ragging",
        "userDefined": false
      }
    ],
    "isTemplate": false,
    "count": 0,
    "updated": 1524140683
  },
  {
    "id": "19bf993b-ecb9-47d9-a4ab-c51c969f1e89",
    "data": [
      {
        "text": "anti ragging comitee",
        "userDefined": false
      }
    ],
    "isTemplate": false,
    "count": 0,
    "updated": 1524140683
  }
]