[
  {
    "id": "044558ba-29e0-4a00-9c06-f6272f4c9003",
    "data": [
      {
        "text": "contact number",
        "userDefined": false
      }
    ],
    "isTemplate": false,
    "count": 0,
    "updated": 1524898976
  },
  {
    "id": "6d6453ea-46e3-43eb-bb07-2511fb03b0e4",
    "data": [
      {
        "text": "repeat ",
        "userDefined": false
      },
      {
        "text": "it",
        "meta": "@sys.ignore",
        "userDefined": false
      }
    ],
    "isTemplate": false,
    "count": 0,
    "updated": 1524898976
  },
  {
    "id": "368ff4f4-f932-4092-b004-60c02d3e4024",
    "data": [
      {
        "text": "say ",
        "userDefined": false
      },
      {
        "text": "it",
        "meta": "@sys.ignore",
        "userDefined": false
      },
      {
        "text": " again",
        "userDefined": false
      }
    ],
    "isTemplate": false,
    "count": 0,
    "updated": 1524898976
  },
  {
    "id": "dc07ee8e-0ef6-42d9-bc99-fc26cef1906f",
    "data": [
      {
        "text": "can you please say ",
        "userDefined": false
      },
      {
        "text": "it",
        "meta": "@sys.ignore",
        "userDefined": false
      },
      {
        "text": " again",
        "userDefined": false
      }
    ],
    "isTemplate": false,
    "count": 0,
    "updated": 1524898976
  },
  {
    "id": "98cbdc7c-3a41-4d6e-b1de-40793a6becb5",
    "data": [
      {
        "text": "again please",
        "userDefined": false
      }
    ],
    "isTemplate": false,
    "count": 0,
    "updated": 1524898976
  }
]