[
  {
    "id": "132b3c0c-d8af-4305-8b45-4e2bd91de747",
    "data": [
      {
        "text": "soch",
        "userDefined": false
      }
    ],
    "isTemplate": false,
    "count": 0,
    "updated": 1523776841
  },
  {
    "id": "cf35bb68-d364-4168-9de7-94195a000751",
    "data": [
      {
        "text": "sooch",
        "userDefined": false
      }
    ],
    "isTemplate": false,
    "count": 0,
    "updated": 1523776841
  },
  {
    "id": "73f6ba0b-2766-418c-994b-2650f4d17db5",
    "data": [
      {
        "text": "soochh",
        "userDefined": false
      }
    ],
    "isTemplate": false,
    "count": 0,
    "updated": 1523776841
  }
]