[
  {
    "id": "51aaa4a9-3bb5-4cf6-8897-8357f5f29b61",
    "data": [
      {
        "text": "tell me something about soch",
        "userDefined": false
      }
    ],
    "isTemplate": false,
    "count": 0,
    "updated": 1523514186
  },
  {
    "id": "0f7e1e90-57c1-4a21-a132-1212db1f036b",
    "data": [
      {
        "text": "soch",
        "userDefined": false
      }
    ],
    "isTemplate": false,
    "count": 0,
    "updated": 1523514186
  },
  {
    "id": "b87c7e7e-fa77-428e-9b9c-d2352ef63d23",
    "data": [
      {
        "text": "sooch",
        "userDefined": false
      }
    ],
    "isTemplate": false,
    "count": 0,
    "updated": 1523514186
  }
]