[
  {
    "id": "1344c957-3028-41aa-8ba3-7c0e9fc6c62b",
    "data": [
      {
        "text": "spiritual centre",
        "meta": "@sys.ignore",
        "userDefined": false
      }
    ],
    "isTemplate": false,
    "count": 0,
    "updated": 1527359907
  },
  {
    "id": "79a62d72-d0e6-4d97-99df-f71b6fbda36b",
    "data": [
      {
        "text": "spiritual center",
        "meta": "@sys.ignore",
        "userDefined": false
      }
    ],
    "isTemplate": false,
    "count": 0,
    "updated": 1527359907
  },
  {
    "id": "f4aa8110-2ff7-43fc-a7eb-cea715afa489",
    "data": [
      {
        "text": "spiritual cell",
        "userDefined": false
      }
    ],
    "isTemplate": false,
    "count": 0,
    "updated": 1527359907
  },
  {
    "id": "9cd61a6d-d223-40b0-b7bd-f4f612690de2",
    "data": [
      {
        "text": "peace center",
        "meta": "@sys.ignore",
        "userDefined": false
      }
    ],
    "isTemplate": false,
    "count": 0,
    "updated": 1527359907
  },
  {
    "id": "25dc2684-6941-4ca5-9926-425bd9b1905c",
    "data": [
      {
        "text": "spirit",
        "userDefined": false
      }
    ],
    "isTemplate": false,
    "count": 0,
    "updated": 1527359907
  },
  {
    "id": "352c066a-d6ba-47d9-b006-d99d64d387ae",
    "data": [
      {
        "text": "peace centre",
        "meta": "@sys.ignore",
        "userDefined": false
      }
    ],
    "isTemplate": false,
    "count": 0,
    "updated": 1527359907
  }
]