[
  {
    "id": "5d62d927-32c8-4cfd-9fae-d8eefc5e1553",
    "data": [
      {
        "text": "aenterprenurship",
        "userDefined": false
      }
    ],
    "isTemplate": false,
    "count": 0,
    "updated": 1523805946
  },
  {
    "id": "82a5d024-dac5-4055-a567-4b406e0342bc",
    "data": [
      {
        "text": "startup",
        "userDefined": false
      }
    ],
    "isTemplate": false,
    "count": 0,
    "updated": 1523805946
  },
  {
    "id": "80761e29-a2fa-4d78-ba94-9c01a8dca5cc",
    "data": [
      {
        "text": "how many students have started their startup in ",
        "userDefined": false
      },
      {
        "text": "jecrc",
        "alias": "college",
        "meta": "@college",
        "userDefined": false
      }
    ],
    "isTemplate": false,
    "count": 0,
    "updated": 1524380639
  },
  {
    "id": "97ad7276-efb2-4503-9222-2be65844f462",
    "data": [
      {
        "text": "enterprenurship",
        "userDefined": false
      }
    ],
    "isTemplate": false,
    "count": 0,
    "updated": 1523805946
  },
  {
    "id": "a9e144a0-446a-45ae-979e-64aa1af982c2",
    "data": [
      {
        "text": "startup at ",
        "userDefined": false
      },
      {
        "text": "jecrc",
        "alias": "college",
        "meta": "@college",
        "userDefined": false
      }
    ],
    "isTemplate": false,
    "count": 0,
    "updated": 1523805946
  },
  {
    "id": "79b4a4f0-39f6-479b-bdc9-7f4d8446679d",
    "data": [
      {
        "text": "startups",
        "userDefined": false
      }
    ],
    "isTemplate": false,
    "count": 0,
    "updated": 1523805946
  }
]