[
  {
    "id": "15295706-348c-4898-8692-28d4b51263db",
    "data": [
      {
        "text": "class size",
        "userDefined": false
      }
    ],
    "isTemplate": false,
    "count": 0,
    "updated": 1524309275
  },
  {
    "id": "a9149921-3205-4f06-b01a-3ebb12abd989",
    "data": [
      {
        "text": "students in a class",
        "userDefined": false
      }
    ],
    "isTemplate": false,
    "count": 0,
    "updated": 1524309275
  },
  {
    "id": "9d9935eb-8139-4ad6-8166-210ba0b3f73f",
    "data": [
      {
        "text": "number of students in a class",
        "userDefined": false
      }
    ],
    "isTemplate": false,
    "count": 0,
    "updated": 1524309275
  }
]