[
  {
    "id": "247ba5d0-94ec-4ce4-88a2-00e62fc58f02",
    "data": [
      {
        "text": "subjects in electrical engineering",
        "userDefined": false
      }
    ],
    "isTemplate": false,
    "count": 0,
    "updated": 1524659093
  },
  {
    "id": "f9d9d568-731f-4682-be1f-eed474dc88b4",
    "data": [
      {
        "text": "subject in ",
        "userDefined": false
      },
      {
        "text": "jecrc",
        "alias": "college",
        "meta": "@college",
        "userDefined": false
      }
    ],
    "isTemplate": false,
    "count": 0,
    "updated": 1524659093
  },
  {
    "id": "8966b8b8-baba-4a44-8fbf-84b265c6fcd0",
    "data": [
      {
        "text": "subject in ",
        "userDefined": false
      },
      {
        "text": "in 1st year",
        "alias": "date",
        "meta": "@sys.date",
        "userDefined": false
      }
    ],
    "isTemplate": false,
    "count": 0,
    "updated": 1524659093
  },
  {
    "id": "efd038dc-f378-4616-b92a-312e2eeb9a22",
    "data": [
      {
        "text": "subjects in ",
        "userDefined": false
      },
      {
        "text": "it",
        "alias": "branches",
        "meta": "@branches",
        "userDefined": false
      }
    ],
    "isTemplate": false,
    "count": 0,
    "updated": 1524659093
  },
  {
    "id": "4f4719ad-b82b-487f-bd85-9752efd9b41b",
    "data": [
      {
        "text": "subjects in engineering",
        "userDefined": false
      }
    ],
    "isTemplate": false,
    "count": 0,
    "updated": 1524659093
  },
  {
    "id": "9c39fc9c-a0de-46a4-9dd5-a1a25cc2fbf6",
    "data": [
      {
        "text": "subjects in civil",
        "userDefined": false
      }
    ],
    "isTemplate": false,
    "count": 0,
    "updated": 1524659093
  },
  {
    "id": "1121ff39-8022-49b7-aebc-420d50114851",
    "data": [
      {
        "text": "subjects in electronics and communication",
        "userDefined": false
      }
    ],
    "isTemplate": false,
    "count": 0,
    "updated": 1524659093
  },
  {
    "id": "a969562b-b93b-4634-8ff3-669490ef55a7",
    "data": [
      {
        "text": "subjects in ",
        "userDefined": false
      },
      {
        "text": "computer science",
        "alias": "branches",
        "meta": "@branches",
        "userDefined": false
      }
    ],
    "isTemplate": false,
    "count": 0,
    "updated": 1524659093
  },
  {
    "id": "baa401cb-725a-42da-bbdf-d7ef55db1a92",
    "data": [
      {
        "text": "total number of subjects we have to study in btech",
        "userDefined": false
      }
    ],
    "isTemplate": false,
    "count": 0,
    "updated": 1524659093
  },
  {
    "id": "024a2ad1-211c-4fa6-8b31-5877de357598",
    "data": [
      {
        "text": "subjects in ",
        "userDefined": false
      },
      {
        "text": "mechanical engineering",
        "alias": "branches",
        "meta": "@branches",
        "userDefined": false
      }
    ],
    "isTemplate": false,
    "count": 0,
    "updated": 1524659093
  },
  {
    "id": "9cfa2b16-fb79-4c82-96c3-71208c92ff0d",
    "data": [
      {
        "text": "subjects in btech",
        "userDefined": false
      }
    ],
    "isTemplate": false,
    "count": 0,
    "updated": 1524659093
  }
]