[
  {
    "id": "db707ed9-b370-43fc-bf0b-90ed732f0692",
    "data": [
      {
        "text": "repeat ",
        "userDefined": false
      },
      {
        "text": "it",
        "meta": "@sys.ignore",
        "userDefined": false
      },
      {
        "text": " again",
        "userDefined": false
      }
    ],
    "isTemplate": false,
    "count": 0,
    "updated": 1523776986
  },
  {
    "id": "295e9535-f041-4fb7-940e-5799108460a8",
    "data": [
      {
        "text": "sorry",
        "userDefined": false
      }
    ],
    "isTemplate": false,
    "count": 0,
    "updated": 1523776986
  },
  {
    "id": "08dc1296-ec68-42e9-b8f0-20710a8fc528",
    "data": [
      {
        "text": "pardon",
        "userDefined": false
      }
    ],
    "isTemplate": false,
    "count": 0,
    "updated": 1523776986
  },
  {
    "id": "09c37b9a-5fb0-4c22-a90b-cd60c81c0fea",
    "data": [
      {
        "text": "say ",
        "userDefined": false
      },
      {
        "text": "it",
        "meta": "@sys.ignore",
        "userDefined": false
      },
      {
        "text": " again",
        "userDefined": false
      }
    ],
    "isTemplate": false,
    "count": 0,
    "updated": 1523776986
  },
  {
    "id": "bc55d574-e0b3-432f-a157-b4fa8563b528",
    "data": [
      {
        "text": "what",
        "userDefined": false
      }
    ],
    "isTemplate": false,
    "count": 0,
    "updated": 1523776986
  }
]