[
  {
    "id": "687e05af-9bfe-4814-b462-c2aae428b7bb",
    "data": [
      {
        "text": "number of students involved",
        "userDefined": false
      }
    ],
    "isTemplate": false,
    "count": 0,
    "updated": 1523607940
  },
  {
    "id": "3781fee6-2759-4b81-8ab8-555fc2720c18",
    "data": [
      {
        "text": "tell me more",
        "userDefined": false
      }
    ],
    "isTemplate": false,
    "count": 0,
    "updated": 1523777075
  },
  {
    "id": "87a8e37c-a573-43ea-9e90-3cfa93ed1edc",
    "data": [
      {
        "text": "head",
        "userDefined": false
      }
    ],
    "isTemplate": false,
    "count": 0,
    "updated": 1523607940
  },
  {
    "id": "de16d72c-2103-4d17-8131-876a766baac9",
    "data": [
      {
        "text": "soch",
        "userDefined": false
      }
    ],
    "isTemplate": false,
    "count": 0,
    "updated": 1523537993
  },
  {
    "id": "80a2f9f4-5f25-4900-b4ac-91c27548fb23",
    "data": [
      {
        "text": "information",
        "userDefined": false
      }
    ],
    "isTemplate": false,
    "count": 0,
    "updated": 1523537993
  },
  {
    "id": "2cb2bbef-ae94-4b91-939e-71d45e2091a8",
    "data": [
      {
        "text": "more about ",
        "userDefined": false
      },
      {
        "text": "it",
        "meta": "@sys.ignore",
        "userDefined": false
      }
    ],
    "isTemplate": false,
    "count": 0,
    "updated": 1523537993
  },
  {
    "id": "517de993-f480-4f97-bdd0-eaaf9ac61fb3",
    "data": [
      {
        "text": "major events of soch",
        "userDefined": false
      }
    ],
    "isTemplate": false,
    "count": 0,
    "updated": 1523537993
  }
]