[
  {
    "id": "e3216eb5-939c-40f8-a340-220d026c988a",
    "data": [
      {
        "text": "more about ",
        "userDefined": false
      },
      {
        "text": "it",
        "meta": "@sys.ignore",
        "userDefined": false
      }
    ],
    "isTemplate": false,
    "count": 0,
    "updated": 1523537993
  },
  {
    "id": "04be6883-2c8e-4371-bfe9-576a3abb1da2",
    "data": [
      {
        "text": "information",
        "userDefined": false
      }
    ],
    "isTemplate": false,
    "count": 0,
    "updated": 1523537993
  },
  {
    "id": "71555a7e-388c-4bc7-b9c4-b840888a74bf",
    "data": [
      {
        "text": "number of students involved",
        "userDefined": false
      }
    ],
    "isTemplate": false,
    "count": 0,
    "updated": 1523607940
  },
  {
    "id": "09cd6894-8923-4579-a54d-e2088cb5ea30",
    "data": [
      {
        "text": "major events of soch",
        "userDefined": false
      }
    ],
    "isTemplate": false,
    "count": 0,
    "updated": 1523537993
  },
  {
    "id": "75b5b5a4-b564-496d-82f5-1ffd5087156a",
    "data": [
      {
        "text": "head",
        "userDefined": false
      }
    ],
    "isTemplate": false,
    "count": 0,
    "updated": 1523607940
  },
  {
    "id": "c87256d3-f52a-48cf-9e0c-df3e9f2ebf54",
    "data": [
      {
        "text": "soch",
        "userDefined": false
      }
    ],
    "isTemplate": false,
    "count": 0,
    "updated": 1523537993
  }
]