[
  {
    "id": "26b36cca-1f07-4480-8dfa-a9d27957a5ea",
    "data": [
      {
        "text": "tfws",
        "userDefined": false
      }
    ],
    "isTemplate": false,
    "count": 0,
    "updated": 1524562856
  },
  {
    "id": "c9b65933-ed95-4959-9f21-f8f63b71adc3",
    "data": [
      {
        "text": "tfws in ",
        "userDefined": false
      },
      {
        "text": "jecrc",
        "alias": "college",
        "meta": "@college",
        "userDefined": false
      }
    ],
    "isTemplate": false,
    "count": 0,
    "updated": 1524562856
  },
  {
    "id": "69a3342d-3f13-48ab-8e6c-f449a3ad3fc5",
    "data": [
      {
        "text": "tfws criteria",
        "userDefined": false
      }
    ],
    "isTemplate": false,
    "count": 0,
    "updated": 1524562856
  },
  {
    "id": "41c18c56-7edb-4947-bdf5-44b8e50c3c5c",
    "data": [
      {
        "text": "tfws scheme",
        "userDefined": false
      }
    ],
    "isTemplate": false,
    "count": 0,
    "updated": 1524562856
  },
  {
    "id": "ff8a6a47-5c05-48b1-9e3b-cd12bd34c766",
    "data": [
      {
        "text": "can you please tell me about tfws criteria of seat",
        "userDefined": false
      }
    ],
    "isTemplate": false,
    "count": 0,
    "updated": 1524562856
  },
  {
    "id": "062c7352-9425-4de9-b74b-59a10ca4049d",
    "data": [
      {
        "text": "tfws seat in college",
        "userDefined": false
      }
    ],
    "isTemplate": false,
    "count": 0,
    "updated": 1524562856
  }
]