[
  {
    "id": "63172733-fb8c-495b-9eb6-9d56b85a3af9",
    "data": [
      {
        "text": "Thank you for your precious time",
        "userDefined": false
      }
    ],
    "isTemplate": false,
    "count": 0,
    "updated": 1527961455
  },
  {
    "id": "e74990b5-be8c-4d28-a754-4c38e98ab40f",
    "data": [
      {
        "text": "Thanks for guidance",
        "userDefined": false
      }
    ],
    "isTemplate": false,
    "count": 0,
    "updated": 1527961455
  },
  {
    "id": "e4a1b771-e90f-474f-8ed0-d64b74fdaf21",
    "data": [
      {
        "text": "Thanks for guiding ",
        "userDefined": false
      },
      {
        "text": "me",
        "meta": "@sys.ignore",
        "userDefined": false
      }
    ],
    "isTemplate": false,
    "count": 0,
    "updated": 1527961455
  },
  {
    "id": "d60b07b0-6d89-4ec4-aef5-8d2655ea12d9",
    "data": [
      {
        "text": "Thank you",
        "userDefined": false
      }
    ],
    "isTemplate": false,
    "count": 0,
    "updated": 1527961455
  },
  {
    "id": "504cea33-92a1-448c-b004-4bb45ab2bd8e",
    "data": [
      {
        "text": "Thanks for talking with me",
        "userDefined": false
      }
    ],
    "isTemplate": false,
    "count": 0,
    "updated": 1527961455
  },
  {
    "id": "e5cc2e50-a4b7-4be3-ba13-f0eb80229b6e",
    "data": [
      {
        "text": "Thank you so much",
        "userDefined": false
      }
    ],
    "isTemplate": false,
    "count": 0,
    "updated": 1527961455
  },
  {
    "id": "0e8ba863-9989-4ee2-ba2f-3137f25f8ff0",
    "data": [
      {
        "text": "Thanks to you",
        "userDefined": false
      }
    ],
    "isTemplate": false,
    "count": 0,
    "updated": 1527961455
  },
  {
    "id": "dd43529c-5d5b-4431-8dfa-6030ad7b3247",
    "data": [
      {
        "text": "Thank you for your support",
        "userDefined": false
      }
    ],
    "isTemplate": false,
    "count": 0,
    "updated": 1527961455
  },
  {
    "id": "a740171d-6a47-4c7f-9246-d9500c283baa",
    "data": [
      {
        "text": "Thanks",
        "userDefined": false
      }
    ],
    "isTemplate": false,
    "count": 0,
    "updated": 1527961455
  }
]