[
  {
    "id": "0ab767ba-e4f9-472d-813a-f2a4055d57f2",
    "data": [
      {
        "text": "whats the time",
        "userDefined": false
      }
    ],
    "isTemplate": false,
    "count": 0,
    "updated": 1535487036
  },
  {
    "id": "a430c77d-bb02-4ff4-b3cd-a44a04315a51",
    "data": [
      {
        "text": "how much is the time?",
        "userDefined": false
      }
    ],
    "isTemplate": false,
    "count": 0,
    "updated": 1535487036
  },
  {
    "id": "6f81c90b-781e-45c8-acbc-704631d17bc0",
    "data": [
      {
        "text": "time please?",
        "userDefined": false
      }
    ],
    "isTemplate": false,
    "count": 0,
    "updated": 1535487036
  },
  {
    "id": "703cb364-064a-4dce-bb37-7d7403333cba",
    "data": [
      {
        "text": "can you tell me the time",
        "userDefined": false
      }
    ],
    "isTemplate": false,
    "count": 0,
    "updated": 1535487036
  }
]