[
  {
    "id": "f9155f8f-65ae-4830-82ee-d066c16ab75c",
    "data": [
      {
        "text": " difference between 1st shift and 2nd shift",
        "userDefined": false
      }
    ],
    "isTemplate": false,
    "count": 0,
    "updated": 1524379250
  },
  {
    "id": "b5bcdce7-f58c-4b95-a44d-914d64e8e07f",
    "data": [
      {
        "text": "timing of colleges",
        "userDefined": false
      }
    ],
    "isTemplate": false,
    "count": 0,
    "updated": 1524379250
  },
  {
    "id": "74ae1032-0a4d-496b-8c90-97ffa9396fa1",
    "data": [
      {
        "text": "distinguish between 1st shift and ",
        "userDefined": false
      },
      {
        "text": "2",
        "meta": "@sys.ignore",
        "userDefined": false
      },
      {
        "text": "nd shift",
        "userDefined": false
      }
    ],
    "isTemplate": false,
    "count": 0,
    "updated": 1524379250
  },
  {
    "id": "b3b5e2aa-985f-49ca-9b33-3ec89babc9f1",
    "data": [
      {
        "text": "timing difference between shifts",
        "userDefined": false
      }
    ],
    "isTemplate": false,
    "count": 0,
    "updated": 1524379250
  },
  {
    "id": "513601fe-2932-41a4-8a6c-897949e5f9fa",
    "data": [
      {
        "text": "time difference between ",
        "userDefined": false
      },
      {
        "text": "1",
        "meta": "@sys.ignore",
        "userDefined": false
      },
      {
        "text": "st shift and ",
        "userDefined": false
      },
      {
        "text": "2",
        "meta": "@sys.ignore",
        "userDefined": false
      },
      {
        "text": "nd shift",
        "userDefined": false
      }
    ],
    "isTemplate": false,
    "count": 0,
    "updated": 1524379250
  }
]