[
  {
    "id": "20800eb1-0d4c-4770-a40c-58a3426f4134",
    "data": [
      {
        "text": "dress",
        "userDefined": false
      }
    ],
    "isTemplate": false,
    "count": 0,
    "updated": 1524304143
  },
  {
    "id": "d8245f0d-aafa-4e64-b262-cb180c87cc28",
    "data": [
      {
        "text": " uniform in college",
        "userDefined": false
      }
    ],
    "isTemplate": false,
    "count": 0,
    "updated": 1524374707
  },
  {
    "id": "060e5c88-a4f1-4306-980b-1b88474f5cc0",
    "data": [
      {
        "text": "dress code",
        "userDefined": false
      }
    ],
    "isTemplate": false,
    "count": 0,
    "updated": 1524304143
  },
  {
    "id": "ba8bb6c1-cbe4-42dc-af46-32a370e1bf01",
    "data": [
      {
        "text": "uniform",
        "userDefined": false
      }
    ],
    "isTemplate": false,
    "count": 0,
    "updated": 1524304143
  }
]