[
  {
    "id": "305d5d91-6e6a-479b-840a-9c983afa6d4d",
    "data": [
      {
        "text": "Temperature in ",
        "userDefined": false
      },
      {
        "text": "jaipur",
        "alias": "geo-city",
        "meta": "@sys.geo-city",
        "userDefined": false
      }
    ],
    "isTemplate": false,
    "count": 0,
    "updated": 1531978828
  },
  {
    "id": "ba37734e-9bb4-4512-b8b5-a9796fd4f9d2",
    "data": [
      {
        "text": "what is the weather in ",
        "userDefined": false
      },
      {
        "text": "india",
        "alias": "geo-country",
        "meta": "@sys.geo-country",
        "userDefined": false
      }
    ],
    "isTemplate": false,
    "count": 0,
    "updated": 1527328338
  },
  {
    "id": "a4a3d5ab-4f7e-4a77-8f6b-2b392e4621af",
    "data": [
      {
        "text": "todays weather in ",
        "userDefined": false
      },
      {
        "text": "jaipur",
        "alias": "geo-city",
        "meta": "@sys.geo-city",
        "userDefined": true
      }
    ],
    "isTemplate": false,
    "count": 0,
    "updated": 1527328338
  },
  {
    "id": "e011ba40-1349-4b3d-b89e-87d0f4cb621a",
    "data": [
      {
        "text": "weather at ",
        "userDefined": false
      },
      {
        "text": "pune",
        "alias": "geo-city",
        "meta": "@sys.geo-city",
        "userDefined": false
      }
    ],
    "isTemplate": false,
    "count": 0,
    "updated": 1527328338
  },
  {
    "id": "85ded8b3-e2c8-460b-ba56-59adede05264",
    "data": [
      {
        "text": "what is the weather in ",
        "userDefined": false
      },
      {
        "text": "jaipur",
        "alias": "geo-city",
        "meta": "@sys.geo-city",
        "userDefined": false
      },
      {
        "text": " ",
        "userDefined": false
      },
      {
        "text": "today",
        "alias": "date",
        "meta": "@sys.date",
        "userDefined": false
      }
    ],
    "isTemplate": false,
    "count": 0,
    "updated": 1527328338
  },
  {
    "id": "3eabab78-5d76-43e6-9968-047f7ded99cf",
    "data": [
      {
        "text": "london",
        "alias": "geo-city",
        "meta": "@sys.geo-city",
        "userDefined": false
      },
      {
        "text": " weather",
        "userDefined": false
      }
    ],
    "isTemplate": false,
    "count": 0,
    "updated": 1527328338
  },
  {
    "id": "c0ac7d7f-fbd8-49f9-854e-4cab2a63b946",
    "data": [
      {
        "text": "what will be weather ",
        "userDefined": false
      },
      {
        "text": "tomorrow",
        "alias": "date",
        "meta": "@sys.date",
        "userDefined": false
      },
      {
        "text": " in ",
        "userDefined": false
      },
      {
        "text": "delhi",
        "alias": "geo-city",
        "meta": "@sys.geo-city",
        "userDefined": false
      }
    ],
    "isTemplate": false,
    "count": 0,
    "updated": 1527328338
  },
  {
    "id": "e217ea5b-d4b3-4935-ad82-28d7d908fe70",
    "data": [
      {
        "text": "weather ",
        "userDefined": false
      },
      {
        "text": "Banswara",
        "alias": "geo-city",
        "meta": "@sys.geo-city",
        "userDefined": true
      }
    ],
    "isTemplate": false,
    "count": 0,
    "updated": 1527328338
  },
  {
    "id": "ca2446be-d3c7-4ba4-a329-23bca5f396a4",
    "data": [
      {
        "text": "weather in ",
        "userDefined": false
      },
      {
        "text": "usa",
        "alias": "geo-country",
        "meta": "@sys.geo-country",
        "userDefined": false
      }
    ],
    "isTemplate": false,
    "count": 1,
    "updated": 1527328338
  },
  {
    "id": "59ca9c59-6319-414f-b710-7e4452447888",
    "data": [
      {
        "text": "Tell me about the weather",
        "userDefined": false
      }
    ],
    "isTemplate": false,
    "count": 0,
    "updated": 1527328338
  },
  {
    "id": "80f2b816-7d61-4f1b-bc3f-ef5244d0129f",
    "data": [
      {
        "text": "what is the weather ",
        "userDefined": false
      },
      {
        "text": "today",
        "alias": "date",
        "meta": "@sys.date",
        "userDefined": false
      }
    ],
    "isTemplate": false,
    "count": 0,
    "updated": 1527328338
  },
  {
    "id": "cf2e18ad-3da8-4010-9917-05a0693b7412",
    "data": [
      {
        "text": "climate report in ",
        "userDefined": false
      },
      {
        "text": "jaipur",
        "alias": "geo-city",
        "meta": "@sys.geo-city",
        "userDefined": true
      }
    ],
    "isTemplate": false,
    "count": 0,
    "updated": 1527328338
  },
  {
    "id": "70b240b9-07e4-4d6f-aea0-cbf08408d61f",
    "data": [
      {
        "text": "what is weather condition in ",
        "userDefined": false
      },
      {
        "text": "jaipur",
        "alias": "geo-city",
        "meta": "@sys.geo-city",
        "userDefined": true
      }
    ],
    "isTemplate": false,
    "count": 0,
    "updated": 1527328338
  },
  {
    "id": "0ca2a502-d915-488f-a08c-f016951545b3",
    "data": [
      {
        "text": "what will be the weather ",
        "userDefined": false
      },
      {
        "text": "after two days",
        "alias": "date",
        "meta": "@sys.date",
        "userDefined": false
      }
    ],
    "isTemplate": false,
    "count": 0,
    "updated": 1527328338
  },
  {
    "id": "1357884f-5e74-423a-9ce0-180fc5eb1943",
    "data": [
      {
        "text": "weather forecast at ",
        "userDefined": false
      },
      {
        "text": "jaipur",
        "alias": "geo-city",
        "meta": "@sys.geo-city",
        "userDefined": true
      }
    ],
    "isTemplate": false,
    "count": 0,
    "updated": 1527328338
  },
  {
    "id": "cb98b9a6-69a8-4ae6-adbe-9d1162fea04d",
    "data": [
      {
        "text": "will it rain ",
        "userDefined": false
      },
      {
        "text": "today",
        "alias": "date",
        "meta": "@sys.date",
        "userDefined": false
      },
      {
        "text": " in ",
        "userDefined": false
      },
      {
        "text": "new york",
        "alias": "geo-city",
        "meta": "@sys.geo-city",
        "userDefined": false
      }
    ],
    "isTemplate": false,
    "count": 0,
    "updated": 1527328338
  },
  {
    "id": "9c4de4b0-9602-4e58-9c22-d5daff08fada",
    "data": [
      {
        "text": "aaj ka mausam  ",
        "userDefined": false
      },
      {
        "text": "jaipur",
        "alias": "geo-city",
        "meta": "@sys.geo-city",
        "userDefined": true
      },
      {
        "text": " mai",
        "userDefined": false
      }
    ],
    "isTemplate": false,
    "count": 0,
    "updated": 1527328338
  }
]