[
  {
    "id": "760f75eb-56de-4ecc-a49b-f2c0088d6e42",
    "data": [
      {
        "text": "myself @indian_names:indian_names",
        "userDefined": false
      }
    ],
    "isTemplate": true,
    "count": 0,
    "updated": 1532070655
  },
  {
    "id": "ad46b7f9-141e-4634-857a-ef3cbf216dc4",
    "data": [
      {
        "text": "my name is @indian_names:indian_names",
        "userDefined": false
      }
    ],
    "isTemplate": true,
    "count": 0,
    "updated": 1532070655
  },
  {
    "id": "41110278-1fe2-4366-b538-887d44385c61",
    "data": [
      {
        "text": "myself @sys.given-name:given-name",
        "userDefined": false
      }
    ],
    "isTemplate": true,
    "count": 0,
    "updated": 1532070655
  },
  {
    "id": "4d890d06-3862-4f37-a352-0e0a2cca6a5b",
    "data": [
      {
        "text": "I am @indian_names:indian_names",
        "userDefined": false
      }
    ],
    "isTemplate": true,
    "count": 0,
    "updated": 1532070655
  },
  {
    "id": "29d1fdab-6ba6-47c9-9e9d-7b2cc33e9e67",
    "data": [
      {
        "text": "my name is @sys.given-name:given-name",
        "userDefined": false
      }
    ],
    "isTemplate": true,
    "count": 0,
    "updated": 1532070655
  },
  {
    "id": "d8c0af00-9481-47cb-842e-a2a8c4534792",
    "data": [
      {
        "text": "@sys.given-name:given-name",
        "userDefined": false
      }
    ],
    "isTemplate": true,
    "count": 0,
    "updated": 1532070655
  },
  {
    "id": "db43b5e2-0a70-4a12-874a-1bef532acfd6",
    "data": [
      {
        "text": "@indian_names:indian_names",
        "userDefined": false
      }
    ],
    "isTemplate": true,
    "count": 0,
    "updated": 1532070655
  },
  {
    "id": "bc85f6a7-4b78-4a5c-9e74-e918d0d247cf",
    "data": [
      {
        "text": "i am @sys.given-name:given-name",
        "userDefined": false
      }
    ],
    "isTemplate": true,
    "count": 0,
    "updated": 1532070655
  },
  {
    "id": "32e4b403-0545-4a03-ab75-8722684f9047",
    "data": [
      {
        "text": "i m @indian_names:indian_names",
        "userDefined": false
      }
    ],
    "isTemplate": true,
    "count": 0,
    "updated": 1532070655
  }
]