[
  {
    "id": "80ab8450-f181-4d7a-94ac-8430a545473e",
    "data": [
      {
        "text": "again",
        "userDefined": false
      }
    ],
    "isTemplate": false,
    "count": 0,
    "updated": 1523695113
  },
  {
    "id": "d7866bed-68cb-4b0c-a248-bf1f2ac1d75e",
    "data": [
      {
        "text": "repeat ",
        "userDefined": false
      },
      {
        "text": "it",
        "meta": "@sys.ignore",
        "userDefined": false
      },
      {
        "text": " again",
        "userDefined": false
      }
    ],
    "isTemplate": false,
    "count": 0,
    "updated": 1523695113
  },
  {
    "id": "6840d85b-0422-4060-83ff-d17642f73b75",
    "data": [
      {
        "text": "what",
        "userDefined": false
      }
    ],
    "isTemplate": false,
    "count": 0,
    "updated": 1523695113
  },
  {
    "id": "a9bdc4d2-a4b1-41f3-a882-4f979fd6571b",
    "data": [
      {
        "text": "pardon",
        "userDefined": false
      }
    ],
    "isTemplate": false,
    "count": 0,
    "updated": 1523695113
  },
  {
    "id": "dff6729e-d19c-4e0e-a5b0-48832cec5544",
    "data": [
      {
        "text": "sorry",
        "userDefined": false
      }
    ],
    "isTemplate": false,
    "count": 0,
    "updated": 1523695113
  },
  {
    "id": "cdfab7d0-43c1-40f3-a862-252d2f28e9cb",
    "data": [
      {
        "text": "say ",
        "userDefined": false
      },
      {
        "text": "it",
        "meta": "@sys.ignore",
        "userDefined": false
      },
      {
        "text": " again",
        "userDefined": false
      }
    ],
    "isTemplate": false,
    "count": 0,
    "updated": 1523695113
  }
]