[
  {
    "id": "975990c3-c53b-4fef-aacf-efc1eeecc430",
    "data": [
      {
        "text": "can you repeat ",
        "userDefined": false
      },
      {
        "text": "it",
        "meta": "@sys.ignore",
        "userDefined": false
      },
      {
        "text": " again?",
        "userDefined": false
      }
    ],
    "isTemplate": false,
    "count": 0,
    "updated": 1523454380
  },
  {
    "id": "21e3375c-a2ee-43ba-ab61-73db7c00ea5c",
    "data": [
      {
        "text": "pardon please",
        "userDefined": false
      }
    ],
    "isTemplate": false,
    "count": 0,
    "updated": 1523454380
  },
  {
    "id": "4adff473-0e74-4245-88c3-5700c9cfeb31",
    "data": [
      {
        "text": "sorry pardon please",
        "userDefined": false
      }
    ],
    "isTemplate": false,
    "count": 0,
    "updated": 1523454380
  }
]