[
  {
    "id": "5450b8ff-0428-4428-a3d3-a2e936b312e5",
    "data": [
      {
        "text": "sorry pardon please",
        "userDefined": false
      }
    ],
    "isTemplate": false,
    "count": 0,
    "updated": 1523454380
  },
  {
    "id": "3541490c-701e-42b1-b16a-6cea4f6f6486",
    "data": [
      {
        "text": "pardon please",
        "userDefined": false
      }
    ],
    "isTemplate": false,
    "count": 0,
    "updated": 1523454380
  },
  {
    "id": "d378a2f9-417f-4c99-941d-bd5aa76e189a",
    "data": [
      {
        "text": "can you repeat ",
        "userDefined": false
      },
      {
        "text": "it",
        "meta": "@sys.ignore",
        "userDefined": false
      },
      {
        "text": " again?",
        "userDefined": false
      }
    ],
    "isTemplate": false,
    "count": 0,
    "updated": 1523454380
  }
]