[
  {
    "id": "966f3603-0966-4158-b73a-8c64a5ad27e1",
    "data": [
      {
        "text": "information",
        "userDefined": false
      }
    ],
    "isTemplate": false,
    "count": 0,
    "updated": 1523538284
  },
  {
    "id": "78dbd7c4-cde7-4adc-8782-2c92275cd71d",
    "data": [
      {
        "text": "head",
        "userDefined": false
      }
    ],
    "isTemplate": false,
    "count": 0,
    "updated": 1523607995
  },
  {
    "id": "d9d3d6a5-71d8-4f8a-b35c-ed98138275b9",
    "data": [
      {
        "text": "major events about suhasini",
        "userDefined": false
      }
    ],
    "isTemplate": false,
    "count": 0,
    "updated": 1523538284
  },
  {
    "id": "4c1b266a-1563-45a5-9d82-46be8b8a219f",
    "data": [
      {
        "text": "a",
        "userDefined": false
      }
    ],
    "isTemplate": false,
    "count": 0,
    "updated": 1523607995
  },
  {
    "id": "554602d7-da0f-400a-85e2-12edc87e97d3",
    "data": [
      {
        "text": "details",
        "userDefined": false
      }
    ],
    "isTemplate": false,
    "count": 0,
    "updated": 1523538284
  },
  {
    "id": "b597fdc4-179c-43c8-bbdb-e53f7a1f37a4",
    "data": [
      {
        "text": "contact",
        "userDefined": false
      }
    ],
    "isTemplate": false,
    "count": 0,
    "updated": 1523538284
  },
  {
    "id": "c659ab26-739e-4c9d-afec-7426d8bda044",
    "data": [
      {
        "text": "take part in ",
        "userDefined": false
      },
      {
        "text": "it",
        "meta": "@sys.ignore",
        "userDefined": false
      }
    ],
    "isTemplate": false,
    "count": 0,
    "updated": 1523538284
  },
  {
    "id": "291d8827-7b7b-4d17-88a3-ce224127ae65",
    "data": [
      {
        "text": "number of students involved",
        "userDefined": false
      }
    ],
    "isTemplate": false,
    "count": 0,
    "updated": 1523607995
  },
  {
    "id": "4e8bb25a-2a0f-4de8-badc-65b836b89dee",
    "data": [
      {
        "text": "participate",
        "userDefined": false
      }
    ],
    "isTemplate": false,
    "count": 0,
    "updated": 1523538284
  },
  {
    "id": "c64d5840-a9c5-43d2-ba7a-af68c8b0dade",
    "data": [
      {
        "text": "further details",
        "userDefined": false
      }
    ],
    "isTemplate": false,
    "count": 0,
    "updated": 1523538284
  }
]