[
  {
    "id": "8cffa664-fbf3-4f87-9626-7fcb75a7fdfc",
    "data": [
      {
        "text": "suhasini",
        "userDefined": false
      }
    ],
    "isTemplate": false,
    "count": 0,
    "updated": 1523694395
  },
  {
    "id": "a9bbc01d-2a17-45e1-8eee-6d34820fb4ae",
    "data": [
      {
        "text": "ssuhasini",
        "userDefined": false
      }
    ],
    "isTemplate": false,
    "count": 0,
    "updated": 1523777199
  },
  {
    "id": "aaa14af6-d61b-45fb-970a-d3aa36f1326e",
    "data": [
      {
        "text": "what is suhasini",
        "userDefined": false
      }
    ],
    "isTemplate": false,
    "count": 0,
    "updated": 1523694395
  }
]