[
  {
    "id": "36771057-67b2-4730-80d3-135b7f540c92",
    "data": [
      {
        "text": "further details",
        "userDefined": false
      }
    ],
    "isTemplate": false,
    "count": 0,
    "updated": 1523538284
  },
  {
    "id": "c921c978-51f6-405f-b6e6-5e775bc8e36d",
    "data": [
      {
        "text": "number of students involved",
        "userDefined": false
      }
    ],
    "isTemplate": false,
    "count": 0,
    "updated": 1523607995
  },
  {
    "id": "78f68b67-7981-4c66-a613-ad87138c1655",
    "data": [
      {
        "text": "contact",
        "userDefined": false
      }
    ],
    "isTemplate": false,
    "count": 0,
    "updated": 1523538284
  },
  {
    "id": "3b81b890-e812-49a4-8c1d-9a92a10eed3c",
    "data": [
      {
        "text": "participate",
        "userDefined": false
      }
    ],
    "isTemplate": false,
    "count": 0,
    "updated": 1523538284
  },
  {
    "id": "2fa8d462-fcd7-4f7e-bda1-b32814aa29fd",
    "data": [
      {
        "text": "head",
        "userDefined": false
      }
    ],
    "isTemplate": false,
    "count": 0,
    "updated": 1523607995
  },
  {
    "id": "c5d5483a-83f2-4bd3-affd-aa129851320d",
    "data": [
      {
        "text": "information",
        "userDefined": false
      }
    ],
    "isTemplate": false,
    "count": 0,
    "updated": 1523538284
  },
  {
    "id": "4ad99af2-dd64-4e8b-a13f-701609fbd2a5",
    "data": [
      {
        "text": "major events about suhasini",
        "userDefined": false
      }
    ],
    "isTemplate": false,
    "count": 0,
    "updated": 1523538284
  },
  {
    "id": "9b523fc5-e6ab-43f6-8e50-1a282c783015",
    "data": [
      {
        "text": "details",
        "userDefined": false
      }
    ],
    "isTemplate": false,
    "count": 0,
    "updated": 1523538284
  },
  {
    "id": "04620dab-7506-4d85-97d1-531cfdc2fb5a",
    "data": [
      {
        "text": "take part in ",
        "userDefined": false
      },
      {
        "text": "it",
        "meta": "@sys.ignore",
        "userDefined": false
      }
    ],
    "isTemplate": false,
    "count": 0,
    "updated": 1523538284
  }
]