[
  {
    "id": "8db941b8-0cc0-41fc-ad45-864cd46db1ba",
    "data": [
      {
        "text": "whats up",
        "userDefined": false
      }
    ],
    "isTemplate": false,
    "count": 0,
    "updated": 1527950249
  },
  {
    "id": "3cbc7403-bbc0-40c1-9c2f-7a1fcdf1b5a7",
    "data": [
      {
        "text": "whats going on",
        "userDefined": false
      }
    ],
    "isTemplate": false,
    "count": 0,
    "updated": 1527328561
  },
  {
    "id": "017499a0-9c13-441b-9a0f-3bb42f95ef2c",
    "data": [
      {
        "text": "whats going",
        "userDefined": false
      }
    ],
    "isTemplate": false,
    "count": 0,
    "updated": 1527328561
  }
]