[
  {
    "id": "7ccf3704-f40e-4b4a-9a0c-9fcc213745dc",
    "data": [
      {
        "text": "what about you?",
        "userDefined": false
      }
    ],
    "isTemplate": false,
    "count": 0,
    "updated": 1525082388
  },
  {
    "id": "6046e8ca-15f3-489d-83d9-e0eaec7ab556",
    "data": [
      {
        "text": "Hello",
        "alias": "Welcome",
        "meta": "@Welcome",
        "userDefined": false
      },
      {
        "text": " i am fine",
        "userDefined": false
      }
    ],
    "isTemplate": false,
    "count": 0,
    "updated": 1527566042
  },
  {
    "id": "9cb8e65a-1cdd-412b-8f90-54e8565d6acd",
    "data": [
      {
        "text": "I am good",
        "userDefined": false
      }
    ],
    "isTemplate": false,
    "count": 0,
    "updated": 1525082388
  },
  {
    "id": "b7b094ee-27b9-4fb9-ba49-12de43d871b3",
    "data": [
      {
        "text": "awesome",
        "userDefined": false
      }
    ],
    "isTemplate": false,
    "count": 0,
    "updated": 1525082388
  },
  {
    "id": "4db2dee4-4fb5-4f9f-98b1-4fc7b503ac79",
    "data": [
      {
        "text": "i am fine",
        "userDefined": false
      }
    ],
    "isTemplate": false,
    "count": 0,
    "updated": 1525082388
  },
  {
    "id": "7854f701-3ae0-4260-a383-ef3d4364d86b",
    "data": [
      {
        "text": "i am fine thankyou",
        "userDefined": false
      }
    ],
    "isTemplate": false,
    "count": 0,
    "updated": 1525082388
  },
  {
    "id": "a4a0adbd-ce85-435d-bd37-a70d4cf302db",
    "data": [
      {
        "text": "fine",
        "userDefined": false
      }
    ],
    "isTemplate": false,
    "count": 0,
    "updated": 1525082388
  },
  {
    "id": "5ff57301-7f93-491c-9a1c-ec8ce106d4da",
    "data": [
      {
        "text": "Hi",
        "alias": "Welcome",
        "meta": "@Welcome",
        "userDefined": false
      },
      {
        "text": " i am fine",
        "userDefined": false
      }
    ],
    "isTemplate": false,
    "count": 0,
    "updated": 1527566042
  },
  {
    "id": "c76a478b-da52-4d2d-9ce3-0dd433212b67",
    "data": [
      {
        "text": "Hey",
        "alias": "Welcome",
        "meta": "@Welcome",
        "userDefined": false
      },
      {
        "text": " i am fine",
        "userDefined": false
      }
    ],
    "isTemplate": false,
    "count": 0,
    "updated": 1527566042
  },
  {
    "id": "b3486161-fa29-4fc1-a13d-898ff669d3eb",
    "data": [
      {
        "text": "good thanks",
        "userDefined": false
      }
    ],
    "isTemplate": false,
    "count": 0,
    "updated": 1525082388
  },
  {
    "id": "ac19ed56-8e38-4340-9006-e833b6c1ab13",
    "data": [
      {
        "text": "good",
        "userDefined": false
      }
    ],
    "isTemplate": false,
    "count": 0,
    "updated": 1525082388
  }
]