[
  {
    "id": "c69109c3-660e-4a46-816a-85a9f82f8e23",
    "data": [
      {
        "text": "tell me something about suhasini",
        "userDefined": false
      }
    ],
    "isTemplate": false,
    "count": 0,
    "updated": 1523515168
  },
  {
    "id": "47de225d-c80c-4e2f-9b40-40b0f5fb699a",
    "data": [
      {
        "text": "suhasini",
        "userDefined": false
      }
    ],
    "isTemplate": false,
    "count": 0,
    "updated": 1523515168
  },
  {
    "id": "48f5aec1-4c1f-483a-be74-023c62701456",
    "data": [
      {
        "text": "what is suhasini",
        "userDefined": false
      }
    ],
    "isTemplate": false,
    "count": 0,
    "updated": 1523515168
  }
]