[
  {
    "id": "958f186c-a45c-4be2-9294-b8bbd0a2ced5",
    "data": [
      {
        "text": "when is your birthday",
        "userDefined": false
      }
    ],
    "isTemplate": false,
    "count": 0,
    "updated": 1527950111
  },
  {
    "id": "5653f42c-6f01-4cc2-8a73-0c50d3455eb5",
    "data": [
      {
        "text": "born",
        "userDefined": false
      }
    ],
    "isTemplate": false,
    "count": 0,
    "updated": 1527950111
  },
  {
    "id": "9df145c3-aaae-473f-b269-1acdf561af02",
    "data": [
      {
        "text": "when created",
        "userDefined": false
      }
    ],
    "isTemplate": false,
    "count": 0,
    "updated": 1527950111
  },
  {
    "id": "c4827f9b-4c94-467a-90aa-529080dcb494",
    "data": [
      {
        "text": "when was you born",
        "userDefined": false
      }
    ],
    "isTemplate": false,
    "count": 0,
    "updated": 1527950111
  },
  {
    "id": "520ef492-8b01-481d-b198-5106f9a3f3ee",
    "data": [
      {
        "text": "whats your birth date",
        "userDefined": false
      }
    ],
    "isTemplate": false,
    "count": 0,
    "updated": 1527950111
  },
  {
    "id": "2937198b-3c25-4a5c-b679-76599d023afe",
    "data": [
      {
        "text": "when was you created",
        "userDefined": false
      }
    ],
    "isTemplate": false,
    "count": 0,
    "updated": 1527950111
  },
  {
    "id": "8cc1d893-6542-4d1d-8c83-f5fcc54b8cc3",
    "data": [
      {
        "text": "born date",
        "userDefined": false
      }
    ],
    "isTemplate": false,
    "count": 0,
    "updated": 1527950111
  },
  {
    "id": "c181a5f9-1b19-49f3-bf06-308739f92ada",
    "data": [
      {
        "text": "birthday date",
        "userDefined": false
      }
    ],
    "isTemplate": false,
    "count": 0,
    "updated": 1527950111
  },
  {
    "id": "e2a14fe8-e02e-4c06-b1c2-4bd7d9ec78e8",
    "data": [
      {
        "text": "when did you born",
        "userDefined": false
      }
    ],
    "isTemplate": false,
    "count": 0,
    "updated": 1527950111
  },
  {
    "id": "57bbd0cf-bdba-4855-9ad0-19a92c3d11f4",
    "data": [
      {
        "text": "how old are you",
        "userDefined": false
      }
    ],
    "isTemplate": false,
    "count": 0,
    "updated": 1527950486
  }
]