[
  {
    "id": "c94780c0-097a-43ea-98e5-17b1469d125b",
    "data": [
      {
        "text": "which hero do you like the most",
        "userDefined": false
      }
    ],
    "isTemplate": false,
    "count": 0,
    "updated": 1532076206
  },
  {
    "id": "5da8156c-2052-4ec6-ad6b-5864193eb7fd",
    "data": [
      {
        "text": "can you tell me who is your favourite hero",
        "userDefined": false
      }
    ],
    "isTemplate": false,
    "count": 0,
    "updated": 1532076206
  },
  {
    "id": "cb277240-1abf-48f1-9c20-6b2b87f0679f",
    "data": [
      {
        "text": "hero",
        "userDefined": false
      }
    ],
    "isTemplate": false,
    "count": 0,
    "updated": 1532076206
  },
  {
    "id": "e9f9ed08-ca56-42c4-8c1f-1a4a7098cecb",
    "data": [
      {
        "text": "favourite hero",
        "userDefined": false
      }
    ],
    "isTemplate": false,
    "count": 0,
    "updated": 1532076206
  }
]