[
  {
    "id": "02d0bc52-bad4-4eb6-87d2-cde93d5c3ae1",
    "data": [
      {
        "text": "Name your best friend",
        "userDefined": false
      }
    ],
    "isTemplate": false,
    "count": 0,
    "updated": 1527965448
  },
  {
    "id": "d1195a66-1d40-4d7e-ba5e-c3f1c139aacd",
    "data": [
      {
        "text": "Who is your best friend",
        "userDefined": false
      }
    ],
    "isTemplate": false,
    "count": 0,
    "updated": 1527965448
  },
  {
    "id": "3429001f-2fc3-425c-a85a-2ab055f13bf4",
    "data": [
      {
        "text": "Best friend",
        "userDefined": false
      }
    ],
    "isTemplate": false,
    "count": 0,
    "updated": 1527965448
  }
]