[
  {
    "id": "960708dc-b1b2-40a7-89e1-bbb1c3cbe1b5",
    "data": [
      {
        "text": "why to choose ",
        "userDefined": false
      },
      {
        "text": "this college",
        "alias": "college",
        "meta": "@college",
        "userDefined": false
      }
    ],
    "isTemplate": false,
    "count": 0,
    "updated": 1526020848
  },
  {
    "id": "15426285-4579-4356-9047-4ee35859de34",
    "data": [
      {
        "text": "why should i prefer jecrc",
        "userDefined": false
      }
    ],
    "isTemplate": false,
    "count": 0,
    "updated": 1526020848
  },
  {
    "id": "a29f9ab4-5f87-40c9-90e8-e7bb2ad4862c",
    "data": [
      {
        "text": "why should i take admission in jecrc",
        "userDefined": false
      }
    ],
    "isTemplate": false,
    "count": 0,
    "updated": 1526020848
  },
  {
    "id": "f48f5369-99fa-4a59-aabf-96f255fad4ee",
    "data": [
      {
        "text": "why jecrc",
        "userDefined": false
      }
    ],
    "isTemplate": false,
    "count": 0,
    "updated": 1526020848
  },
  {
    "id": "2f51e462-bb08-47b3-991a-affc27d7bbe7",
    "data": [
      {
        "text": "why to take jecrc",
        "userDefined": false
      }
    ],
    "isTemplate": false,
    "count": 0,
    "updated": 1526020848
  },
  {
    "id": "dd5cefe8-0d98-42b6-b513-527cdda49674",
    "data": [
      {
        "text": "why to choose jecrc",
        "userDefined": false
      }
    ],
    "isTemplate": false,
    "count": 0,
    "updated": 1526020848
  }
]