[
  {
    "id": "9fd2d903-bac6-485b-8c2e-3d70520f46fc",
    "data": [
      {
        "text": "Will you be my girlfriend",
        "userDefined": false
      }
    ],
    "isTemplate": false,
    "count": 0,
    "updated": 1527965327
  },
  {
    "id": "85c04828-ef57-493f-ad1f-86e208d7cd21",
    "data": [
      {
        "text": "do you love someone",
        "userDefined": false
      }
    ],
    "isTemplate": false,
    "count": 0,
    "updated": 1527867606
  },
  {
    "id": "c8b1776d-284e-416a-b824-2b402fe79454",
    "data": [
      {
        "text": "are you single",
        "userDefined": false
      }
    ],
    "isTemplate": false,
    "count": 0,
    "updated": 1527867606
  },
  {
    "id": "b6faa748-6a7e-4faa-b9cb-861253725574",
    "data": [
      {
        "text": "do you have ",
        "userDefined": false
      },
      {
        "text": "a",
        "meta": "@sys.ignore",
        "userDefined": false
      },
      {
        "text": " boyfriend",
        "userDefined": false
      }
    ],
    "isTemplate": false,
    "count": 0,
    "updated": 1527867606
  }
]