[
  {
    "id": "2f9f2973-ecd8-4052-a005-64e3555ef9c0",
    "data": [
      {
        "text": "but",
        "userDefined": false
      }
    ],
    "isTemplate": false,
    "count": 0,
    "updated": 1528389990
  },
  {
    "id": "581d7db5-9764-4d84-a4da-e60a9cd645c8",
    "data": [
      {
        "text": "age doesn\u0027t matter",
        "userDefined": false
      }
    ],
    "isTemplate": false,
    "count": 0,
    "updated": 1528389990
  },
  {
    "id": "5cd653aa-6f12-4380-860b-63592d7c5773",
    "data": [
      {
        "text": "you",
        "userDefined": false
      }
    ],
    "isTemplate": false,
    "count": 0,
    "updated": 1528389990
  },
  {
    "id": "2793c9e4-7639-47b0-ba75-87664de7d2b0",
    "data": [
      {
        "text": "but you",
        "userDefined": false
      }
    ],
    "isTemplate": false,
    "count": 0,
    "updated": 1528389990
  },
  {
    "id": "6a34f8ff-b639-4d52-95eb-e0caeffaf9b5",
    "data": [
      {
        "text": " but you look beautiful",
        "userDefined": false
      }
    ],
    "isTemplate": false,
    "count": 0,
    "updated": 1528389990
  }
]