[
  {
    "id": "5d60cc63-afe1-42ee-8799-192a09c60bd4",
    "data": [
      {
        "text": "very nicely",
        "userDefined": false
      }
    ],
    "isTemplate": false,
    "count": 0,
    "updated": 1528395107
  },
  {
    "id": "5a1f7e95-3782-42a1-bff2-1070709417ad",
    "data": [
      {
        "text": "You are technically very good",
        "userDefined": false
      }
    ],
    "isTemplate": false,
    "count": 0,
    "updated": 1528395107
  },
  {
    "id": "4380eb34-5daa-4ee5-a948-f21ce5c8445a",
    "data": [
      {
        "text": "nice",
        "userDefined": false
      }
    ],
    "isTemplate": false,
    "count": 0,
    "updated": 1528395107
  },
  {
    "id": "b7bdcbc5-fbc1-4c09-8900-5a349daab0b9",
    "data": [
      {
        "text": "awesome",
        "userDefined": false
      }
    ],
    "isTemplate": false,
    "count": 0,
    "updated": 1528395107
  },
  {
    "id": "3a30b575-4210-47a7-9f2d-b0661680bb5f",
    "data": [
      {
        "text": "gorgeous",
        "userDefined": false
      }
    ],
    "isTemplate": false,
    "count": 0,
    "updated": 1528395107
  },
  {
    "id": "43d17774-3e15-4c84-ba12-5304587d7748",
    "data": [
      {
        "text": "good",
        "userDefined": false
      }
    ],
    "isTemplate": false,
    "count": 0,
    "updated": 1528395107
  },
  {
    "id": "648a944b-1aaa-44c6-a380-7c351f52bfa7",
    "data": [
      {
        "text": "smart",
        "userDefined": false
      }
    ],
    "isTemplate": false,
    "count": 0,
    "updated": 1528395107
  },
  {
    "id": "b910cfee-2ce9-4c22-8046-36d06e9bfdef",
    "data": [
      {
        "text": "beautiful",
        "userDefined": false
      }
    ],
    "isTemplate": false,
    "count": 0,
    "updated": 1528395107
  },
  {
    "id": "bc958359-33c8-48bf-8a37-b967450c943e",
    "data": [
      {
        "text": "clever",
        "userDefined": false
      }
    ],
    "isTemplate": false,
    "count": 0,
    "updated": 1528395107
  },
  {
    "id": "bfa9e22f-a12c-477c-a04d-4a0655ac3c16",
    "data": [
      {
        "text": "You are clever",
        "userDefined": false
      }
    ],
    "isTemplate": false,
    "count": 0,
    "updated": 1528395107
  },
  {
    "id": "60aa1032-3a57-44f8-87dd-18aea292177b",
    "data": [
      {
        "text": "You are beautiful",
        "userDefined": false
      }
    ],
    "isTemplate": false,
    "count": 1,
    "updated": 1528395107
  },
  {
    "id": "ab5280a3-acf9-40eb-b5c4-ac8da0a1f6ae",
    "data": [
      {
        "text": "You are smart",
        "userDefined": false
      }
    ],
    "isTemplate": false,
    "count": 0,
    "updated": 1528395107
  },
  {
    "id": "04cbb584-46e5-4678-b426-6ff586dcfd2d",
    "data": [
      {
        "text": "You are gorgeous",
        "userDefined": false
      }
    ],
    "isTemplate": false,
    "count": 0,
    "updated": 1528395107
  }
]