[
  {
    "id": "6c0e4365-9f24-4516-b0dc-29d55065e46b",
    "data": [
      {
        "text": "happy",
        "userDefined": false
      }
    ],
    "isTemplate": false,
    "count": 0,
    "updated": 1528390312
  },
  {
    "id": "64154008-ae40-469b-80f2-b3a5167430f4",
    "data": [
      {
        "text": "are you happy",
        "userDefined": false
      }
    ],
    "isTemplate": false,
    "count": 0,
    "updated": 1527926344
  },
  {
    "id": "aacbe456-cdca-47ce-843c-abb113dec9df",
    "data": [
      {
        "text": "you are happy",
        "userDefined": false
      }
    ],
    "isTemplate": false,
    "count": 0,
    "updated": 1527868463
  }
]