[
  {
    "id": "5ae76284-1de6-47ab-bed9-b21dd798df62",
    "data": [
      {
        "text": "please again",
        "userDefined": false
      }
    ],
    "isTemplate": false,
    "count": 0,
    "updated": 1523636067
  },
  {
    "id": "4804735c-0c59-4b77-812a-52168a84e90c",
    "data": [
      {
        "text": "say ",
        "userDefined": false
      },
      {
        "text": "it",
        "meta": "@sys.ignore",
        "userDefined": false
      },
      {
        "text": " again",
        "userDefined": false
      }
    ],
    "isTemplate": false,
    "count": 0,
    "updated": 1523636067
  },
  {
    "id": "1e3796ec-6db4-43c9-a189-fb600fae55db",
    "data": [
      {
        "text": "repeat",
        "userDefined": false
      }
    ],
    "isTemplate": false,
    "count": 0,
    "updated": 1523636067
  },
  {
    "id": "16a301b3-48d5-4c41-bd04-816e95cd2438",
    "data": [
      {
        "text": "sorry",
        "userDefined": false
      }
    ],
    "isTemplate": false,
    "count": 0,
    "updated": 1523636067
  },
  {
    "id": "15ebf54c-4a99-41c5-86a4-e09454ee4fc7",
    "data": [
      {
        "text": "pardon",
        "userDefined": false
      }
    ],
    "isTemplate": false,
    "count": 0,
    "updated": 1523636067
  }
]