[
  {
    "id": "12f30c96-90fe-4070-b751-fc95698193d3",
    "data": [
      {
        "text": "how to apply for zaroorat",
        "userDefined": false
      }
    ],
    "isTemplate": false,
    "count": 0,
    "updated": 1532074217
  },
  {
    "id": "8a1824ca-795d-4c7a-a574-f6ce72189daa",
    "data": [
      {
        "text": "pardon",
        "userDefined": false
      }
    ],
    "isTemplate": false,
    "count": 0,
    "updated": 1523636067
  },
  {
    "id": "c628280a-2e97-4798-8087-1045d37a6933",
    "data": [
      {
        "text": "say ",
        "userDefined": false
      },
      {
        "text": "it",
        "meta": "@sys.ignore",
        "userDefined": false
      },
      {
        "text": " again",
        "userDefined": false
      }
    ],
    "isTemplate": false,
    "count": 0,
    "updated": 1523636067
  },
  {
    "id": "e53fc26e-2d87-44d2-bad2-c5959ba67df0",
    "data": [
      {
        "text": "sorry",
        "userDefined": false
      }
    ],
    "isTemplate": false,
    "count": 0,
    "updated": 1523636067
  },
  {
    "id": "e6c74df0-8e29-45c4-a619-89f981297952",
    "data": [
      {
        "text": "repeat",
        "userDefined": false
      }
    ],
    "isTemplate": false,
    "count": 0,
    "updated": 1523636067
  },
  {
    "id": "2adfd58b-4304-4595-9d16-012c9c02f1f8",
    "data": [
      {
        "text": "please again",
        "userDefined": false
      }
    ],
    "isTemplate": false,
    "count": 0,
    "updated": 1523636067
  }
]